Date,Year,Month,Month_Number,Financial_Year,Region,Category,CPI_Index,MoM_Inflation,YoY_Inflation,Weight,Source
2020-01-01,2020,January,1,FY2019-20,National,Food & Non-Alcoholic Beverages,,,,,https://www.pbs.gov.pk/wp-content/uploads/2020/07/indices_and_growth_rates_historical-1.pdf (PBS historical indices; category unavailable)
2020-01-01,2020,January,1,FY2019-20,National,Alcoholic Beverages & Tobacco,,,,,https://www.pbs.gov.pk/wp-content/uploads/2020/07/indices_and_growth_rates_historical-1.pdf (PBS historical indices; category unavailable)
2020-01-01,2020,January,1,FY2019-20,National,Clothing & Footwear,,,,,https://www.pbs.gov.pk/wp-content/uploads/2020/07/indices_and_growth_rates_historical-1.pdf (PBS historical indices; category unavailable)
2020-01-01,2020,January,1,FY2019-20,National,"Housing, Water, Electricity, Gas & Fuels",,,,,https://www.pbs.gov.pk/wp-content/uploads/2020/07/indices_and_growth_rates_historical-1.pdf (PBS historical indices; category unavailable)
2020-01-01,2020,January,1,FY2019-20,National,Furnishing & Household Equipment Maintenance,,,,,https://www.pbs.gov.pk/wp-content/uploads/2020/07/indices_and_growth_rates_historical-1.pdf (PBS historical indices; category unavailable)
2020-01-01,2020,January,1,FY2019-20,National,Health,,,,,https://www.pbs.gov.pk/wp-content/uploads/2020/07/indices_and_growth_rates_historical-1.pdf (PBS historical indices; category unavailable)
2020-01-01,2020,January,1,FY2019-20,National,Transport,,,,,https://www.pbs.gov.pk/wp-content/uploads/2020/07/indices_and_growth_rates_historical-1.pdf (PBS historical indices; category unavailable)
2020-01-01,2020,January,1,FY2019-20,National,Communication,,,,,https://www.pbs.gov.pk/wp-content/uploads/2020/07/indices_and_growth_rates_historical-1.pdf (PBS historical indices; category unavailable)
2020-01-01,2020,January,1,FY2019-20,National,Recreation & Culture,,,,,https://www.pbs.gov.pk/wp-content/uploads/2020/07/indices_and_growth_rates_historical-1.pdf (PBS historical indices; category unavailable)
2020-01-01,2020,January,1,FY2019-20,National,Education,,,,,https://www.pbs.gov.pk/wp-content/uploads/2020/07/indices_and_growth_rates_historical-1.pdf (PBS historical indices; category unavailable)
2020-01-01,2020,January,1,FY2019-20,National,Restaurants & Hotels,,,,,https://www.pbs.gov.pk/wp-content/uploads/2020/07/indices_and_growth_rates_historical-1.pdf (PBS historical indices; category unavailable)
2020-01-01,2020,January,1,FY2019-20,National,Miscellaneous Goods & Services,,,,,https://www.pbs.gov.pk/wp-content/uploads/2020/07/indices_and_growth_rates_historical-1.pdf (PBS historical indices; category unavailable)
2020-01-01,2020,January,1,FY2019-20,Urban,Food & Non-Alcoholic Beverages,,,,,https://www.pbs.gov.pk/wp-content/uploads/2020/07/indices_and_growth_rates_historical-1.pdf (PBS historical indices; category unavailable)
2020-01-01,2020,January,1,FY2019-20,Urban,Alcoholic Beverages & Tobacco,,,,,https://www.pbs.gov.pk/wp-content/uploads/2020/07/indices_and_growth_rates_historical-1.pdf (PBS historical indices; category unavailable)
2020-01-01,2020,January,1,FY2019-20,Urban,Clothing & Footwear,,,,,https://www.pbs.gov.pk/wp-content/uploads/2020/07/indices_and_growth_rates_historical-1.pdf (PBS historical indices; category unavailable)
2020-01-01,2020,January,1,FY2019-20,Urban,"Housing, Water, Electricity, Gas & Fuels",,,,,https://www.pbs.gov.pk/wp-content/uploads/2020/07/indices_and_growth_rates_historical-1.pdf (PBS historical indices; category unavailable)
2020-01-01,2020,January,1,FY2019-20,Urban,Furnishing & Household Equipment Maintenance,,,,,https://www.pbs.gov.pk/wp-content/uploads/2020/07/indices_and_growth_rates_historical-1.pdf (PBS historical indices; category unavailable)
2020-01-01,2020,January,1,FY2019-20,Urban,Health,,,,,https://www.pbs.gov.pk/wp-content/uploads/2020/07/indices_and_growth_rates_historical-1.pdf (PBS historical indices; category unavailable)
2020-01-01,2020,January,1,FY2019-20,Urban,Transport,,,,,https://www.pbs.gov.pk/wp-content/uploads/2020/07/indices_and_growth_rates_historical-1.pdf (PBS historical indices; category unavailable)
2020-01-01,2020,January,1,FY2019-20,Urban,Communication,,,,,https://www.pbs.gov.pk/wp-content/uploads/2020/07/indices_and_growth_rates_historical-1.pdf (PBS historical indices; category unavailable)
2020-01-01,2020,January,1,FY2019-20,Urban,Recreation & Culture,,,,,https://www.pbs.gov.pk/wp-content/uploads/2020/07/indices_and_growth_rates_historical-1.pdf (PBS historical indices; category unavailable)
2020-01-01,2020,January,1,FY2019-20,Urban,Education,,,,,https://www.pbs.gov.pk/wp-content/uploads/2020/07/indices_and_growth_rates_historical-1.pdf (PBS historical indices; category unavailable)
2020-01-01,2020,January,1,FY2019-20,Urban,Restaurants & Hotels,,,,,https://www.pbs.gov.pk/wp-content/uploads/2020/07/indices_and_growth_rates_historical-1.pdf (PBS historical indices; category unavailable)
2020-01-01,2020,January,1,FY2019-20,Urban,Miscellaneous Goods & Services,,,,,https://www.pbs.gov.pk/wp-content/uploads/2020/07/indices_and_growth_rates_historical-1.pdf (PBS historical indices; category unavailable)
2020-01-01,2020,January,1,FY2019-20,Rural,Food & Non-Alcoholic Beverages,,,,,https://www.pbs.gov.pk/wp-content/uploads/2020/07/indices_and_growth_rates_historical-1.pdf (PBS historical indices; category unavailable)
2020-01-01,2020,January,1,FY2019-20,Rural,Alcoholic Beverages & Tobacco,,,,,https://www.pbs.gov.pk/wp-content/uploads/2020/07/indices_and_growth_rates_historical-1.pdf (PBS historical indices; category unavailable)
2020-01-01,2020,January,1,FY2019-20,Rural,Clothing & Footwear,,,,,https://www.pbs.gov.pk/wp-content/uploads/2020/07/indices_and_growth_rates_historical-1.pdf (PBS historical indices; category unavailable)
2020-01-01,2020,January,1,FY2019-20,Rural,"Housing, Water, Electricity, Gas & Fuels",,,,,https://www.pbs.gov.pk/wp-content/uploads/2020/07/indices_and_growth_rates_historical-1.pdf (PBS historical indices; category unavailable)
2020-01-01,2020,January,1,FY2019-20,Rural,Furnishing & Household Equipment Maintenance,,,,,https://www.pbs.gov.pk/wp-content/uploads/2020/07/indices_and_growth_rates_historical-1.pdf (PBS historical indices; category unavailable)
2020-01-01,2020,January,1,FY2019-20,Rural,Health,,,,,https://www.pbs.gov.pk/wp-content/uploads/2020/07/indices_and_growth_rates_historical-1.pdf (PBS historical indices; category unavailable)
2020-01-01,2020,January,1,FY2019-20,Rural,Transport,,,,,https://www.pbs.gov.pk/wp-content/uploads/2020/07/indices_and_growth_rates_historical-1.pdf (PBS historical indices; category unavailable)
2020-01-01,2020,January,1,FY2019-20,Rural,Communication,,,,,https://www.pbs.gov.pk/wp-content/uploads/2020/07/indices_and_growth_rates_historical-1.pdf (PBS historical indices; category unavailable)
2020-01-01,2020,January,1,FY2019-20,Rural,Recreation & Culture,,,,,https://www.pbs.gov.pk/wp-content/uploads/2020/07/indices_and_growth_rates_historical-1.pdf (PBS historical indices; category unavailable)
2020-01-01,2020,January,1,FY2019-20,Rural,Education,,,,,https://www.pbs.gov.pk/wp-content/uploads/2020/07/indices_and_growth_rates_historical-1.pdf (PBS historical indices; category unavailable)
2020-01-01,2020,January,1,FY2019-20,Rural,Restaurants & Hotels,,,,,https://www.pbs.gov.pk/wp-content/uploads/2020/07/indices_and_growth_rates_historical-1.pdf (PBS historical indices; category unavailable)
2020-01-01,2020,January,1,FY2019-20,Rural,Miscellaneous Goods & Services,,,,,https://www.pbs.gov.pk/wp-content/uploads/2020/07/indices_and_growth_rates_historical-1.pdf (PBS historical indices; category unavailable)
2020-02-01,2020,February,2,FY2019-20,National,Food & Non-Alcoholic Beverages,,,,,https://www.pbs.gov.pk/wp-content/uploads/2020/07/indices_and_growth_rates_historical-1.pdf (PBS historical indices; category unavailable)
2020-02-01,2020,February,2,FY2019-20,National,Alcoholic Beverages & Tobacco,,,,,https://www.pbs.gov.pk/wp-content/uploads/2020/07/indices_and_growth_rates_historical-1.pdf (PBS historical indices; category unavailable)
2020-02-01,2020,February,2,FY2019-20,National,Clothing & Footwear,,,,,https://www.pbs.gov.pk/wp-content/uploads/2020/07/indices_and_growth_rates_historical-1.pdf (PBS historical indices; category unavailable)
2020-02-01,2020,February,2,FY2019-20,National,"Housing, Water, Electricity, Gas & Fuels",,,,,https://www.pbs.gov.pk/wp-content/uploads/2020/07/indices_and_growth_rates_historical-1.pdf (PBS historical indices; category unavailable)
2020-02-01,2020,February,2,FY2019-20,National,Furnishing & Household Equipment Maintenance,,,,,https://www.pbs.gov.pk/wp-content/uploads/2020/07/indices_and_growth_rates_historical-1.pdf (PBS historical indices; category unavailable)
2020-02-01,2020,February,2,FY2019-20,National,Health,,,,,https://www.pbs.gov.pk/wp-content/uploads/2020/07/indices_and_growth_rates_historical-1.pdf (PBS historical indices; category unavailable)
2020-02-01,2020,February,2,FY2019-20,National,Transport,,,,,https://www.pbs.gov.pk/wp-content/uploads/2020/07/indices_and_growth_rates_historical-1.pdf (PBS historical indices; category unavailable)
2020-02-01,2020,February,2,FY2019-20,National,Communication,,,,,https://www.pbs.gov.pk/wp-content/uploads/2020/07/indices_and_growth_rates_historical-1.pdf (PBS historical indices; category unavailable)
2020-02-01,2020,February,2,FY2019-20,National,Recreation & Culture,,,,,https://www.pbs.gov.pk/wp-content/uploads/2020/07/indices_and_growth_rates_historical-1.pdf (PBS historical indices; category unavailable)
2020-02-01,2020,February,2,FY2019-20,National,Education,,,,,https://www.pbs.gov.pk/wp-content/uploads/2020/07/indices_and_growth_rates_historical-1.pdf (PBS historical indices; category unavailable)
2020-02-01,2020,February,2,FY2019-20,National,Restaurants & Hotels,,,,,https://www.pbs.gov.pk/wp-content/uploads/2020/07/indices_and_growth_rates_historical-1.pdf (PBS historical indices; category unavailable)
2020-02-01,2020,February,2,FY2019-20,National,Miscellaneous Goods & Services,,,,,https://www.pbs.gov.pk/wp-content/uploads/2020/07/indices_and_growth_rates_historical-1.pdf (PBS historical indices; category unavailable)
2020-02-01,2020,February,2,FY2019-20,Urban,Food & Non-Alcoholic Beverages,,,,,https://www.pbs.gov.pk/wp-content/uploads/2020/07/indices_and_growth_rates_historical-1.pdf (PBS historical indices; category unavailable)
2020-02-01,2020,February,2,FY2019-20,Urban,Alcoholic Beverages & Tobacco,,,,,https://www.pbs.gov.pk/wp-content/uploads/2020/07/indices_and_growth_rates_historical-1.pdf (PBS historical indices; category unavailable)
2020-02-01,2020,February,2,FY2019-20,Urban,Clothing & Footwear,,,,,https://www.pbs.gov.pk/wp-content/uploads/2020/07/indices_and_growth_rates_historical-1.pdf (PBS historical indices; category unavailable)
2020-02-01,2020,February,2,FY2019-20,Urban,"Housing, Water, Electricity, Gas & Fuels",,,,,https://www.pbs.gov.pk/wp-content/uploads/2020/07/indices_and_growth_rates_historical-1.pdf (PBS historical indices; category unavailable)
2020-02-01,2020,February,2,FY2019-20,Urban,Furnishing & Household Equipment Maintenance,,,,,https://www.pbs.gov.pk/wp-content/uploads/2020/07/indices_and_growth_rates_historical-1.pdf (PBS historical indices; category unavailable)
2020-02-01,2020,February,2,FY2019-20,Urban,Health,,,,,https://www.pbs.gov.pk/wp-content/uploads/2020/07/indices_and_growth_rates_historical-1.pdf (PBS historical indices; category unavailable)
2020-02-01,2020,February,2,FY2019-20,Urban,Transport,,,,,https://www.pbs.gov.pk/wp-content/uploads/2020/07/indices_and_growth_rates_historical-1.pdf (PBS historical indices; category unavailable)
2020-02-01,2020,February,2,FY2019-20,Urban,Communication,,,,,https://www.pbs.gov.pk/wp-content/uploads/2020/07/indices_and_growth_rates_historical-1.pdf (PBS historical indices; category unavailable)
2020-02-01,2020,February,2,FY2019-20,Urban,Recreation & Culture,,,,,https://www.pbs.gov.pk/wp-content/uploads/2020/07/indices_and_growth_rates_historical-1.pdf (PBS historical indices; category unavailable)
2020-02-01,2020,February,2,FY2019-20,Urban,Education,,,,,https://www.pbs.gov.pk/wp-content/uploads/2020/07/indices_and_growth_rates_historical-1.pdf (PBS historical indices; category unavailable)
2020-02-01,2020,February,2,FY2019-20,Urban,Restaurants & Hotels,,,,,https://www.pbs.gov.pk/wp-content/uploads/2020/07/indices_and_growth_rates_historical-1.pdf (PBS historical indices; category unavailable)
2020-02-01,2020,February,2,FY2019-20,Urban,Miscellaneous Goods & Services,,,,,https://www.pbs.gov.pk/wp-content/uploads/2020/07/indices_and_growth_rates_historical-1.pdf (PBS historical indices; category unavailable)
2020-02-01,2020,February,2,FY2019-20,Rural,Food & Non-Alcoholic Beverages,,,,,https://www.pbs.gov.pk/wp-content/uploads/2020/07/indices_and_growth_rates_historical-1.pdf (PBS historical indices; category unavailable)
2020-02-01,2020,February,2,FY2019-20,Rural,Alcoholic Beverages & Tobacco,,,,,https://www.pbs.gov.pk/wp-content/uploads/2020/07/indices_and_growth_rates_historical-1.pdf (PBS historical indices; category unavailable)
2020-02-01,2020,February,2,FY2019-20,Rural,Clothing & Footwear,,,,,https://www.pbs.gov.pk/wp-content/uploads/2020/07/indices_and_growth_rates_historical-1.pdf (PBS historical indices; category unavailable)
2020-02-01,2020,February,2,FY2019-20,Rural,"Housing, Water, Electricity, Gas & Fuels",,,,,https://www.pbs.gov.pk/wp-content/uploads/2020/07/indices_and_growth_rates_historical-1.pdf (PBS historical indices; category unavailable)
2020-02-01,2020,February,2,FY2019-20,Rural,Furnishing & Household Equipment Maintenance,,,,,https://www.pbs.gov.pk/wp-content/uploads/2020/07/indices_and_growth_rates_historical-1.pdf (PBS historical indices; category unavailable)
2020-02-01,2020,February,2,FY2019-20,Rural,Health,,,,,https://www.pbs.gov.pk/wp-content/uploads/2020/07/indices_and_growth_rates_historical-1.pdf (PBS historical indices; category unavailable)
2020-02-01,2020,February,2,FY2019-20,Rural,Transport,,,,,https://www.pbs.gov.pk/wp-content/uploads/2020/07/indices_and_growth_rates_historical-1.pdf (PBS historical indices; category unavailable)
2020-02-01,2020,February,2,FY2019-20,Rural,Communication,,,,,https://www.pbs.gov.pk/wp-content/uploads/2020/07/indices_and_growth_rates_historical-1.pdf (PBS historical indices; category unavailable)
2020-02-01,2020,February,2,FY2019-20,Rural,Recreation & Culture,,,,,https://www.pbs.gov.pk/wp-content/uploads/2020/07/indices_and_growth_rates_historical-1.pdf (PBS historical indices; category unavailable)
2020-02-01,2020,February,2,FY2019-20,Rural,Education,,,,,https://www.pbs.gov.pk/wp-content/uploads/2020/07/indices_and_growth_rates_historical-1.pdf (PBS historical indices; category unavailable)
2020-02-01,2020,February,2,FY2019-20,Rural,Restaurants & Hotels,,,,,https://www.pbs.gov.pk/wp-content/uploads/2020/07/indices_and_growth_rates_historical-1.pdf (PBS historical indices; category unavailable)
2020-02-01,2020,February,2,FY2019-20,Rural,Miscellaneous Goods & Services,,,,,https://www.pbs.gov.pk/wp-content/uploads/2020/07/indices_and_growth_rates_historical-1.pdf (PBS historical indices; category unavailable)
2020-03-01,2020,March,3,FY2019-20,National,Food & Non-Alcoholic Beverages,,,,,https://www.pbs.gov.pk/wp-content/uploads/2020/07/indices_and_growth_rates_historical-1.pdf (PBS historical indices; category unavailable)
2020-03-01,2020,March,3,FY2019-20,National,Alcoholic Beverages & Tobacco,,,,,https://www.pbs.gov.pk/wp-content/uploads/2020/07/indices_and_growth_rates_historical-1.pdf (PBS historical indices; category unavailable)
2020-03-01,2020,March,3,FY2019-20,National,Clothing & Footwear,,,,,https://www.pbs.gov.pk/wp-content/uploads/2020/07/indices_and_growth_rates_historical-1.pdf (PBS historical indices; category unavailable)
2020-03-01,2020,March,3,FY2019-20,National,"Housing, Water, Electricity, Gas & Fuels",,,,,https://www.pbs.gov.pk/wp-content/uploads/2020/07/indices_and_growth_rates_historical-1.pdf (PBS historical indices; category unavailable)
2020-03-01,2020,March,3,FY2019-20,National,Furnishing & Household Equipment Maintenance,,,,,https://www.pbs.gov.pk/wp-content/uploads/2020/07/indices_and_growth_rates_historical-1.pdf (PBS historical indices; category unavailable)
2020-03-01,2020,March,3,FY2019-20,National,Health,,,,,https://www.pbs.gov.pk/wp-content/uploads/2020/07/indices_and_growth_rates_historical-1.pdf (PBS historical indices; category unavailable)
2020-03-01,2020,March,3,FY2019-20,National,Transport,,,,,https://www.pbs.gov.pk/wp-content/uploads/2020/07/indices_and_growth_rates_historical-1.pdf (PBS historical indices; category unavailable)
2020-03-01,2020,March,3,FY2019-20,National,Communication,,,,,https://www.pbs.gov.pk/wp-content/uploads/2020/07/indices_and_growth_rates_historical-1.pdf (PBS historical indices; category unavailable)
2020-03-01,2020,March,3,FY2019-20,National,Recreation & Culture,,,,,https://www.pbs.gov.pk/wp-content/uploads/2020/07/indices_and_growth_rates_historical-1.pdf (PBS historical indices; category unavailable)
2020-03-01,2020,March,3,FY2019-20,National,Education,,,,,https://www.pbs.gov.pk/wp-content/uploads/2020/07/indices_and_growth_rates_historical-1.pdf (PBS historical indices; category unavailable)
2020-03-01,2020,March,3,FY2019-20,National,Restaurants & Hotels,,,,,https://www.pbs.gov.pk/wp-content/uploads/2020/07/indices_and_growth_rates_historical-1.pdf (PBS historical indices; category unavailable)
2020-03-01,2020,March,3,FY2019-20,National,Miscellaneous Goods & Services,,,,,https://www.pbs.gov.pk/wp-content/uploads/2020/07/indices_and_growth_rates_historical-1.pdf (PBS historical indices; category unavailable)
2020-03-01,2020,March,3,FY2019-20,Urban,Food & Non-Alcoholic Beverages,,,,,https://www.pbs.gov.pk/wp-content/uploads/2020/07/indices_and_growth_rates_historical-1.pdf (PBS historical indices; category unavailable)
2020-03-01,2020,March,3,FY2019-20,Urban,Alcoholic Beverages & Tobacco,,,,,https://www.pbs.gov.pk/wp-content/uploads/2020/07/indices_and_growth_rates_historical-1.pdf (PBS historical indices; category unavailable)
2020-03-01,2020,March,3,FY2019-20,Urban,Clothing & Footwear,,,,,https://www.pbs.gov.pk/wp-content/uploads/2020/07/indices_and_growth_rates_historical-1.pdf (PBS historical indices; category unavailable)
2020-03-01,2020,March,3,FY2019-20,Urban,"Housing, Water, Electricity, Gas & Fuels",,,,,https://www.pbs.gov.pk/wp-content/uploads/2020/07/indices_and_growth_rates_historical-1.pdf (PBS historical indices; category unavailable)
2020-03-01,2020,March,3,FY2019-20,Urban,Furnishing & Household Equipment Maintenance,,,,,https://www.pbs.gov.pk/wp-content/uploads/2020/07/indices_and_growth_rates_historical-1.pdf (PBS historical indices; category unavailable)
2020-03-01,2020,March,3,FY2019-20,Urban,Health,,,,,https://www.pbs.gov.pk/wp-content/uploads/2020/07/indices_and_growth_rates_historical-1.pdf (PBS historical indices; category unavailable)
2020-03-01,2020,March,3,FY2019-20,Urban,Transport,,,,,https://www.pbs.gov.pk/wp-content/uploads/2020/07/indices_and_growth_rates_historical-1.pdf (PBS historical indices; category unavailable)
2020-03-01,2020,March,3,FY2019-20,Urban,Communication,,,,,https://www.pbs.gov.pk/wp-content/uploads/2020/07/indices_and_growth_rates_historical-1.pdf (PBS historical indices; category unavailable)
2020-03-01,2020,March,3,FY2019-20,Urban,Recreation & Culture,,,,,https://www.pbs.gov.pk/wp-content/uploads/2020/07/indices_and_growth_rates_historical-1.pdf (PBS historical indices; category unavailable)
2020-03-01,2020,March,3,FY2019-20,Urban,Education,,,,,https://www.pbs.gov.pk/wp-content/uploads/2020/07/indices_and_growth_rates_historical-1.pdf (PBS historical indices; category unavailable)
2020-03-01,2020,March,3,FY2019-20,Urban,Restaurants & Hotels,,,,,https://www.pbs.gov.pk/wp-content/uploads/2020/07/indices_and_growth_rates_historical-1.pdf (PBS historical indices; category unavailable)
2020-03-01,2020,March,3,FY2019-20,Urban,Miscellaneous Goods & Services,,,,,https://www.pbs.gov.pk/wp-content/uploads/2020/07/indices_and_growth_rates_historical-1.pdf (PBS historical indices; category unavailable)
2020-03-01,2020,March,3,FY2019-20,Rural,Food & Non-Alcoholic Beverages,,,,,https://www.pbs.gov.pk/wp-content/uploads/2020/07/indices_and_growth_rates_historical-1.pdf (PBS historical indices; category unavailable)
2020-03-01,2020,March,3,FY2019-20,Rural,Alcoholic Beverages & Tobacco,,,,,https://www.pbs.gov.pk/wp-content/uploads/2020/07/indices_and_growth_rates_historical-1.pdf (PBS historical indices; category unavailable)
2020-03-01,2020,March,3,FY2019-20,Rural,Clothing & Footwear,,,,,https://www.pbs.gov.pk/wp-content/uploads/2020/07/indices_and_growth_rates_historical-1.pdf (PBS historical indices; category unavailable)
2020-03-01,2020,March,3,FY2019-20,Rural,"Housing, Water, Electricity, Gas & Fuels",,,,,https://www.pbs.gov.pk/wp-content/uploads/2020/07/indices_and_growth_rates_historical-1.pdf (PBS historical indices; category unavailable)
2020-03-01,2020,March,3,FY2019-20,Rural,Furnishing & Household Equipment Maintenance,,,,,https://www.pbs.gov.pk/wp-content/uploads/2020/07/indices_and_growth_rates_historical-1.pdf (PBS historical indices; category unavailable)
2020-03-01,2020,March,3,FY2019-20,Rural,Health,,,,,https://www.pbs.gov.pk/wp-content/uploads/2020/07/indices_and_growth_rates_historical-1.pdf (PBS historical indices; category unavailable)
2020-03-01,2020,March,3,FY2019-20,Rural,Transport,,,,,https://www.pbs.gov.pk/wp-content/uploads/2020/07/indices_and_growth_rates_historical-1.pdf (PBS historical indices; category unavailable)
2020-03-01,2020,March,3,FY2019-20,Rural,Communication,,,,,https://www.pbs.gov.pk/wp-content/uploads/2020/07/indices_and_growth_rates_historical-1.pdf (PBS historical indices; category unavailable)
2020-03-01,2020,March,3,FY2019-20,Rural,Recreation & Culture,,,,,https://www.pbs.gov.pk/wp-content/uploads/2020/07/indices_and_growth_rates_historical-1.pdf (PBS historical indices; category unavailable)
2020-03-01,2020,March,3,FY2019-20,Rural,Education,,,,,https://www.pbs.gov.pk/wp-content/uploads/2020/07/indices_and_growth_rates_historical-1.pdf (PBS historical indices; category unavailable)
2020-03-01,2020,March,3,FY2019-20,Rural,Restaurants & Hotels,,,,,https://www.pbs.gov.pk/wp-content/uploads/2020/07/indices_and_growth_rates_historical-1.pdf (PBS historical indices; category unavailable)
2020-03-01,2020,March,3,FY2019-20,Rural,Miscellaneous Goods & Services,,,,,https://www.pbs.gov.pk/wp-content/uploads/2020/07/indices_and_growth_rates_historical-1.pdf (PBS historical indices; category unavailable)
2020-04-01,2020,April,4,FY2019-20,National,Food & Non-Alcoholic Beverages,,,,,https://www.pbs.gov.pk/wp-content/uploads/2020/07/indices_and_growth_rates_historical-1.pdf (PBS historical indices; category unavailable)
2020-04-01,2020,April,4,FY2019-20,National,Alcoholic Beverages & Tobacco,,,,,https://www.pbs.gov.pk/wp-content/uploads/2020/07/indices_and_growth_rates_historical-1.pdf (PBS historical indices; category unavailable)
2020-04-01,2020,April,4,FY2019-20,National,Clothing & Footwear,,,,,https://www.pbs.gov.pk/wp-content/uploads/2020/07/indices_and_growth_rates_historical-1.pdf (PBS historical indices; category unavailable)
2020-04-01,2020,April,4,FY2019-20,National,"Housing, Water, Electricity, Gas & Fuels",,,,,https://www.pbs.gov.pk/wp-content/uploads/2020/07/indices_and_growth_rates_historical-1.pdf (PBS historical indices; category unavailable)
2020-04-01,2020,April,4,FY2019-20,National,Furnishing & Household Equipment Maintenance,,,,,https://www.pbs.gov.pk/wp-content/uploads/2020/07/indices_and_growth_rates_historical-1.pdf (PBS historical indices; category unavailable)
2020-04-01,2020,April,4,FY2019-20,National,Health,,,,,https://www.pbs.gov.pk/wp-content/uploads/2020/07/indices_and_growth_rates_historical-1.pdf (PBS historical indices; category unavailable)
2020-04-01,2020,April,4,FY2019-20,National,Transport,,,,,https://www.pbs.gov.pk/wp-content/uploads/2020/07/indices_and_growth_rates_historical-1.pdf (PBS historical indices; category unavailable)
2020-04-01,2020,April,4,FY2019-20,National,Communication,,,,,https://www.pbs.gov.pk/wp-content/uploads/2020/07/indices_and_growth_rates_historical-1.pdf (PBS historical indices; category unavailable)
2020-04-01,2020,April,4,FY2019-20,National,Recreation & Culture,,,,,https://www.pbs.gov.pk/wp-content/uploads/2020/07/indices_and_growth_rates_historical-1.pdf (PBS historical indices; category unavailable)
2020-04-01,2020,April,4,FY2019-20,National,Education,,,,,https://www.pbs.gov.pk/wp-content/uploads/2020/07/indices_and_growth_rates_historical-1.pdf (PBS historical indices; category unavailable)
2020-04-01,2020,April,4,FY2019-20,National,Restaurants & Hotels,,,,,https://www.pbs.gov.pk/wp-content/uploads/2020/07/indices_and_growth_rates_historical-1.pdf (PBS historical indices; category unavailable)
2020-04-01,2020,April,4,FY2019-20,National,Miscellaneous Goods & Services,,,,,https://www.pbs.gov.pk/wp-content/uploads/2020/07/indices_and_growth_rates_historical-1.pdf (PBS historical indices; category unavailable)
2020-04-01,2020,April,4,FY2019-20,Urban,Food & Non-Alcoholic Beverages,,,,,https://www.pbs.gov.pk/wp-content/uploads/2020/07/indices_and_growth_rates_historical-1.pdf (PBS historical indices; category unavailable)
2020-04-01,2020,April,4,FY2019-20,Urban,Alcoholic Beverages & Tobacco,,,,,https://www.pbs.gov.pk/wp-content/uploads/2020/07/indices_and_growth_rates_historical-1.pdf (PBS historical indices; category unavailable)
2020-04-01,2020,April,4,FY2019-20,Urban,Clothing & Footwear,,,,,https://www.pbs.gov.pk/wp-content/uploads/2020/07/indices_and_growth_rates_historical-1.pdf (PBS historical indices; category unavailable)
2020-04-01,2020,April,4,FY2019-20,Urban,"Housing, Water, Electricity, Gas & Fuels",,,,,https://www.pbs.gov.pk/wp-content/uploads/2020/07/indices_and_growth_rates_historical-1.pdf (PBS historical indices; category unavailable)
2020-04-01,2020,April,4,FY2019-20,Urban,Furnishing & Household Equipment Maintenance,,,,,https://www.pbs.gov.pk/wp-content/uploads/2020/07/indices_and_growth_rates_historical-1.pdf (PBS historical indices; category unavailable)
2020-04-01,2020,April,4,FY2019-20,Urban,Health,,,,,https://www.pbs.gov.pk/wp-content/uploads/2020/07/indices_and_growth_rates_historical-1.pdf (PBS historical indices; category unavailable)
2020-04-01,2020,April,4,FY2019-20,Urban,Transport,,,,,https://www.pbs.gov.pk/wp-content/uploads/2020/07/indices_and_growth_rates_historical-1.pdf (PBS historical indices; category unavailable)
2020-04-01,2020,April,4,FY2019-20,Urban,Communication,,,,,https://www.pbs.gov.pk/wp-content/uploads/2020/07/indices_and_growth_rates_historical-1.pdf (PBS historical indices; category unavailable)
2020-04-01,2020,April,4,FY2019-20,Urban,Recreation & Culture,,,,,https://www.pbs.gov.pk/wp-content/uploads/2020/07/indices_and_growth_rates_historical-1.pdf (PBS historical indices; category unavailable)
2020-04-01,2020,April,4,FY2019-20,Urban,Education,,,,,https://www.pbs.gov.pk/wp-content/uploads/2020/07/indices_and_growth_rates_historical-1.pdf (PBS historical indices; category unavailable)
2020-04-01,2020,April,4,FY2019-20,Urban,Restaurants & Hotels,,,,,https://www.pbs.gov.pk/wp-content/uploads/2020/07/indices_and_growth_rates_historical-1.pdf (PBS historical indices; category unavailable)
2020-04-01,2020,April,4,FY2019-20,Urban,Miscellaneous Goods & Services,,,,,https://www.pbs.gov.pk/wp-content/uploads/2020/07/indices_and_growth_rates_historical-1.pdf (PBS historical indices; category unavailable)
2020-04-01,2020,April,4,FY2019-20,Rural,Food & Non-Alcoholic Beverages,,,,,https://www.pbs.gov.pk/wp-content/uploads/2020/07/indices_and_growth_rates_historical-1.pdf (PBS historical indices; category unavailable)
2020-04-01,2020,April,4,FY2019-20,Rural,Alcoholic Beverages & Tobacco,,,,,https://www.pbs.gov.pk/wp-content/uploads/2020/07/indices_and_growth_rates_historical-1.pdf (PBS historical indices; category unavailable)
2020-04-01,2020,April,4,FY2019-20,Rural,Clothing & Footwear,,,,,https://www.pbs.gov.pk/wp-content/uploads/2020/07/indices_and_growth_rates_historical-1.pdf (PBS historical indices; category unavailable)
2020-04-01,2020,April,4,FY2019-20,Rural,"Housing, Water, Electricity, Gas & Fuels",,,,,https://www.pbs.gov.pk/wp-content/uploads/2020/07/indices_and_growth_rates_historical-1.pdf (PBS historical indices; category unavailable)
2020-04-01,2020,April,4,FY2019-20,Rural,Furnishing & Household Equipment Maintenance,,,,,https://www.pbs.gov.pk/wp-content/uploads/2020/07/indices_and_growth_rates_historical-1.pdf (PBS historical indices; category unavailable)
2020-04-01,2020,April,4,FY2019-20,Rural,Health,,,,,https://www.pbs.gov.pk/wp-content/uploads/2020/07/indices_and_growth_rates_historical-1.pdf (PBS historical indices; category unavailable)
2020-04-01,2020,April,4,FY2019-20,Rural,Transport,,,,,https://www.pbs.gov.pk/wp-content/uploads/2020/07/indices_and_growth_rates_historical-1.pdf (PBS historical indices; category unavailable)
2020-04-01,2020,April,4,FY2019-20,Rural,Communication,,,,,https://www.pbs.gov.pk/wp-content/uploads/2020/07/indices_and_growth_rates_historical-1.pdf (PBS historical indices; category unavailable)
2020-04-01,2020,April,4,FY2019-20,Rural,Recreation & Culture,,,,,https://www.pbs.gov.pk/wp-content/uploads/2020/07/indices_and_growth_rates_historical-1.pdf (PBS historical indices; category unavailable)
2020-04-01,2020,April,4,FY2019-20,Rural,Education,,,,,https://www.pbs.gov.pk/wp-content/uploads/2020/07/indices_and_growth_rates_historical-1.pdf (PBS historical indices; category unavailable)
2020-04-01,2020,April,4,FY2019-20,Rural,Restaurants & Hotels,,,,,https://www.pbs.gov.pk/wp-content/uploads/2020/07/indices_and_growth_rates_historical-1.pdf (PBS historical indices; category unavailable)
2020-04-01,2020,April,4,FY2019-20,Rural,Miscellaneous Goods & Services,,,,,https://www.pbs.gov.pk/wp-content/uploads/2020/07/indices_and_growth_rates_historical-1.pdf (PBS historical indices; category unavailable)
2020-05-01,2020,May,5,FY2019-20,National,Food & Non-Alcoholic Beverages,,,,,https://www.pbs.gov.pk/wp-content/uploads/2020/07/indices_and_growth_rates_historical-1.pdf (PBS historical indices; category unavailable)
2020-05-01,2020,May,5,FY2019-20,National,Alcoholic Beverages & Tobacco,,,,,https://www.pbs.gov.pk/wp-content/uploads/2020/07/indices_and_growth_rates_historical-1.pdf (PBS historical indices; category unavailable)
2020-05-01,2020,May,5,FY2019-20,National,Clothing & Footwear,,,,,https://www.pbs.gov.pk/wp-content/uploads/2020/07/indices_and_growth_rates_historical-1.pdf (PBS historical indices; category unavailable)
2020-05-01,2020,May,5,FY2019-20,National,"Housing, Water, Electricity, Gas & Fuels",,,,,https://www.pbs.gov.pk/wp-content/uploads/2020/07/indices_and_growth_rates_historical-1.pdf (PBS historical indices; category unavailable)
2020-05-01,2020,May,5,FY2019-20,National,Furnishing & Household Equipment Maintenance,,,,,https://www.pbs.gov.pk/wp-content/uploads/2020/07/indices_and_growth_rates_historical-1.pdf (PBS historical indices; category unavailable)
2020-05-01,2020,May,5,FY2019-20,National,Health,,,,,https://www.pbs.gov.pk/wp-content/uploads/2020/07/indices_and_growth_rates_historical-1.pdf (PBS historical indices; category unavailable)
2020-05-01,2020,May,5,FY2019-20,National,Transport,,,,,https://www.pbs.gov.pk/wp-content/uploads/2020/07/indices_and_growth_rates_historical-1.pdf (PBS historical indices; category unavailable)
2020-05-01,2020,May,5,FY2019-20,National,Communication,,,,,https://www.pbs.gov.pk/wp-content/uploads/2020/07/indices_and_growth_rates_historical-1.pdf (PBS historical indices; category unavailable)
2020-05-01,2020,May,5,FY2019-20,National,Recreation & Culture,,,,,https://www.pbs.gov.pk/wp-content/uploads/2020/07/indices_and_growth_rates_historical-1.pdf (PBS historical indices; category unavailable)
2020-05-01,2020,May,5,FY2019-20,National,Education,,,,,https://www.pbs.gov.pk/wp-content/uploads/2020/07/indices_and_growth_rates_historical-1.pdf (PBS historical indices; category unavailable)
2020-05-01,2020,May,5,FY2019-20,National,Restaurants & Hotels,,,,,https://www.pbs.gov.pk/wp-content/uploads/2020/07/indices_and_growth_rates_historical-1.pdf (PBS historical indices; category unavailable)
2020-05-01,2020,May,5,FY2019-20,National,Miscellaneous Goods & Services,,,,,https://www.pbs.gov.pk/wp-content/uploads/2020/07/indices_and_growth_rates_historical-1.pdf (PBS historical indices; category unavailable)
2020-05-01,2020,May,5,FY2019-20,Urban,Food & Non-Alcoholic Beverages,,,,,https://www.pbs.gov.pk/wp-content/uploads/2020/07/indices_and_growth_rates_historical-1.pdf (PBS historical indices; category unavailable)
2020-05-01,2020,May,5,FY2019-20,Urban,Alcoholic Beverages & Tobacco,,,,,https://www.pbs.gov.pk/wp-content/uploads/2020/07/indices_and_growth_rates_historical-1.pdf (PBS historical indices; category unavailable)
2020-05-01,2020,May,5,FY2019-20,Urban,Clothing & Footwear,,,,,https://www.pbs.gov.pk/wp-content/uploads/2020/07/indices_and_growth_rates_historical-1.pdf (PBS historical indices; category unavailable)
2020-05-01,2020,May,5,FY2019-20,Urban,"Housing, Water, Electricity, Gas & Fuels",,,,,https://www.pbs.gov.pk/wp-content/uploads/2020/07/indices_and_growth_rates_historical-1.pdf (PBS historical indices; category unavailable)
2020-05-01,2020,May,5,FY2019-20,Urban,Furnishing & Household Equipment Maintenance,,,,,https://www.pbs.gov.pk/wp-content/uploads/2020/07/indices_and_growth_rates_historical-1.pdf (PBS historical indices; category unavailable)
2020-05-01,2020,May,5,FY2019-20,Urban,Health,,,,,https://www.pbs.gov.pk/wp-content/uploads/2020/07/indices_and_growth_rates_historical-1.pdf (PBS historical indices; category unavailable)
2020-05-01,2020,May,5,FY2019-20,Urban,Transport,,,,,https://www.pbs.gov.pk/wp-content/uploads/2020/07/indices_and_growth_rates_historical-1.pdf (PBS historical indices; category unavailable)
2020-05-01,2020,May,5,FY2019-20,Urban,Communication,,,,,https://www.pbs.gov.pk/wp-content/uploads/2020/07/indices_and_growth_rates_historical-1.pdf (PBS historical indices; category unavailable)
2020-05-01,2020,May,5,FY2019-20,Urban,Recreation & Culture,,,,,https://www.pbs.gov.pk/wp-content/uploads/2020/07/indices_and_growth_rates_historical-1.pdf (PBS historical indices; category unavailable)
2020-05-01,2020,May,5,FY2019-20,Urban,Education,,,,,https://www.pbs.gov.pk/wp-content/uploads/2020/07/indices_and_growth_rates_historical-1.pdf (PBS historical indices; category unavailable)
2020-05-01,2020,May,5,FY2019-20,Urban,Restaurants & Hotels,,,,,https://www.pbs.gov.pk/wp-content/uploads/2020/07/indices_and_growth_rates_historical-1.pdf (PBS historical indices; category unavailable)
2020-05-01,2020,May,5,FY2019-20,Urban,Miscellaneous Goods & Services,,,,,https://www.pbs.gov.pk/wp-content/uploads/2020/07/indices_and_growth_rates_historical-1.pdf (PBS historical indices; category unavailable)
2020-05-01,2020,May,5,FY2019-20,Rural,Food & Non-Alcoholic Beverages,,,,,https://www.pbs.gov.pk/wp-content/uploads/2020/07/indices_and_growth_rates_historical-1.pdf (PBS historical indices; category unavailable)
2020-05-01,2020,May,5,FY2019-20,Rural,Alcoholic Beverages & Tobacco,,,,,https://www.pbs.gov.pk/wp-content/uploads/2020/07/indices_and_growth_rates_historical-1.pdf (PBS historical indices; category unavailable)
2020-05-01,2020,May,5,FY2019-20,Rural,Clothing & Footwear,,,,,https://www.pbs.gov.pk/wp-content/uploads/2020/07/indices_and_growth_rates_historical-1.pdf (PBS historical indices; category unavailable)
2020-05-01,2020,May,5,FY2019-20,Rural,"Housing, Water, Electricity, Gas & Fuels",,,,,https://www.pbs.gov.pk/wp-content/uploads/2020/07/indices_and_growth_rates_historical-1.pdf (PBS historical indices; category unavailable)
2020-05-01,2020,May,5,FY2019-20,Rural,Furnishing & Household Equipment Maintenance,,,,,https://www.pbs.gov.pk/wp-content/uploads/2020/07/indices_and_growth_rates_historical-1.pdf (PBS historical indices; category unavailable)
2020-05-01,2020,May,5,FY2019-20,Rural,Health,,,,,https://www.pbs.gov.pk/wp-content/uploads/2020/07/indices_and_growth_rates_historical-1.pdf (PBS historical indices; category unavailable)
2020-05-01,2020,May,5,FY2019-20,Rural,Transport,,,,,https://www.pbs.gov.pk/wp-content/uploads/2020/07/indices_and_growth_rates_historical-1.pdf (PBS historical indices; category unavailable)
2020-05-01,2020,May,5,FY2019-20,Rural,Communication,,,,,https://www.pbs.gov.pk/wp-content/uploads/2020/07/indices_and_growth_rates_historical-1.pdf (PBS historical indices; category unavailable)
2020-05-01,2020,May,5,FY2019-20,Rural,Recreation & Culture,,,,,https://www.pbs.gov.pk/wp-content/uploads/2020/07/indices_and_growth_rates_historical-1.pdf (PBS historical indices; category unavailable)
2020-05-01,2020,May,5,FY2019-20,Rural,Education,,,,,https://www.pbs.gov.pk/wp-content/uploads/2020/07/indices_and_growth_rates_historical-1.pdf (PBS historical indices; category unavailable)
2020-05-01,2020,May,5,FY2019-20,Rural,Restaurants & Hotels,,,,,https://www.pbs.gov.pk/wp-content/uploads/2020/07/indices_and_growth_rates_historical-1.pdf (PBS historical indices; category unavailable)
2020-05-01,2020,May,5,FY2019-20,Rural,Miscellaneous Goods & Services,,,,,https://www.pbs.gov.pk/wp-content/uploads/2020/07/indices_and_growth_rates_historical-1.pdf (PBS historical indices; category unavailable)
2020-06-01,2020,June,6,FY2019-20,National,Food & Non-Alcoholic Beverages,,,,,https://www.pbs.gov.pk/wp-content/uploads/2020/07/indices_and_growth_rates_historical-1.pdf (PBS historical indices; category unavailable)
2020-06-01,2020,June,6,FY2019-20,National,Alcoholic Beverages & Tobacco,,,,,https://www.pbs.gov.pk/wp-content/uploads/2020/07/indices_and_growth_rates_historical-1.pdf (PBS historical indices; category unavailable)
2020-06-01,2020,June,6,FY2019-20,National,Clothing & Footwear,,,,,https://www.pbs.gov.pk/wp-content/uploads/2020/07/indices_and_growth_rates_historical-1.pdf (PBS historical indices; category unavailable)
2020-06-01,2020,June,6,FY2019-20,National,"Housing, Water, Electricity, Gas & Fuels",,,,,https://www.pbs.gov.pk/wp-content/uploads/2020/07/indices_and_growth_rates_historical-1.pdf (PBS historical indices; category unavailable)
2020-06-01,2020,June,6,FY2019-20,National,Furnishing & Household Equipment Maintenance,,,,,https://www.pbs.gov.pk/wp-content/uploads/2020/07/indices_and_growth_rates_historical-1.pdf (PBS historical indices; category unavailable)
2020-06-01,2020,June,6,FY2019-20,National,Health,,,,,https://www.pbs.gov.pk/wp-content/uploads/2020/07/indices_and_growth_rates_historical-1.pdf (PBS historical indices; category unavailable)
2020-06-01,2020,June,6,FY2019-20,National,Transport,,,,,https://www.pbs.gov.pk/wp-content/uploads/2020/07/indices_and_growth_rates_historical-1.pdf (PBS historical indices; category unavailable)
2020-06-01,2020,June,6,FY2019-20,National,Communication,,,,,https://www.pbs.gov.pk/wp-content/uploads/2020/07/indices_and_growth_rates_historical-1.pdf (PBS historical indices; category unavailable)
2020-06-01,2020,June,6,FY2019-20,National,Recreation & Culture,,,,,https://www.pbs.gov.pk/wp-content/uploads/2020/07/indices_and_growth_rates_historical-1.pdf (PBS historical indices; category unavailable)
2020-06-01,2020,June,6,FY2019-20,National,Education,,,,,https://www.pbs.gov.pk/wp-content/uploads/2020/07/indices_and_growth_rates_historical-1.pdf (PBS historical indices; category unavailable)
2020-06-01,2020,June,6,FY2019-20,National,Restaurants & Hotels,,,,,https://www.pbs.gov.pk/wp-content/uploads/2020/07/indices_and_growth_rates_historical-1.pdf (PBS historical indices; category unavailable)
2020-06-01,2020,June,6,FY2019-20,National,Miscellaneous Goods & Services,,,,,https://www.pbs.gov.pk/wp-content/uploads/2020/07/indices_and_growth_rates_historical-1.pdf (PBS historical indices; category unavailable)
2020-06-01,2020,June,6,FY2019-20,Urban,Food & Non-Alcoholic Beverages,,,,,https://www.pbs.gov.pk/wp-content/uploads/2020/07/indices_and_growth_rates_historical-1.pdf (PBS historical indices; category unavailable)
2020-06-01,2020,June,6,FY2019-20,Urban,Alcoholic Beverages & Tobacco,,,,,https://www.pbs.gov.pk/wp-content/uploads/2020/07/indices_and_growth_rates_historical-1.pdf (PBS historical indices; category unavailable)
2020-06-01,2020,June,6,FY2019-20,Urban,Clothing & Footwear,,,,,https://www.pbs.gov.pk/wp-content/uploads/2020/07/indices_and_growth_rates_historical-1.pdf (PBS historical indices; category unavailable)
2020-06-01,2020,June,6,FY2019-20,Urban,"Housing, Water, Electricity, Gas & Fuels",,,,,https://www.pbs.gov.pk/wp-content/uploads/2020/07/indices_and_growth_rates_historical-1.pdf (PBS historical indices; category unavailable)
2020-06-01,2020,June,6,FY2019-20,Urban,Furnishing & Household Equipment Maintenance,,,,,https://www.pbs.gov.pk/wp-content/uploads/2020/07/indices_and_growth_rates_historical-1.pdf (PBS historical indices; category unavailable)
2020-06-01,2020,June,6,FY2019-20,Urban,Health,,,,,https://www.pbs.gov.pk/wp-content/uploads/2020/07/indices_and_growth_rates_historical-1.pdf (PBS historical indices; category unavailable)
2020-06-01,2020,June,6,FY2019-20,Urban,Transport,,,,,https://www.pbs.gov.pk/wp-content/uploads/2020/07/indices_and_growth_rates_historical-1.pdf (PBS historical indices; category unavailable)
2020-06-01,2020,June,6,FY2019-20,Urban,Communication,,,,,https://www.pbs.gov.pk/wp-content/uploads/2020/07/indices_and_growth_rates_historical-1.pdf (PBS historical indices; category unavailable)
2020-06-01,2020,June,6,FY2019-20,Urban,Recreation & Culture,,,,,https://www.pbs.gov.pk/wp-content/uploads/2020/07/indices_and_growth_rates_historical-1.pdf (PBS historical indices; category unavailable)
2020-06-01,2020,June,6,FY2019-20,Urban,Education,,,,,https://www.pbs.gov.pk/wp-content/uploads/2020/07/indices_and_growth_rates_historical-1.pdf (PBS historical indices; category unavailable)
2020-06-01,2020,June,6,FY2019-20,Urban,Restaurants & Hotels,,,,,https://www.pbs.gov.pk/wp-content/uploads/2020/07/indices_and_growth_rates_historical-1.pdf (PBS historical indices; category unavailable)
2020-06-01,2020,June,6,FY2019-20,Urban,Miscellaneous Goods & Services,,,,,https://www.pbs.gov.pk/wp-content/uploads/2020/07/indices_and_growth_rates_historical-1.pdf (PBS historical indices; category unavailable)
2020-06-01,2020,June,6,FY2019-20,Rural,Food & Non-Alcoholic Beverages,,,,,https://www.pbs.gov.pk/wp-content/uploads/2020/07/indices_and_growth_rates_historical-1.pdf (PBS historical indices; category unavailable)
2020-06-01,2020,June,6,FY2019-20,Rural,Alcoholic Beverages & Tobacco,,,,,https://www.pbs.gov.pk/wp-content/uploads/2020/07/indices_and_growth_rates_historical-1.pdf (PBS historical indices; category unavailable)
2020-06-01,2020,June,6,FY2019-20,Rural,Clothing & Footwear,,,,,https://www.pbs.gov.pk/wp-content/uploads/2020/07/indices_and_growth_rates_historical-1.pdf (PBS historical indices; category unavailable)
2020-06-01,2020,June,6,FY2019-20,Rural,"Housing, Water, Electricity, Gas & Fuels",,,,,https://www.pbs.gov.pk/wp-content/uploads/2020/07/indices_and_growth_rates_historical-1.pdf (PBS historical indices; category unavailable)
2020-06-01,2020,June,6,FY2019-20,Rural,Furnishing & Household Equipment Maintenance,,,,,https://www.pbs.gov.pk/wp-content/uploads/2020/07/indices_and_growth_rates_historical-1.pdf (PBS historical indices; category unavailable)
2020-06-01,2020,June,6,FY2019-20,Rural,Health,,,,,https://www.pbs.gov.pk/wp-content/uploads/2020/07/indices_and_growth_rates_historical-1.pdf (PBS historical indices; category unavailable)
2020-06-01,2020,June,6,FY2019-20,Rural,Transport,,,,,https://www.pbs.gov.pk/wp-content/uploads/2020/07/indices_and_growth_rates_historical-1.pdf (PBS historical indices; category unavailable)
2020-06-01,2020,June,6,FY2019-20,Rural,Communication,,,,,https://www.pbs.gov.pk/wp-content/uploads/2020/07/indices_and_growth_rates_historical-1.pdf (PBS historical indices; category unavailable)
2020-06-01,2020,June,6,FY2019-20,Rural,Recreation & Culture,,,,,https://www.pbs.gov.pk/wp-content/uploads/2020/07/indices_and_growth_rates_historical-1.pdf (PBS historical indices; category unavailable)
2020-06-01,2020,June,6,FY2019-20,Rural,Education,,,,,https://www.pbs.gov.pk/wp-content/uploads/2020/07/indices_and_growth_rates_historical-1.pdf (PBS historical indices; category unavailable)
2020-06-01,2020,June,6,FY2019-20,Rural,Restaurants & Hotels,,,,,https://www.pbs.gov.pk/wp-content/uploads/2020/07/indices_and_growth_rates_historical-1.pdf (PBS historical indices; category unavailable)
2020-06-01,2020,June,6,FY2019-20,Rural,Miscellaneous Goods & Services,,,,,https://www.pbs.gov.pk/wp-content/uploads/2020/07/indices_and_growth_rates_historical-1.pdf (PBS historical indices; category unavailable)
2020-07-01,2020,July,7,FY2020-21,National,Food & Non-Alcoholic Beverages,,,,,https://www.pbs.gov.pk/wp-content/uploads/2020/07/indices_and_growth_rates_historical-1.pdf (PBS historical indices; category unavailable)
2020-07-01,2020,July,7,FY2020-21,National,Alcoholic Beverages & Tobacco,,,,,https://www.pbs.gov.pk/wp-content/uploads/2020/07/indices_and_growth_rates_historical-1.pdf (PBS historical indices; category unavailable)
2020-07-01,2020,July,7,FY2020-21,National,Clothing & Footwear,,,,,https://www.pbs.gov.pk/wp-content/uploads/2020/07/indices_and_growth_rates_historical-1.pdf (PBS historical indices; category unavailable)
2020-07-01,2020,July,7,FY2020-21,National,"Housing, Water, Electricity, Gas & Fuels",,,,,https://www.pbs.gov.pk/wp-content/uploads/2020/07/indices_and_growth_rates_historical-1.pdf (PBS historical indices; category unavailable)
2020-07-01,2020,July,7,FY2020-21,National,Furnishing & Household Equipment Maintenance,,,,,https://www.pbs.gov.pk/wp-content/uploads/2020/07/indices_and_growth_rates_historical-1.pdf (PBS historical indices; category unavailable)
2020-07-01,2020,July,7,FY2020-21,National,Health,,,,,https://www.pbs.gov.pk/wp-content/uploads/2020/07/indices_and_growth_rates_historical-1.pdf (PBS historical indices; category unavailable)
2020-07-01,2020,July,7,FY2020-21,National,Transport,,,,,https://www.pbs.gov.pk/wp-content/uploads/2020/07/indices_and_growth_rates_historical-1.pdf (PBS historical indices; category unavailable)
2020-07-01,2020,July,7,FY2020-21,National,Communication,,,,,https://www.pbs.gov.pk/wp-content/uploads/2020/07/indices_and_growth_rates_historical-1.pdf (PBS historical indices; category unavailable)
2020-07-01,2020,July,7,FY2020-21,National,Recreation & Culture,,,,,https://www.pbs.gov.pk/wp-content/uploads/2020/07/indices_and_growth_rates_historical-1.pdf (PBS historical indices; category unavailable)
2020-07-01,2020,July,7,FY2020-21,National,Education,,,,,https://www.pbs.gov.pk/wp-content/uploads/2020/07/indices_and_growth_rates_historical-1.pdf (PBS historical indices; category unavailable)
2020-07-01,2020,July,7,FY2020-21,National,Restaurants & Hotels,,,,,https://www.pbs.gov.pk/wp-content/uploads/2020/07/indices_and_growth_rates_historical-1.pdf (PBS historical indices; category unavailable)
2020-07-01,2020,July,7,FY2020-21,National,Miscellaneous Goods & Services,,,,,https://www.pbs.gov.pk/wp-content/uploads/2020/07/indices_and_growth_rates_historical-1.pdf (PBS historical indices; category unavailable)
2020-07-01,2020,July,7,FY2020-21,Urban,Food & Non-Alcoholic Beverages,,,,,https://www.pbs.gov.pk/wp-content/uploads/2020/07/indices_and_growth_rates_historical-1.pdf (PBS historical indices; category unavailable)
2020-07-01,2020,July,7,FY2020-21,Urban,Alcoholic Beverages & Tobacco,,,,,https://www.pbs.gov.pk/wp-content/uploads/2020/07/indices_and_growth_rates_historical-1.pdf (PBS historical indices; category unavailable)
2020-07-01,2020,July,7,FY2020-21,Urban,Clothing & Footwear,,,,,https://www.pbs.gov.pk/wp-content/uploads/2020/07/indices_and_growth_rates_historical-1.pdf (PBS historical indices; category unavailable)
2020-07-01,2020,July,7,FY2020-21,Urban,"Housing, Water, Electricity, Gas & Fuels",,,,,https://www.pbs.gov.pk/wp-content/uploads/2020/07/indices_and_growth_rates_historical-1.pdf (PBS historical indices; category unavailable)
2020-07-01,2020,July,7,FY2020-21,Urban,Furnishing & Household Equipment Maintenance,,,,,https://www.pbs.gov.pk/wp-content/uploads/2020/07/indices_and_growth_rates_historical-1.pdf (PBS historical indices; category unavailable)
2020-07-01,2020,July,7,FY2020-21,Urban,Health,,,,,https://www.pbs.gov.pk/wp-content/uploads/2020/07/indices_and_growth_rates_historical-1.pdf (PBS historical indices; category unavailable)
2020-07-01,2020,July,7,FY2020-21,Urban,Transport,,,,,https://www.pbs.gov.pk/wp-content/uploads/2020/07/indices_and_growth_rates_historical-1.pdf (PBS historical indices; category unavailable)
2020-07-01,2020,July,7,FY2020-21,Urban,Communication,,,,,https://www.pbs.gov.pk/wp-content/uploads/2020/07/indices_and_growth_rates_historical-1.pdf (PBS historical indices; category unavailable)
2020-07-01,2020,July,7,FY2020-21,Urban,Recreation & Culture,,,,,https://www.pbs.gov.pk/wp-content/uploads/2020/07/indices_and_growth_rates_historical-1.pdf (PBS historical indices; category unavailable)
2020-07-01,2020,July,7,FY2020-21,Urban,Education,,,,,https://www.pbs.gov.pk/wp-content/uploads/2020/07/indices_and_growth_rates_historical-1.pdf (PBS historical indices; category unavailable)
2020-07-01,2020,July,7,FY2020-21,Urban,Restaurants & Hotels,,,,,https://www.pbs.gov.pk/wp-content/uploads/2020/07/indices_and_growth_rates_historical-1.pdf (PBS historical indices; category unavailable)
2020-07-01,2020,July,7,FY2020-21,Urban,Miscellaneous Goods & Services,,,,,https://www.pbs.gov.pk/wp-content/uploads/2020/07/indices_and_growth_rates_historical-1.pdf (PBS historical indices; category unavailable)
2020-07-01,2020,July,7,FY2020-21,Rural,Food & Non-Alcoholic Beverages,,,,,https://www.pbs.gov.pk/wp-content/uploads/2020/07/indices_and_growth_rates_historical-1.pdf (PBS historical indices; category unavailable)
2020-07-01,2020,July,7,FY2020-21,Rural,Alcoholic Beverages & Tobacco,,,,,https://www.pbs.gov.pk/wp-content/uploads/2020/07/indices_and_growth_rates_historical-1.pdf (PBS historical indices; category unavailable)
2020-07-01,2020,July,7,FY2020-21,Rural,Clothing & Footwear,,,,,https://www.pbs.gov.pk/wp-content/uploads/2020/07/indices_and_growth_rates_historical-1.pdf (PBS historical indices; category unavailable)
2020-07-01,2020,July,7,FY2020-21,Rural,"Housing, Water, Electricity, Gas & Fuels",,,,,https://www.pbs.gov.pk/wp-content/uploads/2020/07/indices_and_growth_rates_historical-1.pdf (PBS historical indices; category unavailable)
2020-07-01,2020,July,7,FY2020-21,Rural,Furnishing & Household Equipment Maintenance,,,,,https://www.pbs.gov.pk/wp-content/uploads/2020/07/indices_and_growth_rates_historical-1.pdf (PBS historical indices; category unavailable)
2020-07-01,2020,July,7,FY2020-21,Rural,Health,,,,,https://www.pbs.gov.pk/wp-content/uploads/2020/07/indices_and_growth_rates_historical-1.pdf (PBS historical indices; category unavailable)
2020-07-01,2020,July,7,FY2020-21,Rural,Transport,,,,,https://www.pbs.gov.pk/wp-content/uploads/2020/07/indices_and_growth_rates_historical-1.pdf (PBS historical indices; category unavailable)
2020-07-01,2020,July,7,FY2020-21,Rural,Communication,,,,,https://www.pbs.gov.pk/wp-content/uploads/2020/07/indices_and_growth_rates_historical-1.pdf (PBS historical indices; category unavailable)
2020-07-01,2020,July,7,FY2020-21,Rural,Recreation & Culture,,,,,https://www.pbs.gov.pk/wp-content/uploads/2020/07/indices_and_growth_rates_historical-1.pdf (PBS historical indices; category unavailable)
2020-07-01,2020,July,7,FY2020-21,Rural,Education,,,,,https://www.pbs.gov.pk/wp-content/uploads/2020/07/indices_and_growth_rates_historical-1.pdf (PBS historical indices; category unavailable)
2020-07-01,2020,July,7,FY2020-21,Rural,Restaurants & Hotels,,,,,https://www.pbs.gov.pk/wp-content/uploads/2020/07/indices_and_growth_rates_historical-1.pdf (PBS historical indices; category unavailable)
2020-07-01,2020,July,7,FY2020-21,Rural,Miscellaneous Goods & Services,,,,,https://www.pbs.gov.pk/wp-content/uploads/2020/07/indices_and_growth_rates_historical-1.pdf (PBS historical indices; category unavailable)
2020-08-01,2020,August,8,FY2020-21,National,Food & Non-Alcoholic Beverages,,,,,https://www.pbs.gov.pk/wp-content/uploads/2020/07/indices_and_growth_rates_historical-1.pdf (PBS historical indices; category unavailable)
2020-08-01,2020,August,8,FY2020-21,National,Alcoholic Beverages & Tobacco,,,,,https://www.pbs.gov.pk/wp-content/uploads/2020/07/indices_and_growth_rates_historical-1.pdf (PBS historical indices; category unavailable)
2020-08-01,2020,August,8,FY2020-21,National,Clothing & Footwear,,,,,https://www.pbs.gov.pk/wp-content/uploads/2020/07/indices_and_growth_rates_historical-1.pdf (PBS historical indices; category unavailable)
2020-08-01,2020,August,8,FY2020-21,National,"Housing, Water, Electricity, Gas & Fuels",,,,,https://www.pbs.gov.pk/wp-content/uploads/2020/07/indices_and_growth_rates_historical-1.pdf (PBS historical indices; category unavailable)
2020-08-01,2020,August,8,FY2020-21,National,Furnishing & Household Equipment Maintenance,,,,,https://www.pbs.gov.pk/wp-content/uploads/2020/07/indices_and_growth_rates_historical-1.pdf (PBS historical indices; category unavailable)
2020-08-01,2020,August,8,FY2020-21,National,Health,,,,,https://www.pbs.gov.pk/wp-content/uploads/2020/07/indices_and_growth_rates_historical-1.pdf (PBS historical indices; category unavailable)
2020-08-01,2020,August,8,FY2020-21,National,Transport,,,,,https://www.pbs.gov.pk/wp-content/uploads/2020/07/indices_and_growth_rates_historical-1.pdf (PBS historical indices; category unavailable)
2020-08-01,2020,August,8,FY2020-21,National,Communication,,,,,https://www.pbs.gov.pk/wp-content/uploads/2020/07/indices_and_growth_rates_historical-1.pdf (PBS historical indices; category unavailable)
2020-08-01,2020,August,8,FY2020-21,National,Recreation & Culture,,,,,https://www.pbs.gov.pk/wp-content/uploads/2020/07/indices_and_growth_rates_historical-1.pdf (PBS historical indices; category unavailable)
2020-08-01,2020,August,8,FY2020-21,National,Education,,,,,https://www.pbs.gov.pk/wp-content/uploads/2020/07/indices_and_growth_rates_historical-1.pdf (PBS historical indices; category unavailable)
2020-08-01,2020,August,8,FY2020-21,National,Restaurants & Hotels,,,,,https://www.pbs.gov.pk/wp-content/uploads/2020/07/indices_and_growth_rates_historical-1.pdf (PBS historical indices; category unavailable)
2020-08-01,2020,August,8,FY2020-21,National,Miscellaneous Goods & Services,,,,,https://www.pbs.gov.pk/wp-content/uploads/2020/07/indices_and_growth_rates_historical-1.pdf (PBS historical indices; category unavailable)
2020-08-01,2020,August,8,FY2020-21,Urban,Food & Non-Alcoholic Beverages,,,,,https://www.pbs.gov.pk/wp-content/uploads/2020/07/indices_and_growth_rates_historical-1.pdf (PBS historical indices; category unavailable)
2020-08-01,2020,August,8,FY2020-21,Urban,Alcoholic Beverages & Tobacco,,,,,https://www.pbs.gov.pk/wp-content/uploads/2020/07/indices_and_growth_rates_historical-1.pdf (PBS historical indices; category unavailable)
2020-08-01,2020,August,8,FY2020-21,Urban,Clothing & Footwear,,,,,https://www.pbs.gov.pk/wp-content/uploads/2020/07/indices_and_growth_rates_historical-1.pdf (PBS historical indices; category unavailable)
2020-08-01,2020,August,8,FY2020-21,Urban,"Housing, Water, Electricity, Gas & Fuels",,,,,https://www.pbs.gov.pk/wp-content/uploads/2020/07/indices_and_growth_rates_historical-1.pdf (PBS historical indices; category unavailable)
2020-08-01,2020,August,8,FY2020-21,Urban,Furnishing & Household Equipment Maintenance,,,,,https://www.pbs.gov.pk/wp-content/uploads/2020/07/indices_and_growth_rates_historical-1.pdf (PBS historical indices; category unavailable)
2020-08-01,2020,August,8,FY2020-21,Urban,Health,,,,,https://www.pbs.gov.pk/wp-content/uploads/2020/07/indices_and_growth_rates_historical-1.pdf (PBS historical indices; category unavailable)
2020-08-01,2020,August,8,FY2020-21,Urban,Transport,,,,,https://www.pbs.gov.pk/wp-content/uploads/2020/07/indices_and_growth_rates_historical-1.pdf (PBS historical indices; category unavailable)
2020-08-01,2020,August,8,FY2020-21,Urban,Communication,,,,,https://www.pbs.gov.pk/wp-content/uploads/2020/07/indices_and_growth_rates_historical-1.pdf (PBS historical indices; category unavailable)
2020-08-01,2020,August,8,FY2020-21,Urban,Recreation & Culture,,,,,https://www.pbs.gov.pk/wp-content/uploads/2020/07/indices_and_growth_rates_historical-1.pdf (PBS historical indices; category unavailable)
2020-08-01,2020,August,8,FY2020-21,Urban,Education,,,,,https://www.pbs.gov.pk/wp-content/uploads/2020/07/indices_and_growth_rates_historical-1.pdf (PBS historical indices; category unavailable)
2020-08-01,2020,August,8,FY2020-21,Urban,Restaurants & Hotels,,,,,https://www.pbs.gov.pk/wp-content/uploads/2020/07/indices_and_growth_rates_historical-1.pdf (PBS historical indices; category unavailable)
2020-08-01,2020,August,8,FY2020-21,Urban,Miscellaneous Goods & Services,,,,,https://www.pbs.gov.pk/wp-content/uploads/2020/07/indices_and_growth_rates_historical-1.pdf (PBS historical indices; category unavailable)
2020-08-01,2020,August,8,FY2020-21,Rural,Food & Non-Alcoholic Beverages,,,,,https://www.pbs.gov.pk/wp-content/uploads/2020/07/indices_and_growth_rates_historical-1.pdf (PBS historical indices; category unavailable)
2020-08-01,2020,August,8,FY2020-21,Rural,Alcoholic Beverages & Tobacco,,,,,https://www.pbs.gov.pk/wp-content/uploads/2020/07/indices_and_growth_rates_historical-1.pdf (PBS historical indices; category unavailable)
2020-08-01,2020,August,8,FY2020-21,Rural,Clothing & Footwear,,,,,https://www.pbs.gov.pk/wp-content/uploads/2020/07/indices_and_growth_rates_historical-1.pdf (PBS historical indices; category unavailable)
2020-08-01,2020,August,8,FY2020-21,Rural,"Housing, Water, Electricity, Gas & Fuels",,,,,https://www.pbs.gov.pk/wp-content/uploads/2020/07/indices_and_growth_rates_historical-1.pdf (PBS historical indices; category unavailable)
2020-08-01,2020,August,8,FY2020-21,Rural,Furnishing & Household Equipment Maintenance,,,,,https://www.pbs.gov.pk/wp-content/uploads/2020/07/indices_and_growth_rates_historical-1.pdf (PBS historical indices; category unavailable)
2020-08-01,2020,August,8,FY2020-21,Rural,Health,,,,,https://www.pbs.gov.pk/wp-content/uploads/2020/07/indices_and_growth_rates_historical-1.pdf (PBS historical indices; category unavailable)
2020-08-01,2020,August,8,FY2020-21,Rural,Transport,,,,,https://www.pbs.gov.pk/wp-content/uploads/2020/07/indices_and_growth_rates_historical-1.pdf (PBS historical indices; category unavailable)
2020-08-01,2020,August,8,FY2020-21,Rural,Communication,,,,,https://www.pbs.gov.pk/wp-content/uploads/2020/07/indices_and_growth_rates_historical-1.pdf (PBS historical indices; category unavailable)
2020-08-01,2020,August,8,FY2020-21,Rural,Recreation & Culture,,,,,https://www.pbs.gov.pk/wp-content/uploads/2020/07/indices_and_growth_rates_historical-1.pdf (PBS historical indices; category unavailable)
2020-08-01,2020,August,8,FY2020-21,Rural,Education,,,,,https://www.pbs.gov.pk/wp-content/uploads/2020/07/indices_and_growth_rates_historical-1.pdf (PBS historical indices; category unavailable)
2020-08-01,2020,August,8,FY2020-21,Rural,Restaurants & Hotels,,,,,https://www.pbs.gov.pk/wp-content/uploads/2020/07/indices_and_growth_rates_historical-1.pdf (PBS historical indices; category unavailable)
2020-08-01,2020,August,8,FY2020-21,Rural,Miscellaneous Goods & Services,,,,,https://www.pbs.gov.pk/wp-content/uploads/2020/07/indices_and_growth_rates_historical-1.pdf (PBS historical indices; category unavailable)
2020-09-01,2020,September,9,FY2020-21,National,Food & Non-Alcoholic Beverages,,,,,https://www.pbs.gov.pk/wp-content/uploads/2020/07/indices_and_growth_rates_historical-1.pdf (PBS historical indices; category unavailable)
2020-09-01,2020,September,9,FY2020-21,National,Alcoholic Beverages & Tobacco,,,,,https://www.pbs.gov.pk/wp-content/uploads/2020/07/indices_and_growth_rates_historical-1.pdf (PBS historical indices; category unavailable)
2020-09-01,2020,September,9,FY2020-21,National,Clothing & Footwear,,,,,https://www.pbs.gov.pk/wp-content/uploads/2020/07/indices_and_growth_rates_historical-1.pdf (PBS historical indices; category unavailable)
2020-09-01,2020,September,9,FY2020-21,National,"Housing, Water, Electricity, Gas & Fuels",,,,,https://www.pbs.gov.pk/wp-content/uploads/2020/07/indices_and_growth_rates_historical-1.pdf (PBS historical indices; category unavailable)
2020-09-01,2020,September,9,FY2020-21,National,Furnishing & Household Equipment Maintenance,,,,,https://www.pbs.gov.pk/wp-content/uploads/2020/07/indices_and_growth_rates_historical-1.pdf (PBS historical indices; category unavailable)
2020-09-01,2020,September,9,FY2020-21,National,Health,,,,,https://www.pbs.gov.pk/wp-content/uploads/2020/07/indices_and_growth_rates_historical-1.pdf (PBS historical indices; category unavailable)
2020-09-01,2020,September,9,FY2020-21,National,Transport,,,,,https://www.pbs.gov.pk/wp-content/uploads/2020/07/indices_and_growth_rates_historical-1.pdf (PBS historical indices; category unavailable)
2020-09-01,2020,September,9,FY2020-21,National,Communication,,,,,https://www.pbs.gov.pk/wp-content/uploads/2020/07/indices_and_growth_rates_historical-1.pdf (PBS historical indices; category unavailable)
2020-09-01,2020,September,9,FY2020-21,National,Recreation & Culture,,,,,https://www.pbs.gov.pk/wp-content/uploads/2020/07/indices_and_growth_rates_historical-1.pdf (PBS historical indices; category unavailable)
2020-09-01,2020,September,9,FY2020-21,National,Education,,,,,https://www.pbs.gov.pk/wp-content/uploads/2020/07/indices_and_growth_rates_historical-1.pdf (PBS historical indices; category unavailable)
2020-09-01,2020,September,9,FY2020-21,National,Restaurants & Hotels,,,,,https://www.pbs.gov.pk/wp-content/uploads/2020/07/indices_and_growth_rates_historical-1.pdf (PBS historical indices; category unavailable)
2020-09-01,2020,September,9,FY2020-21,National,Miscellaneous Goods & Services,,,,,https://www.pbs.gov.pk/wp-content/uploads/2020/07/indices_and_growth_rates_historical-1.pdf (PBS historical indices; category unavailable)
2020-09-01,2020,September,9,FY2020-21,Urban,Food & Non-Alcoholic Beverages,,,,,https://www.pbs.gov.pk/wp-content/uploads/2020/07/indices_and_growth_rates_historical-1.pdf (PBS historical indices; category unavailable)
2020-09-01,2020,September,9,FY2020-21,Urban,Alcoholic Beverages & Tobacco,,,,,https://www.pbs.gov.pk/wp-content/uploads/2020/07/indices_and_growth_rates_historical-1.pdf (PBS historical indices; category unavailable)
2020-09-01,2020,September,9,FY2020-21,Urban,Clothing & Footwear,,,,,https://www.pbs.gov.pk/wp-content/uploads/2020/07/indices_and_growth_rates_historical-1.pdf (PBS historical indices; category unavailable)
2020-09-01,2020,September,9,FY2020-21,Urban,"Housing, Water, Electricity, Gas & Fuels",,,,,https://www.pbs.gov.pk/wp-content/uploads/2020/07/indices_and_growth_rates_historical-1.pdf (PBS historical indices; category unavailable)
2020-09-01,2020,September,9,FY2020-21,Urban,Furnishing & Household Equipment Maintenance,,,,,https://www.pbs.gov.pk/wp-content/uploads/2020/07/indices_and_growth_rates_historical-1.pdf (PBS historical indices; category unavailable)
2020-09-01,2020,September,9,FY2020-21,Urban,Health,,,,,https://www.pbs.gov.pk/wp-content/uploads/2020/07/indices_and_growth_rates_historical-1.pdf (PBS historical indices; category unavailable)
2020-09-01,2020,September,9,FY2020-21,Urban,Transport,,,,,https://www.pbs.gov.pk/wp-content/uploads/2020/07/indices_and_growth_rates_historical-1.pdf (PBS historical indices; category unavailable)
2020-09-01,2020,September,9,FY2020-21,Urban,Communication,,,,,https://www.pbs.gov.pk/wp-content/uploads/2020/07/indices_and_growth_rates_historical-1.pdf (PBS historical indices; category unavailable)
2020-09-01,2020,September,9,FY2020-21,Urban,Recreation & Culture,,,,,https://www.pbs.gov.pk/wp-content/uploads/2020/07/indices_and_growth_rates_historical-1.pdf (PBS historical indices; category unavailable)
2020-09-01,2020,September,9,FY2020-21,Urban,Education,,,,,https://www.pbs.gov.pk/wp-content/uploads/2020/07/indices_and_growth_rates_historical-1.pdf (PBS historical indices; category unavailable)
2020-09-01,2020,September,9,FY2020-21,Urban,Restaurants & Hotels,,,,,https://www.pbs.gov.pk/wp-content/uploads/2020/07/indices_and_growth_rates_historical-1.pdf (PBS historical indices; category unavailable)
2020-09-01,2020,September,9,FY2020-21,Urban,Miscellaneous Goods & Services,,,,,https://www.pbs.gov.pk/wp-content/uploads/2020/07/indices_and_growth_rates_historical-1.pdf (PBS historical indices; category unavailable)
2020-09-01,2020,September,9,FY2020-21,Rural,Food & Non-Alcoholic Beverages,,,,,https://www.pbs.gov.pk/wp-content/uploads/2020/07/indices_and_growth_rates_historical-1.pdf (PBS historical indices; category unavailable)
2020-09-01,2020,September,9,FY2020-21,Rural,Alcoholic Beverages & Tobacco,,,,,https://www.pbs.gov.pk/wp-content/uploads/2020/07/indices_and_growth_rates_historical-1.pdf (PBS historical indices; category unavailable)
2020-09-01,2020,September,9,FY2020-21,Rural,Clothing & Footwear,,,,,https://www.pbs.gov.pk/wp-content/uploads/2020/07/indices_and_growth_rates_historical-1.pdf (PBS historical indices; category unavailable)
2020-09-01,2020,September,9,FY2020-21,Rural,"Housing, Water, Electricity, Gas & Fuels",,,,,https://www.pbs.gov.pk/wp-content/uploads/2020/07/indices_and_growth_rates_historical-1.pdf (PBS historical indices; category unavailable)
2020-09-01,2020,September,9,FY2020-21,Rural,Furnishing & Household Equipment Maintenance,,,,,https://www.pbs.gov.pk/wp-content/uploads/2020/07/indices_and_growth_rates_historical-1.pdf (PBS historical indices; category unavailable)
2020-09-01,2020,September,9,FY2020-21,Rural,Health,,,,,https://www.pbs.gov.pk/wp-content/uploads/2020/07/indices_and_growth_rates_historical-1.pdf (PBS historical indices; category unavailable)
2020-09-01,2020,September,9,FY2020-21,Rural,Transport,,,,,https://www.pbs.gov.pk/wp-content/uploads/2020/07/indices_and_growth_rates_historical-1.pdf (PBS historical indices; category unavailable)
2020-09-01,2020,September,9,FY2020-21,Rural,Communication,,,,,https://www.pbs.gov.pk/wp-content/uploads/2020/07/indices_and_growth_rates_historical-1.pdf (PBS historical indices; category unavailable)
2020-09-01,2020,September,9,FY2020-21,Rural,Recreation & Culture,,,,,https://www.pbs.gov.pk/wp-content/uploads/2020/07/indices_and_growth_rates_historical-1.pdf (PBS historical indices; category unavailable)
2020-09-01,2020,September,9,FY2020-21,Rural,Education,,,,,https://www.pbs.gov.pk/wp-content/uploads/2020/07/indices_and_growth_rates_historical-1.pdf (PBS historical indices; category unavailable)
2020-09-01,2020,September,9,FY2020-21,Rural,Restaurants & Hotels,,,,,https://www.pbs.gov.pk/wp-content/uploads/2020/07/indices_and_growth_rates_historical-1.pdf (PBS historical indices; category unavailable)
2020-09-01,2020,September,9,FY2020-21,Rural,Miscellaneous Goods & Services,,,,,https://www.pbs.gov.pk/wp-content/uploads/2020/07/indices_and_growth_rates_historical-1.pdf (PBS historical indices; category unavailable)
2020-10-01,2020,October,10,FY2020-21,National,Food & Non-Alcoholic Beverages,,,,,https://www.pbs.gov.pk/wp-content/uploads/2020/07/indices_and_growth_rates_historical-1.pdf (PBS historical indices; category unavailable)
2020-10-01,2020,October,10,FY2020-21,National,Alcoholic Beverages & Tobacco,,,,,https://www.pbs.gov.pk/wp-content/uploads/2020/07/indices_and_growth_rates_historical-1.pdf (PBS historical indices; category unavailable)
2020-10-01,2020,October,10,FY2020-21,National,Clothing & Footwear,,,,,https://www.pbs.gov.pk/wp-content/uploads/2020/07/indices_and_growth_rates_historical-1.pdf (PBS historical indices; category unavailable)
2020-10-01,2020,October,10,FY2020-21,National,"Housing, Water, Electricity, Gas & Fuels",,,,,https://www.pbs.gov.pk/wp-content/uploads/2020/07/indices_and_growth_rates_historical-1.pdf (PBS historical indices; category unavailable)
2020-10-01,2020,October,10,FY2020-21,National,Furnishing & Household Equipment Maintenance,,,,,https://www.pbs.gov.pk/wp-content/uploads/2020/07/indices_and_growth_rates_historical-1.pdf (PBS historical indices; category unavailable)
2020-10-01,2020,October,10,FY2020-21,National,Health,,,,,https://www.pbs.gov.pk/wp-content/uploads/2020/07/indices_and_growth_rates_historical-1.pdf (PBS historical indices; category unavailable)
2020-10-01,2020,October,10,FY2020-21,National,Transport,,,,,https://www.pbs.gov.pk/wp-content/uploads/2020/07/indices_and_growth_rates_historical-1.pdf (PBS historical indices; category unavailable)
2020-10-01,2020,October,10,FY2020-21,National,Communication,,,,,https://www.pbs.gov.pk/wp-content/uploads/2020/07/indices_and_growth_rates_historical-1.pdf (PBS historical indices; category unavailable)
2020-10-01,2020,October,10,FY2020-21,National,Recreation & Culture,,,,,https://www.pbs.gov.pk/wp-content/uploads/2020/07/indices_and_growth_rates_historical-1.pdf (PBS historical indices; category unavailable)
2020-10-01,2020,October,10,FY2020-21,National,Education,,,,,https://www.pbs.gov.pk/wp-content/uploads/2020/07/indices_and_growth_rates_historical-1.pdf (PBS historical indices; category unavailable)
2020-10-01,2020,October,10,FY2020-21,National,Restaurants & Hotels,,,,,https://www.pbs.gov.pk/wp-content/uploads/2020/07/indices_and_growth_rates_historical-1.pdf (PBS historical indices; category unavailable)
2020-10-01,2020,October,10,FY2020-21,National,Miscellaneous Goods & Services,,,,,https://www.pbs.gov.pk/wp-content/uploads/2020/07/indices_and_growth_rates_historical-1.pdf (PBS historical indices; category unavailable)
2020-10-01,2020,October,10,FY2020-21,Urban,Food & Non-Alcoholic Beverages,,,,,https://www.pbs.gov.pk/wp-content/uploads/2020/07/indices_and_growth_rates_historical-1.pdf (PBS historical indices; category unavailable)
2020-10-01,2020,October,10,FY2020-21,Urban,Alcoholic Beverages & Tobacco,,,,,https://www.pbs.gov.pk/wp-content/uploads/2020/07/indices_and_growth_rates_historical-1.pdf (PBS historical indices; category unavailable)
2020-10-01,2020,October,10,FY2020-21,Urban,Clothing & Footwear,,,,,https://www.pbs.gov.pk/wp-content/uploads/2020/07/indices_and_growth_rates_historical-1.pdf (PBS historical indices; category unavailable)
2020-10-01,2020,October,10,FY2020-21,Urban,"Housing, Water, Electricity, Gas & Fuels",,,,,https://www.pbs.gov.pk/wp-content/uploads/2020/07/indices_and_growth_rates_historical-1.pdf (PBS historical indices; category unavailable)
2020-10-01,2020,October,10,FY2020-21,Urban,Furnishing & Household Equipment Maintenance,,,,,https://www.pbs.gov.pk/wp-content/uploads/2020/07/indices_and_growth_rates_historical-1.pdf (PBS historical indices; category unavailable)
2020-10-01,2020,October,10,FY2020-21,Urban,Health,,,,,https://www.pbs.gov.pk/wp-content/uploads/2020/07/indices_and_growth_rates_historical-1.pdf (PBS historical indices; category unavailable)
2020-10-01,2020,October,10,FY2020-21,Urban,Transport,,,,,https://www.pbs.gov.pk/wp-content/uploads/2020/07/indices_and_growth_rates_historical-1.pdf (PBS historical indices; category unavailable)
2020-10-01,2020,October,10,FY2020-21,Urban,Communication,,,,,https://www.pbs.gov.pk/wp-content/uploads/2020/07/indices_and_growth_rates_historical-1.pdf (PBS historical indices; category unavailable)
2020-10-01,2020,October,10,FY2020-21,Urban,Recreation & Culture,,,,,https://www.pbs.gov.pk/wp-content/uploads/2020/07/indices_and_growth_rates_historical-1.pdf (PBS historical indices; category unavailable)
2020-10-01,2020,October,10,FY2020-21,Urban,Education,,,,,https://www.pbs.gov.pk/wp-content/uploads/2020/07/indices_and_growth_rates_historical-1.pdf (PBS historical indices; category unavailable)
2020-10-01,2020,October,10,FY2020-21,Urban,Restaurants & Hotels,,,,,https://www.pbs.gov.pk/wp-content/uploads/2020/07/indices_and_growth_rates_historical-1.pdf (PBS historical indices; category unavailable)
2020-10-01,2020,October,10,FY2020-21,Urban,Miscellaneous Goods & Services,,,,,https://www.pbs.gov.pk/wp-content/uploads/2020/07/indices_and_growth_rates_historical-1.pdf (PBS historical indices; category unavailable)
2020-10-01,2020,October,10,FY2020-21,Rural,Food & Non-Alcoholic Beverages,,,,,https://www.pbs.gov.pk/wp-content/uploads/2020/07/indices_and_growth_rates_historical-1.pdf (PBS historical indices; category unavailable)
2020-10-01,2020,October,10,FY2020-21,Rural,Alcoholic Beverages & Tobacco,,,,,https://www.pbs.gov.pk/wp-content/uploads/2020/07/indices_and_growth_rates_historical-1.pdf (PBS historical indices; category unavailable)
2020-10-01,2020,October,10,FY2020-21,Rural,Clothing & Footwear,,,,,https://www.pbs.gov.pk/wp-content/uploads/2020/07/indices_and_growth_rates_historical-1.pdf (PBS historical indices; category unavailable)
2020-10-01,2020,October,10,FY2020-21,Rural,"Housing, Water, Electricity, Gas & Fuels",,,,,https://www.pbs.gov.pk/wp-content/uploads/2020/07/indices_and_growth_rates_historical-1.pdf (PBS historical indices; category unavailable)
2020-10-01,2020,October,10,FY2020-21,Rural,Furnishing & Household Equipment Maintenance,,,,,https://www.pbs.gov.pk/wp-content/uploads/2020/07/indices_and_growth_rates_historical-1.pdf (PBS historical indices; category unavailable)
2020-10-01,2020,October,10,FY2020-21,Rural,Health,,,,,https://www.pbs.gov.pk/wp-content/uploads/2020/07/indices_and_growth_rates_historical-1.pdf (PBS historical indices; category unavailable)
2020-10-01,2020,October,10,FY2020-21,Rural,Transport,,,,,https://www.pbs.gov.pk/wp-content/uploads/2020/07/indices_and_growth_rates_historical-1.pdf (PBS historical indices; category unavailable)
2020-10-01,2020,October,10,FY2020-21,Rural,Communication,,,,,https://www.pbs.gov.pk/wp-content/uploads/2020/07/indices_and_growth_rates_historical-1.pdf (PBS historical indices; category unavailable)
2020-10-01,2020,October,10,FY2020-21,Rural,Recreation & Culture,,,,,https://www.pbs.gov.pk/wp-content/uploads/2020/07/indices_and_growth_rates_historical-1.pdf (PBS historical indices; category unavailable)
2020-10-01,2020,October,10,FY2020-21,Rural,Education,,,,,https://www.pbs.gov.pk/wp-content/uploads/2020/07/indices_and_growth_rates_historical-1.pdf (PBS historical indices; category unavailable)
2020-10-01,2020,October,10,FY2020-21,Rural,Restaurants & Hotels,,,,,https://www.pbs.gov.pk/wp-content/uploads/2020/07/indices_and_growth_rates_historical-1.pdf (PBS historical indices; category unavailable)
2020-10-01,2020,October,10,FY2020-21,Rural,Miscellaneous Goods & Services,,,,,https://www.pbs.gov.pk/wp-content/uploads/2020/07/indices_and_growth_rates_historical-1.pdf (PBS historical indices; category unavailable)
2020-11-01,2020,November,11,FY2020-21,National,Food & Non-Alcoholic Beverages,,,,,https://www.pbs.gov.pk/wp-content/uploads/2020/07/indices_and_growth_rates_historical-1.pdf (PBS historical indices; category unavailable)
2020-11-01,2020,November,11,FY2020-21,National,Alcoholic Beverages & Tobacco,,,,,https://www.pbs.gov.pk/wp-content/uploads/2020/07/indices_and_growth_rates_historical-1.pdf (PBS historical indices; category unavailable)
2020-11-01,2020,November,11,FY2020-21,National,Clothing & Footwear,,,,,https://www.pbs.gov.pk/wp-content/uploads/2020/07/indices_and_growth_rates_historical-1.pdf (PBS historical indices; category unavailable)
2020-11-01,2020,November,11,FY2020-21,National,"Housing, Water, Electricity, Gas & Fuels",,,,,https://www.pbs.gov.pk/wp-content/uploads/2020/07/indices_and_growth_rates_historical-1.pdf (PBS historical indices; category unavailable)
2020-11-01,2020,November,11,FY2020-21,National,Furnishing & Household Equipment Maintenance,,,,,https://www.pbs.gov.pk/wp-content/uploads/2020/07/indices_and_growth_rates_historical-1.pdf (PBS historical indices; category unavailable)
2020-11-01,2020,November,11,FY2020-21,National,Health,,,,,https://www.pbs.gov.pk/wp-content/uploads/2020/07/indices_and_growth_rates_historical-1.pdf (PBS historical indices; category unavailable)
2020-11-01,2020,November,11,FY2020-21,National,Transport,,,,,https://www.pbs.gov.pk/wp-content/uploads/2020/07/indices_and_growth_rates_historical-1.pdf (PBS historical indices; category unavailable)
2020-11-01,2020,November,11,FY2020-21,National,Communication,,,,,https://www.pbs.gov.pk/wp-content/uploads/2020/07/indices_and_growth_rates_historical-1.pdf (PBS historical indices; category unavailable)
2020-11-01,2020,November,11,FY2020-21,National,Recreation & Culture,,,,,https://www.pbs.gov.pk/wp-content/uploads/2020/07/indices_and_growth_rates_historical-1.pdf (PBS historical indices; category unavailable)
2020-11-01,2020,November,11,FY2020-21,National,Education,,,,,https://www.pbs.gov.pk/wp-content/uploads/2020/07/indices_and_growth_rates_historical-1.pdf (PBS historical indices; category unavailable)
2020-11-01,2020,November,11,FY2020-21,National,Restaurants & Hotels,,,,,https://www.pbs.gov.pk/wp-content/uploads/2020/07/indices_and_growth_rates_historical-1.pdf (PBS historical indices; category unavailable)
2020-11-01,2020,November,11,FY2020-21,National,Miscellaneous Goods & Services,,,,,https://www.pbs.gov.pk/wp-content/uploads/2020/07/indices_and_growth_rates_historical-1.pdf (PBS historical indices; category unavailable)
2020-11-01,2020,November,11,FY2020-21,Urban,Food & Non-Alcoholic Beverages,,,,,https://www.pbs.gov.pk/wp-content/uploads/2020/07/indices_and_growth_rates_historical-1.pdf (PBS historical indices; category unavailable)
2020-11-01,2020,November,11,FY2020-21,Urban,Alcoholic Beverages & Tobacco,,,,,https://www.pbs.gov.pk/wp-content/uploads/2020/07/indices_and_growth_rates_historical-1.pdf (PBS historical indices; category unavailable)
2020-11-01,2020,November,11,FY2020-21,Urban,Clothing & Footwear,,,,,https://www.pbs.gov.pk/wp-content/uploads/2020/07/indices_and_growth_rates_historical-1.pdf (PBS historical indices; category unavailable)
2020-11-01,2020,November,11,FY2020-21,Urban,"Housing, Water, Electricity, Gas & Fuels",,,,,https://www.pbs.gov.pk/wp-content/uploads/2020/07/indices_and_growth_rates_historical-1.pdf (PBS historical indices; category unavailable)
2020-11-01,2020,November,11,FY2020-21,Urban,Furnishing & Household Equipment Maintenance,,,,,https://www.pbs.gov.pk/wp-content/uploads/2020/07/indices_and_growth_rates_historical-1.pdf (PBS historical indices; category unavailable)
2020-11-01,2020,November,11,FY2020-21,Urban,Health,,,,,https://www.pbs.gov.pk/wp-content/uploads/2020/07/indices_and_growth_rates_historical-1.pdf (PBS historical indices; category unavailable)
2020-11-01,2020,November,11,FY2020-21,Urban,Transport,,,,,https://www.pbs.gov.pk/wp-content/uploads/2020/07/indices_and_growth_rates_historical-1.pdf (PBS historical indices; category unavailable)
2020-11-01,2020,November,11,FY2020-21,Urban,Communication,,,,,https://www.pbs.gov.pk/wp-content/uploads/2020/07/indices_and_growth_rates_historical-1.pdf (PBS historical indices; category unavailable)
2020-11-01,2020,November,11,FY2020-21,Urban,Recreation & Culture,,,,,https://www.pbs.gov.pk/wp-content/uploads/2020/07/indices_and_growth_rates_historical-1.pdf (PBS historical indices; category unavailable)
2020-11-01,2020,November,11,FY2020-21,Urban,Education,,,,,https://www.pbs.gov.pk/wp-content/uploads/2020/07/indices_and_growth_rates_historical-1.pdf (PBS historical indices; category unavailable)
2020-11-01,2020,November,11,FY2020-21,Urban,Restaurants & Hotels,,,,,https://www.pbs.gov.pk/wp-content/uploads/2020/07/indices_and_growth_rates_historical-1.pdf (PBS historical indices; category unavailable)
2020-11-01,2020,November,11,FY2020-21,Urban,Miscellaneous Goods & Services,,,,,https://www.pbs.gov.pk/wp-content/uploads/2020/07/indices_and_growth_rates_historical-1.pdf (PBS historical indices; category unavailable)
2020-11-01,2020,November,11,FY2020-21,Rural,Food & Non-Alcoholic Beverages,,,,,https://www.pbs.gov.pk/wp-content/uploads/2020/07/indices_and_growth_rates_historical-1.pdf (PBS historical indices; category unavailable)
2020-11-01,2020,November,11,FY2020-21,Rural,Alcoholic Beverages & Tobacco,,,,,https://www.pbs.gov.pk/wp-content/uploads/2020/07/indices_and_growth_rates_historical-1.pdf (PBS historical indices; category unavailable)
2020-11-01,2020,November,11,FY2020-21,Rural,Clothing & Footwear,,,,,https://www.pbs.gov.pk/wp-content/uploads/2020/07/indices_and_growth_rates_historical-1.pdf (PBS historical indices; category unavailable)
2020-11-01,2020,November,11,FY2020-21,Rural,"Housing, Water, Electricity, Gas & Fuels",,,,,https://www.pbs.gov.pk/wp-content/uploads/2020/07/indices_and_growth_rates_historical-1.pdf (PBS historical indices; category unavailable)
2020-11-01,2020,November,11,FY2020-21,Rural,Furnishing & Household Equipment Maintenance,,,,,https://www.pbs.gov.pk/wp-content/uploads/2020/07/indices_and_growth_rates_historical-1.pdf (PBS historical indices; category unavailable)
2020-11-01,2020,November,11,FY2020-21,Rural,Health,,,,,https://www.pbs.gov.pk/wp-content/uploads/2020/07/indices_and_growth_rates_historical-1.pdf (PBS historical indices; category unavailable)
2020-11-01,2020,November,11,FY2020-21,Rural,Transport,,,,,https://www.pbs.gov.pk/wp-content/uploads/2020/07/indices_and_growth_rates_historical-1.pdf (PBS historical indices; category unavailable)
2020-11-01,2020,November,11,FY2020-21,Rural,Communication,,,,,https://www.pbs.gov.pk/wp-content/uploads/2020/07/indices_and_growth_rates_historical-1.pdf (PBS historical indices; category unavailable)
2020-11-01,2020,November,11,FY2020-21,Rural,Recreation & Culture,,,,,https://www.pbs.gov.pk/wp-content/uploads/2020/07/indices_and_growth_rates_historical-1.pdf (PBS historical indices; category unavailable)
2020-11-01,2020,November,11,FY2020-21,Rural,Education,,,,,https://www.pbs.gov.pk/wp-content/uploads/2020/07/indices_and_growth_rates_historical-1.pdf (PBS historical indices; category unavailable)
2020-11-01,2020,November,11,FY2020-21,Rural,Restaurants & Hotels,,,,,https://www.pbs.gov.pk/wp-content/uploads/2020/07/indices_and_growth_rates_historical-1.pdf (PBS historical indices; category unavailable)
2020-11-01,2020,November,11,FY2020-21,Rural,Miscellaneous Goods & Services,,,,,https://www.pbs.gov.pk/wp-content/uploads/2020/07/indices_and_growth_rates_historical-1.pdf (PBS historical indices; category unavailable)
2020-12-01,2020,December,12,FY2020-21,National,Food & Non-Alcoholic Beverages,,,,,https://www.pbs.gov.pk/wp-content/uploads/2020/07/indices_and_growth_rates_historical-1.pdf (PBS historical indices; category unavailable)
2020-12-01,2020,December,12,FY2020-21,National,Alcoholic Beverages & Tobacco,,,,,https://www.pbs.gov.pk/wp-content/uploads/2020/07/indices_and_growth_rates_historical-1.pdf (PBS historical indices; category unavailable)
2020-12-01,2020,December,12,FY2020-21,National,Clothing & Footwear,,,,,https://www.pbs.gov.pk/wp-content/uploads/2020/07/indices_and_growth_rates_historical-1.pdf (PBS historical indices; category unavailable)
2020-12-01,2020,December,12,FY2020-21,National,"Housing, Water, Electricity, Gas & Fuels",,,,,https://www.pbs.gov.pk/wp-content/uploads/2020/07/indices_and_growth_rates_historical-1.pdf (PBS historical indices; category unavailable)
2020-12-01,2020,December,12,FY2020-21,National,Furnishing & Household Equipment Maintenance,,,,,https://www.pbs.gov.pk/wp-content/uploads/2020/07/indices_and_growth_rates_historical-1.pdf (PBS historical indices; category unavailable)
2020-12-01,2020,December,12,FY2020-21,National,Health,,,,,https://www.pbs.gov.pk/wp-content/uploads/2020/07/indices_and_growth_rates_historical-1.pdf (PBS historical indices; category unavailable)
2020-12-01,2020,December,12,FY2020-21,National,Transport,,,,,https://www.pbs.gov.pk/wp-content/uploads/2020/07/indices_and_growth_rates_historical-1.pdf (PBS historical indices; category unavailable)
2020-12-01,2020,December,12,FY2020-21,National,Communication,,,,,https://www.pbs.gov.pk/wp-content/uploads/2020/07/indices_and_growth_rates_historical-1.pdf (PBS historical indices; category unavailable)
2020-12-01,2020,December,12,FY2020-21,National,Recreation & Culture,,,,,https://www.pbs.gov.pk/wp-content/uploads/2020/07/indices_and_growth_rates_historical-1.pdf (PBS historical indices; category unavailable)
2020-12-01,2020,December,12,FY2020-21,National,Education,,,,,https://www.pbs.gov.pk/wp-content/uploads/2020/07/indices_and_growth_rates_historical-1.pdf (PBS historical indices; category unavailable)
2020-12-01,2020,December,12,FY2020-21,National,Restaurants & Hotels,,,,,https://www.pbs.gov.pk/wp-content/uploads/2020/07/indices_and_growth_rates_historical-1.pdf (PBS historical indices; category unavailable)
2020-12-01,2020,December,12,FY2020-21,National,Miscellaneous Goods & Services,,,,,https://www.pbs.gov.pk/wp-content/uploads/2020/07/indices_and_growth_rates_historical-1.pdf (PBS historical indices; category unavailable)
2020-12-01,2020,December,12,FY2020-21,Urban,Food & Non-Alcoholic Beverages,,,,,https://www.pbs.gov.pk/wp-content/uploads/2020/07/indices_and_growth_rates_historical-1.pdf (PBS historical indices; category unavailable)
2020-12-01,2020,December,12,FY2020-21,Urban,Alcoholic Beverages & Tobacco,,,,,https://www.pbs.gov.pk/wp-content/uploads/2020/07/indices_and_growth_rates_historical-1.pdf (PBS historical indices; category unavailable)
2020-12-01,2020,December,12,FY2020-21,Urban,Clothing & Footwear,,,,,https://www.pbs.gov.pk/wp-content/uploads/2020/07/indices_and_growth_rates_historical-1.pdf (PBS historical indices; category unavailable)
2020-12-01,2020,December,12,FY2020-21,Urban,"Housing, Water, Electricity, Gas & Fuels",,,,,https://www.pbs.gov.pk/wp-content/uploads/2020/07/indices_and_growth_rates_historical-1.pdf (PBS historical indices; category unavailable)
2020-12-01,2020,December,12,FY2020-21,Urban,Furnishing & Household Equipment Maintenance,,,,,https://www.pbs.gov.pk/wp-content/uploads/2020/07/indices_and_growth_rates_historical-1.pdf (PBS historical indices; category unavailable)
2020-12-01,2020,December,12,FY2020-21,Urban,Health,,,,,https://www.pbs.gov.pk/wp-content/uploads/2020/07/indices_and_growth_rates_historical-1.pdf (PBS historical indices; category unavailable)
2020-12-01,2020,December,12,FY2020-21,Urban,Transport,,,,,https://www.pbs.gov.pk/wp-content/uploads/2020/07/indices_and_growth_rates_historical-1.pdf (PBS historical indices; category unavailable)
2020-12-01,2020,December,12,FY2020-21,Urban,Communication,,,,,https://www.pbs.gov.pk/wp-content/uploads/2020/07/indices_and_growth_rates_historical-1.pdf (PBS historical indices; category unavailable)
2020-12-01,2020,December,12,FY2020-21,Urban,Recreation & Culture,,,,,https://www.pbs.gov.pk/wp-content/uploads/2020/07/indices_and_growth_rates_historical-1.pdf (PBS historical indices; category unavailable)
2020-12-01,2020,December,12,FY2020-21,Urban,Education,,,,,https://www.pbs.gov.pk/wp-content/uploads/2020/07/indices_and_growth_rates_historical-1.pdf (PBS historical indices; category unavailable)
2020-12-01,2020,December,12,FY2020-21,Urban,Restaurants & Hotels,,,,,https://www.pbs.gov.pk/wp-content/uploads/2020/07/indices_and_growth_rates_historical-1.pdf (PBS historical indices; category unavailable)
2020-12-01,2020,December,12,FY2020-21,Urban,Miscellaneous Goods & Services,,,,,https://www.pbs.gov.pk/wp-content/uploads/2020/07/indices_and_growth_rates_historical-1.pdf (PBS historical indices; category unavailable)
2020-12-01,2020,December,12,FY2020-21,Rural,Food & Non-Alcoholic Beverages,,,,,https://www.pbs.gov.pk/wp-content/uploads/2020/07/indices_and_growth_rates_historical-1.pdf (PBS historical indices; category unavailable)
2020-12-01,2020,December,12,FY2020-21,Rural,Alcoholic Beverages & Tobacco,,,,,https://www.pbs.gov.pk/wp-content/uploads/2020/07/indices_and_growth_rates_historical-1.pdf (PBS historical indices; category unavailable)
2020-12-01,2020,December,12,FY2020-21,Rural,Clothing & Footwear,,,,,https://www.pbs.gov.pk/wp-content/uploads/2020/07/indices_and_growth_rates_historical-1.pdf (PBS historical indices; category unavailable)
2020-12-01,2020,December,12,FY2020-21,Rural,"Housing, Water, Electricity, Gas & Fuels",,,,,https://www.pbs.gov.pk/wp-content/uploads/2020/07/indices_and_growth_rates_historical-1.pdf (PBS historical indices; category unavailable)
2020-12-01,2020,December,12,FY2020-21,Rural,Furnishing & Household Equipment Maintenance,,,,,https://www.pbs.gov.pk/wp-content/uploads/2020/07/indices_and_growth_rates_historical-1.pdf (PBS historical indices; category unavailable)
2020-12-01,2020,December,12,FY2020-21,Rural,Health,,,,,https://www.pbs.gov.pk/wp-content/uploads/2020/07/indices_and_growth_rates_historical-1.pdf (PBS historical indices; category unavailable)
2020-12-01,2020,December,12,FY2020-21,Rural,Transport,,,,,https://www.pbs.gov.pk/wp-content/uploads/2020/07/indices_and_growth_rates_historical-1.pdf (PBS historical indices; category unavailable)
2020-12-01,2020,December,12,FY2020-21,Rural,Communication,,,,,https://www.pbs.gov.pk/wp-content/uploads/2020/07/indices_and_growth_rates_historical-1.pdf (PBS historical indices; category unavailable)
2020-12-01,2020,December,12,FY2020-21,Rural,Recreation & Culture,,,,,https://www.pbs.gov.pk/wp-content/uploads/2020/07/indices_and_growth_rates_historical-1.pdf (PBS historical indices; category unavailable)
2020-12-01,2020,December,12,FY2020-21,Rural,Education,,,,,https://www.pbs.gov.pk/wp-content/uploads/2020/07/indices_and_growth_rates_historical-1.pdf (PBS historical indices; category unavailable)
2020-12-01,2020,December,12,FY2020-21,Rural,Restaurants & Hotels,,,,,https://www.pbs.gov.pk/wp-content/uploads/2020/07/indices_and_growth_rates_historical-1.pdf (PBS historical indices; category unavailable)
2020-12-01,2020,December,12,FY2020-21,Rural,Miscellaneous Goods & Services,,,,,https://www.pbs.gov.pk/wp-content/uploads/2020/07/indices_and_growth_rates_historical-1.pdf (PBS historical indices; category unavailable)
2021-01-01,2021,January,1,FY2020-21,National,Food & Non-Alcoholic Beverages,,,,,https://www.pbs.gov.pk/wp-content/uploads/2020/07/indices_and_growth_rates_historical-1.pdf (PBS historical indices; category unavailable)
2021-01-01,2021,January,1,FY2020-21,National,Alcoholic Beverages & Tobacco,,,,,https://www.pbs.gov.pk/wp-content/uploads/2020/07/indices_and_growth_rates_historical-1.pdf (PBS historical indices; category unavailable)
2021-01-01,2021,January,1,FY2020-21,National,Clothing & Footwear,,,,,https://www.pbs.gov.pk/wp-content/uploads/2020/07/indices_and_growth_rates_historical-1.pdf (PBS historical indices; category unavailable)
2021-01-01,2021,January,1,FY2020-21,National,"Housing, Water, Electricity, Gas & Fuels",,,,,https://www.pbs.gov.pk/wp-content/uploads/2020/07/indices_and_growth_rates_historical-1.pdf (PBS historical indices; category unavailable)
2021-01-01,2021,January,1,FY2020-21,National,Furnishing & Household Equipment Maintenance,,,,,https://www.pbs.gov.pk/wp-content/uploads/2020/07/indices_and_growth_rates_historical-1.pdf (PBS historical indices; category unavailable)
2021-01-01,2021,January,1,FY2020-21,National,Health,,,,,https://www.pbs.gov.pk/wp-content/uploads/2020/07/indices_and_growth_rates_historical-1.pdf (PBS historical indices; category unavailable)
2021-01-01,2021,January,1,FY2020-21,National,Transport,,,,,https://www.pbs.gov.pk/wp-content/uploads/2020/07/indices_and_growth_rates_historical-1.pdf (PBS historical indices; category unavailable)
2021-01-01,2021,January,1,FY2020-21,National,Communication,,,,,https://www.pbs.gov.pk/wp-content/uploads/2020/07/indices_and_growth_rates_historical-1.pdf (PBS historical indices; category unavailable)
2021-01-01,2021,January,1,FY2020-21,National,Recreation & Culture,,,,,https://www.pbs.gov.pk/wp-content/uploads/2020/07/indices_and_growth_rates_historical-1.pdf (PBS historical indices; category unavailable)
2021-01-01,2021,January,1,FY2020-21,National,Education,,,,,https://www.pbs.gov.pk/wp-content/uploads/2020/07/indices_and_growth_rates_historical-1.pdf (PBS historical indices; category unavailable)
2021-01-01,2021,January,1,FY2020-21,National,Restaurants & Hotels,,,,,https://www.pbs.gov.pk/wp-content/uploads/2020/07/indices_and_growth_rates_historical-1.pdf (PBS historical indices; category unavailable)
2021-01-01,2021,January,1,FY2020-21,National,Miscellaneous Goods & Services,,,,,https://www.pbs.gov.pk/wp-content/uploads/2020/07/indices_and_growth_rates_historical-1.pdf (PBS historical indices; category unavailable)
2021-01-01,2021,January,1,FY2020-21,Urban,Food & Non-Alcoholic Beverages,,,,,https://www.pbs.gov.pk/wp-content/uploads/2020/07/indices_and_growth_rates_historical-1.pdf (PBS historical indices; category unavailable)
2021-01-01,2021,January,1,FY2020-21,Urban,Alcoholic Beverages & Tobacco,,,,,https://www.pbs.gov.pk/wp-content/uploads/2020/07/indices_and_growth_rates_historical-1.pdf (PBS historical indices; category unavailable)
2021-01-01,2021,January,1,FY2020-21,Urban,Clothing & Footwear,,,,,https://www.pbs.gov.pk/wp-content/uploads/2020/07/indices_and_growth_rates_historical-1.pdf (PBS historical indices; category unavailable)
2021-01-01,2021,January,1,FY2020-21,Urban,"Housing, Water, Electricity, Gas & Fuels",,,,,https://www.pbs.gov.pk/wp-content/uploads/2020/07/indices_and_growth_rates_historical-1.pdf (PBS historical indices; category unavailable)
2021-01-01,2021,January,1,FY2020-21,Urban,Furnishing & Household Equipment Maintenance,,,,,https://www.pbs.gov.pk/wp-content/uploads/2020/07/indices_and_growth_rates_historical-1.pdf (PBS historical indices; category unavailable)
2021-01-01,2021,January,1,FY2020-21,Urban,Health,,,,,https://www.pbs.gov.pk/wp-content/uploads/2020/07/indices_and_growth_rates_historical-1.pdf (PBS historical indices; category unavailable)
2021-01-01,2021,January,1,FY2020-21,Urban,Transport,,,,,https://www.pbs.gov.pk/wp-content/uploads/2020/07/indices_and_growth_rates_historical-1.pdf (PBS historical indices; category unavailable)
2021-01-01,2021,January,1,FY2020-21,Urban,Communication,,,,,https://www.pbs.gov.pk/wp-content/uploads/2020/07/indices_and_growth_rates_historical-1.pdf (PBS historical indices; category unavailable)
2021-01-01,2021,January,1,FY2020-21,Urban,Recreation & Culture,,,,,https://www.pbs.gov.pk/wp-content/uploads/2020/07/indices_and_growth_rates_historical-1.pdf (PBS historical indices; category unavailable)
2021-01-01,2021,January,1,FY2020-21,Urban,Education,,,,,https://www.pbs.gov.pk/wp-content/uploads/2020/07/indices_and_growth_rates_historical-1.pdf (PBS historical indices; category unavailable)
2021-01-01,2021,January,1,FY2020-21,Urban,Restaurants & Hotels,,,,,https://www.pbs.gov.pk/wp-content/uploads/2020/07/indices_and_growth_rates_historical-1.pdf (PBS historical indices; category unavailable)
2021-01-01,2021,January,1,FY2020-21,Urban,Miscellaneous Goods & Services,,,,,https://www.pbs.gov.pk/wp-content/uploads/2020/07/indices_and_growth_rates_historical-1.pdf (PBS historical indices; category unavailable)
2021-01-01,2021,January,1,FY2020-21,Rural,Food & Non-Alcoholic Beverages,,,,,https://www.pbs.gov.pk/wp-content/uploads/2020/07/indices_and_growth_rates_historical-1.pdf (PBS historical indices; category unavailable)
2021-01-01,2021,January,1,FY2020-21,Rural,Alcoholic Beverages & Tobacco,,,,,https://www.pbs.gov.pk/wp-content/uploads/2020/07/indices_and_growth_rates_historical-1.pdf (PBS historical indices; category unavailable)
2021-01-01,2021,January,1,FY2020-21,Rural,Clothing & Footwear,,,,,https://www.pbs.gov.pk/wp-content/uploads/2020/07/indices_and_growth_rates_historical-1.pdf (PBS historical indices; category unavailable)
2021-01-01,2021,January,1,FY2020-21,Rural,"Housing, Water, Electricity, Gas & Fuels",,,,,https://www.pbs.gov.pk/wp-content/uploads/2020/07/indices_and_growth_rates_historical-1.pdf (PBS historical indices; category unavailable)
2021-01-01,2021,January,1,FY2020-21,Rural,Furnishing & Household Equipment Maintenance,,,,,https://www.pbs.gov.pk/wp-content/uploads/2020/07/indices_and_growth_rates_historical-1.pdf (PBS historical indices; category unavailable)
2021-01-01,2021,January,1,FY2020-21,Rural,Health,,,,,https://www.pbs.gov.pk/wp-content/uploads/2020/07/indices_and_growth_rates_historical-1.pdf (PBS historical indices; category unavailable)
2021-01-01,2021,January,1,FY2020-21,Rural,Transport,,,,,https://www.pbs.gov.pk/wp-content/uploads/2020/07/indices_and_growth_rates_historical-1.pdf (PBS historical indices; category unavailable)
2021-01-01,2021,January,1,FY2020-21,Rural,Communication,,,,,https://www.pbs.gov.pk/wp-content/uploads/2020/07/indices_and_growth_rates_historical-1.pdf (PBS historical indices; category unavailable)
2021-01-01,2021,January,1,FY2020-21,Rural,Recreation & Culture,,,,,https://www.pbs.gov.pk/wp-content/uploads/2020/07/indices_and_growth_rates_historical-1.pdf (PBS historical indices; category unavailable)
2021-01-01,2021,January,1,FY2020-21,Rural,Education,,,,,https://www.pbs.gov.pk/wp-content/uploads/2020/07/indices_and_growth_rates_historical-1.pdf (PBS historical indices; category unavailable)
2021-01-01,2021,January,1,FY2020-21,Rural,Restaurants & Hotels,,,,,https://www.pbs.gov.pk/wp-content/uploads/2020/07/indices_and_growth_rates_historical-1.pdf (PBS historical indices; category unavailable)
2021-01-01,2021,January,1,FY2020-21,Rural,Miscellaneous Goods & Services,,,,,https://www.pbs.gov.pk/wp-content/uploads/2020/07/indices_and_growth_rates_historical-1.pdf (PBS historical indices; category unavailable)
2021-02-01,2021,February,2,FY2020-21,National,Food & Non-Alcoholic Beverages,,,,,https://www.pbs.gov.pk/wp-content/uploads/2020/07/indices_and_growth_rates_historical-1.pdf (PBS historical indices; category unavailable)
2021-02-01,2021,February,2,FY2020-21,National,Alcoholic Beverages & Tobacco,,,,,https://www.pbs.gov.pk/wp-content/uploads/2020/07/indices_and_growth_rates_historical-1.pdf (PBS historical indices; category unavailable)
2021-02-01,2021,February,2,FY2020-21,National,Clothing & Footwear,,,,,https://www.pbs.gov.pk/wp-content/uploads/2020/07/indices_and_growth_rates_historical-1.pdf (PBS historical indices; category unavailable)
2021-02-01,2021,February,2,FY2020-21,National,"Housing, Water, Electricity, Gas & Fuels",,,,,https://www.pbs.gov.pk/wp-content/uploads/2020/07/indices_and_growth_rates_historical-1.pdf (PBS historical indices; category unavailable)
2021-02-01,2021,February,2,FY2020-21,National,Furnishing & Household Equipment Maintenance,,,,,https://www.pbs.gov.pk/wp-content/uploads/2020/07/indices_and_growth_rates_historical-1.pdf (PBS historical indices; category unavailable)
2021-02-01,2021,February,2,FY2020-21,National,Health,,,,,https://www.pbs.gov.pk/wp-content/uploads/2020/07/indices_and_growth_rates_historical-1.pdf (PBS historical indices; category unavailable)
2021-02-01,2021,February,2,FY2020-21,National,Transport,,,,,https://www.pbs.gov.pk/wp-content/uploads/2020/07/indices_and_growth_rates_historical-1.pdf (PBS historical indices; category unavailable)
2021-02-01,2021,February,2,FY2020-21,National,Communication,,,,,https://www.pbs.gov.pk/wp-content/uploads/2020/07/indices_and_growth_rates_historical-1.pdf (PBS historical indices; category unavailable)
2021-02-01,2021,February,2,FY2020-21,National,Recreation & Culture,,,,,https://www.pbs.gov.pk/wp-content/uploads/2020/07/indices_and_growth_rates_historical-1.pdf (PBS historical indices; category unavailable)
2021-02-01,2021,February,2,FY2020-21,National,Education,,,,,https://www.pbs.gov.pk/wp-content/uploads/2020/07/indices_and_growth_rates_historical-1.pdf (PBS historical indices; category unavailable)
2021-02-01,2021,February,2,FY2020-21,National,Restaurants & Hotels,,,,,https://www.pbs.gov.pk/wp-content/uploads/2020/07/indices_and_growth_rates_historical-1.pdf (PBS historical indices; category unavailable)
2021-02-01,2021,February,2,FY2020-21,National,Miscellaneous Goods & Services,,,,,https://www.pbs.gov.pk/wp-content/uploads/2020/07/indices_and_growth_rates_historical-1.pdf (PBS historical indices; category unavailable)
2021-02-01,2021,February,2,FY2020-21,Urban,Food & Non-Alcoholic Beverages,,,,,https://www.pbs.gov.pk/wp-content/uploads/2020/07/indices_and_growth_rates_historical-1.pdf (PBS historical indices; category unavailable)
2021-02-01,2021,February,2,FY2020-21,Urban,Alcoholic Beverages & Tobacco,,,,,https://www.pbs.gov.pk/wp-content/uploads/2020/07/indices_and_growth_rates_historical-1.pdf (PBS historical indices; category unavailable)
2021-02-01,2021,February,2,FY2020-21,Urban,Clothing & Footwear,,,,,https://www.pbs.gov.pk/wp-content/uploads/2020/07/indices_and_growth_rates_historical-1.pdf (PBS historical indices; category unavailable)
2021-02-01,2021,February,2,FY2020-21,Urban,"Housing, Water, Electricity, Gas & Fuels",,,,,https://www.pbs.gov.pk/wp-content/uploads/2020/07/indices_and_growth_rates_historical-1.pdf (PBS historical indices; category unavailable)
2021-02-01,2021,February,2,FY2020-21,Urban,Furnishing & Household Equipment Maintenance,,,,,https://www.pbs.gov.pk/wp-content/uploads/2020/07/indices_and_growth_rates_historical-1.pdf (PBS historical indices; category unavailable)
2021-02-01,2021,February,2,FY2020-21,Urban,Health,,,,,https://www.pbs.gov.pk/wp-content/uploads/2020/07/indices_and_growth_rates_historical-1.pdf (PBS historical indices; category unavailable)
2021-02-01,2021,February,2,FY2020-21,Urban,Transport,,,,,https://www.pbs.gov.pk/wp-content/uploads/2020/07/indices_and_growth_rates_historical-1.pdf (PBS historical indices; category unavailable)
2021-02-01,2021,February,2,FY2020-21,Urban,Communication,,,,,https://www.pbs.gov.pk/wp-content/uploads/2020/07/indices_and_growth_rates_historical-1.pdf (PBS historical indices; category unavailable)
2021-02-01,2021,February,2,FY2020-21,Urban,Recreation & Culture,,,,,https://www.pbs.gov.pk/wp-content/uploads/2020/07/indices_and_growth_rates_historical-1.pdf (PBS historical indices; category unavailable)
2021-02-01,2021,February,2,FY2020-21,Urban,Education,,,,,https://www.pbs.gov.pk/wp-content/uploads/2020/07/indices_and_growth_rates_historical-1.pdf (PBS historical indices; category unavailable)
2021-02-01,2021,February,2,FY2020-21,Urban,Restaurants & Hotels,,,,,https://www.pbs.gov.pk/wp-content/uploads/2020/07/indices_and_growth_rates_historical-1.pdf (PBS historical indices; category unavailable)
2021-02-01,2021,February,2,FY2020-21,Urban,Miscellaneous Goods & Services,,,,,https://www.pbs.gov.pk/wp-content/uploads/2020/07/indices_and_growth_rates_historical-1.pdf (PBS historical indices; category unavailable)
2021-02-01,2021,February,2,FY2020-21,Rural,Food & Non-Alcoholic Beverages,,,,,https://www.pbs.gov.pk/wp-content/uploads/2020/07/indices_and_growth_rates_historical-1.pdf (PBS historical indices; category unavailable)
2021-02-01,2021,February,2,FY2020-21,Rural,Alcoholic Beverages & Tobacco,,,,,https://www.pbs.gov.pk/wp-content/uploads/2020/07/indices_and_growth_rates_historical-1.pdf (PBS historical indices; category unavailable)
2021-02-01,2021,February,2,FY2020-21,Rural,Clothing & Footwear,,,,,https://www.pbs.gov.pk/wp-content/uploads/2020/07/indices_and_growth_rates_historical-1.pdf (PBS historical indices; category unavailable)
2021-02-01,2021,February,2,FY2020-21,Rural,"Housing, Water, Electricity, Gas & Fuels",,,,,https://www.pbs.gov.pk/wp-content/uploads/2020/07/indices_and_growth_rates_historical-1.pdf (PBS historical indices; category unavailable)
2021-02-01,2021,February,2,FY2020-21,Rural,Furnishing & Household Equipment Maintenance,,,,,https://www.pbs.gov.pk/wp-content/uploads/2020/07/indices_and_growth_rates_historical-1.pdf (PBS historical indices; category unavailable)
2021-02-01,2021,February,2,FY2020-21,Rural,Health,,,,,https://www.pbs.gov.pk/wp-content/uploads/2020/07/indices_and_growth_rates_historical-1.pdf (PBS historical indices; category unavailable)
2021-02-01,2021,February,2,FY2020-21,Rural,Transport,,,,,https://www.pbs.gov.pk/wp-content/uploads/2020/07/indices_and_growth_rates_historical-1.pdf (PBS historical indices; category unavailable)
2021-02-01,2021,February,2,FY2020-21,Rural,Communication,,,,,https://www.pbs.gov.pk/wp-content/uploads/2020/07/indices_and_growth_rates_historical-1.pdf (PBS historical indices; category unavailable)
2021-02-01,2021,February,2,FY2020-21,Rural,Recreation & Culture,,,,,https://www.pbs.gov.pk/wp-content/uploads/2020/07/indices_and_growth_rates_historical-1.pdf (PBS historical indices; category unavailable)
2021-02-01,2021,February,2,FY2020-21,Rural,Education,,,,,https://www.pbs.gov.pk/wp-content/uploads/2020/07/indices_and_growth_rates_historical-1.pdf (PBS historical indices; category unavailable)
2021-02-01,2021,February,2,FY2020-21,Rural,Restaurants & Hotels,,,,,https://www.pbs.gov.pk/wp-content/uploads/2020/07/indices_and_growth_rates_historical-1.pdf (PBS historical indices; category unavailable)
2021-02-01,2021,February,2,FY2020-21,Rural,Miscellaneous Goods & Services,,,,,https://www.pbs.gov.pk/wp-content/uploads/2020/07/indices_and_growth_rates_historical-1.pdf (PBS historical indices; category unavailable)
2021-03-01,2021,March,3,FY2020-21,National,Food & Non-Alcoholic Beverages,,,,,https://www.pbs.gov.pk/wp-content/uploads/2020/07/indices_and_growth_rates_historical-1.pdf (PBS historical indices; category unavailable)
2021-03-01,2021,March,3,FY2020-21,National,Alcoholic Beverages & Tobacco,,,,,https://www.pbs.gov.pk/wp-content/uploads/2020/07/indices_and_growth_rates_historical-1.pdf (PBS historical indices; category unavailable)
2021-03-01,2021,March,3,FY2020-21,National,Clothing & Footwear,,,,,https://www.pbs.gov.pk/wp-content/uploads/2020/07/indices_and_growth_rates_historical-1.pdf (PBS historical indices; category unavailable)
2021-03-01,2021,March,3,FY2020-21,National,"Housing, Water, Electricity, Gas & Fuels",,,,,https://www.pbs.gov.pk/wp-content/uploads/2020/07/indices_and_growth_rates_historical-1.pdf (PBS historical indices; category unavailable)
2021-03-01,2021,March,3,FY2020-21,National,Furnishing & Household Equipment Maintenance,,,,,https://www.pbs.gov.pk/wp-content/uploads/2020/07/indices_and_growth_rates_historical-1.pdf (PBS historical indices; category unavailable)
2021-03-01,2021,March,3,FY2020-21,National,Health,,,,,https://www.pbs.gov.pk/wp-content/uploads/2020/07/indices_and_growth_rates_historical-1.pdf (PBS historical indices; category unavailable)
2021-03-01,2021,March,3,FY2020-21,National,Transport,,,,,https://www.pbs.gov.pk/wp-content/uploads/2020/07/indices_and_growth_rates_historical-1.pdf (PBS historical indices; category unavailable)
2021-03-01,2021,March,3,FY2020-21,National,Communication,,,,,https://www.pbs.gov.pk/wp-content/uploads/2020/07/indices_and_growth_rates_historical-1.pdf (PBS historical indices; category unavailable)
2021-03-01,2021,March,3,FY2020-21,National,Recreation & Culture,,,,,https://www.pbs.gov.pk/wp-content/uploads/2020/07/indices_and_growth_rates_historical-1.pdf (PBS historical indices; category unavailable)
2021-03-01,2021,March,3,FY2020-21,National,Education,,,,,https://www.pbs.gov.pk/wp-content/uploads/2020/07/indices_and_growth_rates_historical-1.pdf (PBS historical indices; category unavailable)
2021-03-01,2021,March,3,FY2020-21,National,Restaurants & Hotels,,,,,https://www.pbs.gov.pk/wp-content/uploads/2020/07/indices_and_growth_rates_historical-1.pdf (PBS historical indices; category unavailable)
2021-03-01,2021,March,3,FY2020-21,National,Miscellaneous Goods & Services,,,,,https://www.pbs.gov.pk/wp-content/uploads/2020/07/indices_and_growth_rates_historical-1.pdf (PBS historical indices; category unavailable)
2021-03-01,2021,March,3,FY2020-21,Urban,Food & Non-Alcoholic Beverages,,,,,https://www.pbs.gov.pk/wp-content/uploads/2020/07/indices_and_growth_rates_historical-1.pdf (PBS historical indices; category unavailable)
2021-03-01,2021,March,3,FY2020-21,Urban,Alcoholic Beverages & Tobacco,,,,,https://www.pbs.gov.pk/wp-content/uploads/2020/07/indices_and_growth_rates_historical-1.pdf (PBS historical indices; category unavailable)
2021-03-01,2021,March,3,FY2020-21,Urban,Clothing & Footwear,,,,,https://www.pbs.gov.pk/wp-content/uploads/2020/07/indices_and_growth_rates_historical-1.pdf (PBS historical indices; category unavailable)
2021-03-01,2021,March,3,FY2020-21,Urban,"Housing, Water, Electricity, Gas & Fuels",,,,,https://www.pbs.gov.pk/wp-content/uploads/2020/07/indices_and_growth_rates_historical-1.pdf (PBS historical indices; category unavailable)
2021-03-01,2021,March,3,FY2020-21,Urban,Furnishing & Household Equipment Maintenance,,,,,https://www.pbs.gov.pk/wp-content/uploads/2020/07/indices_and_growth_rates_historical-1.pdf (PBS historical indices; category unavailable)
2021-03-01,2021,March,3,FY2020-21,Urban,Health,,,,,https://www.pbs.gov.pk/wp-content/uploads/2020/07/indices_and_growth_rates_historical-1.pdf (PBS historical indices; category unavailable)
2021-03-01,2021,March,3,FY2020-21,Urban,Transport,,,,,https://www.pbs.gov.pk/wp-content/uploads/2020/07/indices_and_growth_rates_historical-1.pdf (PBS historical indices; category unavailable)
2021-03-01,2021,March,3,FY2020-21,Urban,Communication,,,,,https://www.pbs.gov.pk/wp-content/uploads/2020/07/indices_and_growth_rates_historical-1.pdf (PBS historical indices; category unavailable)
2021-03-01,2021,March,3,FY2020-21,Urban,Recreation & Culture,,,,,https://www.pbs.gov.pk/wp-content/uploads/2020/07/indices_and_growth_rates_historical-1.pdf (PBS historical indices; category unavailable)
2021-03-01,2021,March,3,FY2020-21,Urban,Education,,,,,https://www.pbs.gov.pk/wp-content/uploads/2020/07/indices_and_growth_rates_historical-1.pdf (PBS historical indices; category unavailable)
2021-03-01,2021,March,3,FY2020-21,Urban,Restaurants & Hotels,,,,,https://www.pbs.gov.pk/wp-content/uploads/2020/07/indices_and_growth_rates_historical-1.pdf (PBS historical indices; category unavailable)
2021-03-01,2021,March,3,FY2020-21,Urban,Miscellaneous Goods & Services,,,,,https://www.pbs.gov.pk/wp-content/uploads/2020/07/indices_and_growth_rates_historical-1.pdf (PBS historical indices; category unavailable)
2021-03-01,2021,March,3,FY2020-21,Rural,Food & Non-Alcoholic Beverages,,,,,https://www.pbs.gov.pk/wp-content/uploads/2020/07/indices_and_growth_rates_historical-1.pdf (PBS historical indices; category unavailable)
2021-03-01,2021,March,3,FY2020-21,Rural,Alcoholic Beverages & Tobacco,,,,,https://www.pbs.gov.pk/wp-content/uploads/2020/07/indices_and_growth_rates_historical-1.pdf (PBS historical indices; category unavailable)
2021-03-01,2021,March,3,FY2020-21,Rural,Clothing & Footwear,,,,,https://www.pbs.gov.pk/wp-content/uploads/2020/07/indices_and_growth_rates_historical-1.pdf (PBS historical indices; category unavailable)
2021-03-01,2021,March,3,FY2020-21,Rural,"Housing, Water, Electricity, Gas & Fuels",,,,,https://www.pbs.gov.pk/wp-content/uploads/2020/07/indices_and_growth_rates_historical-1.pdf (PBS historical indices; category unavailable)
2021-03-01,2021,March,3,FY2020-21,Rural,Furnishing & Household Equipment Maintenance,,,,,https://www.pbs.gov.pk/wp-content/uploads/2020/07/indices_and_growth_rates_historical-1.pdf (PBS historical indices; category unavailable)
2021-03-01,2021,March,3,FY2020-21,Rural,Health,,,,,https://www.pbs.gov.pk/wp-content/uploads/2020/07/indices_and_growth_rates_historical-1.pdf (PBS historical indices; category unavailable)
2021-03-01,2021,March,3,FY2020-21,Rural,Transport,,,,,https://www.pbs.gov.pk/wp-content/uploads/2020/07/indices_and_growth_rates_historical-1.pdf (PBS historical indices; category unavailable)
2021-03-01,2021,March,3,FY2020-21,Rural,Communication,,,,,https://www.pbs.gov.pk/wp-content/uploads/2020/07/indices_and_growth_rates_historical-1.pdf (PBS historical indices; category unavailable)
2021-03-01,2021,March,3,FY2020-21,Rural,Recreation & Culture,,,,,https://www.pbs.gov.pk/wp-content/uploads/2020/07/indices_and_growth_rates_historical-1.pdf (PBS historical indices; category unavailable)
2021-03-01,2021,March,3,FY2020-21,Rural,Education,,,,,https://www.pbs.gov.pk/wp-content/uploads/2020/07/indices_and_growth_rates_historical-1.pdf (PBS historical indices; category unavailable)
2021-03-01,2021,March,3,FY2020-21,Rural,Restaurants & Hotels,,,,,https://www.pbs.gov.pk/wp-content/uploads/2020/07/indices_and_growth_rates_historical-1.pdf (PBS historical indices; category unavailable)
2021-03-01,2021,March,3,FY2020-21,Rural,Miscellaneous Goods & Services,,,,,https://www.pbs.gov.pk/wp-content/uploads/2020/07/indices_and_growth_rates_historical-1.pdf (PBS historical indices; category unavailable)
2021-04-01,2021,April,4,FY2020-21,National,Food & Non-Alcoholic Beverages,,,,,https://www.pbs.gov.pk/wp-content/uploads/2020/07/indices_and_growth_rates_historical-1.pdf (PBS historical indices; category unavailable)
2021-04-01,2021,April,4,FY2020-21,National,Alcoholic Beverages & Tobacco,,,,,https://www.pbs.gov.pk/wp-content/uploads/2020/07/indices_and_growth_rates_historical-1.pdf (PBS historical indices; category unavailable)
2021-04-01,2021,April,4,FY2020-21,National,Clothing & Footwear,,,,,https://www.pbs.gov.pk/wp-content/uploads/2020/07/indices_and_growth_rates_historical-1.pdf (PBS historical indices; category unavailable)
2021-04-01,2021,April,4,FY2020-21,National,"Housing, Water, Electricity, Gas & Fuels",,,,,https://www.pbs.gov.pk/wp-content/uploads/2020/07/indices_and_growth_rates_historical-1.pdf (PBS historical indices; category unavailable)
2021-04-01,2021,April,4,FY2020-21,National,Furnishing & Household Equipment Maintenance,,,,,https://www.pbs.gov.pk/wp-content/uploads/2020/07/indices_and_growth_rates_historical-1.pdf (PBS historical indices; category unavailable)
2021-04-01,2021,April,4,FY2020-21,National,Health,,,,,https://www.pbs.gov.pk/wp-content/uploads/2020/07/indices_and_growth_rates_historical-1.pdf (PBS historical indices; category unavailable)
2021-04-01,2021,April,4,FY2020-21,National,Transport,,,,,https://www.pbs.gov.pk/wp-content/uploads/2020/07/indices_and_growth_rates_historical-1.pdf (PBS historical indices; category unavailable)
2021-04-01,2021,April,4,FY2020-21,National,Communication,,,,,https://www.pbs.gov.pk/wp-content/uploads/2020/07/indices_and_growth_rates_historical-1.pdf (PBS historical indices; category unavailable)
2021-04-01,2021,April,4,FY2020-21,National,Recreation & Culture,,,,,https://www.pbs.gov.pk/wp-content/uploads/2020/07/indices_and_growth_rates_historical-1.pdf (PBS historical indices; category unavailable)
2021-04-01,2021,April,4,FY2020-21,National,Education,,,,,https://www.pbs.gov.pk/wp-content/uploads/2020/07/indices_and_growth_rates_historical-1.pdf (PBS historical indices; category unavailable)
2021-04-01,2021,April,4,FY2020-21,National,Restaurants & Hotels,,,,,https://www.pbs.gov.pk/wp-content/uploads/2020/07/indices_and_growth_rates_historical-1.pdf (PBS historical indices; category unavailable)
2021-04-01,2021,April,4,FY2020-21,National,Miscellaneous Goods & Services,,,,,https://www.pbs.gov.pk/wp-content/uploads/2020/07/indices_and_growth_rates_historical-1.pdf (PBS historical indices; category unavailable)
2021-04-01,2021,April,4,FY2020-21,Urban,Food & Non-Alcoholic Beverages,,,,,https://www.pbs.gov.pk/wp-content/uploads/2020/07/indices_and_growth_rates_historical-1.pdf (PBS historical indices; category unavailable)
2021-04-01,2021,April,4,FY2020-21,Urban,Alcoholic Beverages & Tobacco,,,,,https://www.pbs.gov.pk/wp-content/uploads/2020/07/indices_and_growth_rates_historical-1.pdf (PBS historical indices; category unavailable)
2021-04-01,2021,April,4,FY2020-21,Urban,Clothing & Footwear,,,,,https://www.pbs.gov.pk/wp-content/uploads/2020/07/indices_and_growth_rates_historical-1.pdf (PBS historical indices; category unavailable)
2021-04-01,2021,April,4,FY2020-21,Urban,"Housing, Water, Electricity, Gas & Fuels",,,,,https://www.pbs.gov.pk/wp-content/uploads/2020/07/indices_and_growth_rates_historical-1.pdf (PBS historical indices; category unavailable)
2021-04-01,2021,April,4,FY2020-21,Urban,Furnishing & Household Equipment Maintenance,,,,,https://www.pbs.gov.pk/wp-content/uploads/2020/07/indices_and_growth_rates_historical-1.pdf (PBS historical indices; category unavailable)
2021-04-01,2021,April,4,FY2020-21,Urban,Health,,,,,https://www.pbs.gov.pk/wp-content/uploads/2020/07/indices_and_growth_rates_historical-1.pdf (PBS historical indices; category unavailable)
2021-04-01,2021,April,4,FY2020-21,Urban,Transport,,,,,https://www.pbs.gov.pk/wp-content/uploads/2020/07/indices_and_growth_rates_historical-1.pdf (PBS historical indices; category unavailable)
2021-04-01,2021,April,4,FY2020-21,Urban,Communication,,,,,https://www.pbs.gov.pk/wp-content/uploads/2020/07/indices_and_growth_rates_historical-1.pdf (PBS historical indices; category unavailable)
2021-04-01,2021,April,4,FY2020-21,Urban,Recreation & Culture,,,,,https://www.pbs.gov.pk/wp-content/uploads/2020/07/indices_and_growth_rates_historical-1.pdf (PBS historical indices; category unavailable)
2021-04-01,2021,April,4,FY2020-21,Urban,Education,,,,,https://www.pbs.gov.pk/wp-content/uploads/2020/07/indices_and_growth_rates_historical-1.pdf (PBS historical indices; category unavailable)
2021-04-01,2021,April,4,FY2020-21,Urban,Restaurants & Hotels,,,,,https://www.pbs.gov.pk/wp-content/uploads/2020/07/indices_and_growth_rates_historical-1.pdf (PBS historical indices; category unavailable)
2021-04-01,2021,April,4,FY2020-21,Urban,Miscellaneous Goods & Services,,,,,https://www.pbs.gov.pk/wp-content/uploads/2020/07/indices_and_growth_rates_historical-1.pdf (PBS historical indices; category unavailable)
2021-04-01,2021,April,4,FY2020-21,Rural,Food & Non-Alcoholic Beverages,,,,,https://www.pbs.gov.pk/wp-content/uploads/2020/07/indices_and_growth_rates_historical-1.pdf (PBS historical indices; category unavailable)
2021-04-01,2021,April,4,FY2020-21,Rural,Alcoholic Beverages & Tobacco,,,,,https://www.pbs.gov.pk/wp-content/uploads/2020/07/indices_and_growth_rates_historical-1.pdf (PBS historical indices; category unavailable)
2021-04-01,2021,April,4,FY2020-21,Rural,Clothing & Footwear,,,,,https://www.pbs.gov.pk/wp-content/uploads/2020/07/indices_and_growth_rates_historical-1.pdf (PBS historical indices; category unavailable)
2021-04-01,2021,April,4,FY2020-21,Rural,"Housing, Water, Electricity, Gas & Fuels",,,,,https://www.pbs.gov.pk/wp-content/uploads/2020/07/indices_and_growth_rates_historical-1.pdf (PBS historical indices; category unavailable)
2021-04-01,2021,April,4,FY2020-21,Rural,Furnishing & Household Equipment Maintenance,,,,,https://www.pbs.gov.pk/wp-content/uploads/2020/07/indices_and_growth_rates_historical-1.pdf (PBS historical indices; category unavailable)
2021-04-01,2021,April,4,FY2020-21,Rural,Health,,,,,https://www.pbs.gov.pk/wp-content/uploads/2020/07/indices_and_growth_rates_historical-1.pdf (PBS historical indices; category unavailable)
2021-04-01,2021,April,4,FY2020-21,Rural,Transport,,,,,https://www.pbs.gov.pk/wp-content/uploads/2020/07/indices_and_growth_rates_historical-1.pdf (PBS historical indices; category unavailable)
2021-04-01,2021,April,4,FY2020-21,Rural,Communication,,,,,https://www.pbs.gov.pk/wp-content/uploads/2020/07/indices_and_growth_rates_historical-1.pdf (PBS historical indices; category unavailable)
2021-04-01,2021,April,4,FY2020-21,Rural,Recreation & Culture,,,,,https://www.pbs.gov.pk/wp-content/uploads/2020/07/indices_and_growth_rates_historical-1.pdf (PBS historical indices; category unavailable)
2021-04-01,2021,April,4,FY2020-21,Rural,Education,,,,,https://www.pbs.gov.pk/wp-content/uploads/2020/07/indices_and_growth_rates_historical-1.pdf (PBS historical indices; category unavailable)
2021-04-01,2021,April,4,FY2020-21,Rural,Restaurants & Hotels,,,,,https://www.pbs.gov.pk/wp-content/uploads/2020/07/indices_and_growth_rates_historical-1.pdf (PBS historical indices; category unavailable)
2021-04-01,2021,April,4,FY2020-21,Rural,Miscellaneous Goods & Services,,,,,https://www.pbs.gov.pk/wp-content/uploads/2020/07/indices_and_growth_rates_historical-1.pdf (PBS historical indices; category unavailable)
2021-05-01,2021,May,5,FY2020-21,National,Food & Non-Alcoholic Beverages,,,,,https://www.pbs.gov.pk/wp-content/uploads/2020/07/indices_and_growth_rates_historical-1.pdf (PBS historical indices; category unavailable)
2021-05-01,2021,May,5,FY2020-21,National,Alcoholic Beverages & Tobacco,,,,,https://www.pbs.gov.pk/wp-content/uploads/2020/07/indices_and_growth_rates_historical-1.pdf (PBS historical indices; category unavailable)
2021-05-01,2021,May,5,FY2020-21,National,Clothing & Footwear,,,,,https://www.pbs.gov.pk/wp-content/uploads/2020/07/indices_and_growth_rates_historical-1.pdf (PBS historical indices; category unavailable)
2021-05-01,2021,May,5,FY2020-21,National,"Housing, Water, Electricity, Gas & Fuels",,,,,https://www.pbs.gov.pk/wp-content/uploads/2020/07/indices_and_growth_rates_historical-1.pdf (PBS historical indices; category unavailable)
2021-05-01,2021,May,5,FY2020-21,National,Furnishing & Household Equipment Maintenance,,,,,https://www.pbs.gov.pk/wp-content/uploads/2020/07/indices_and_growth_rates_historical-1.pdf (PBS historical indices; category unavailable)
2021-05-01,2021,May,5,FY2020-21,National,Health,,,,,https://www.pbs.gov.pk/wp-content/uploads/2020/07/indices_and_growth_rates_historical-1.pdf (PBS historical indices; category unavailable)
2021-05-01,2021,May,5,FY2020-21,National,Transport,,,,,https://www.pbs.gov.pk/wp-content/uploads/2020/07/indices_and_growth_rates_historical-1.pdf (PBS historical indices; category unavailable)
2021-05-01,2021,May,5,FY2020-21,National,Communication,,,,,https://www.pbs.gov.pk/wp-content/uploads/2020/07/indices_and_growth_rates_historical-1.pdf (PBS historical indices; category unavailable)
2021-05-01,2021,May,5,FY2020-21,National,Recreation & Culture,,,,,https://www.pbs.gov.pk/wp-content/uploads/2020/07/indices_and_growth_rates_historical-1.pdf (PBS historical indices; category unavailable)
2021-05-01,2021,May,5,FY2020-21,National,Education,,,,,https://www.pbs.gov.pk/wp-content/uploads/2020/07/indices_and_growth_rates_historical-1.pdf (PBS historical indices; category unavailable)
2021-05-01,2021,May,5,FY2020-21,National,Restaurants & Hotels,,,,,https://www.pbs.gov.pk/wp-content/uploads/2020/07/indices_and_growth_rates_historical-1.pdf (PBS historical indices; category unavailable)
2021-05-01,2021,May,5,FY2020-21,National,Miscellaneous Goods & Services,,,,,https://www.pbs.gov.pk/wp-content/uploads/2020/07/indices_and_growth_rates_historical-1.pdf (PBS historical indices; category unavailable)
2021-05-01,2021,May,5,FY2020-21,Urban,Food & Non-Alcoholic Beverages,,,,,https://www.pbs.gov.pk/wp-content/uploads/2020/07/indices_and_growth_rates_historical-1.pdf (PBS historical indices; category unavailable)
2021-05-01,2021,May,5,FY2020-21,Urban,Alcoholic Beverages & Tobacco,,,,,https://www.pbs.gov.pk/wp-content/uploads/2020/07/indices_and_growth_rates_historical-1.pdf (PBS historical indices; category unavailable)
2021-05-01,2021,May,5,FY2020-21,Urban,Clothing & Footwear,,,,,https://www.pbs.gov.pk/wp-content/uploads/2020/07/indices_and_growth_rates_historical-1.pdf (PBS historical indices; category unavailable)
2021-05-01,2021,May,5,FY2020-21,Urban,"Housing, Water, Electricity, Gas & Fuels",,,,,https://www.pbs.gov.pk/wp-content/uploads/2020/07/indices_and_growth_rates_historical-1.pdf (PBS historical indices; category unavailable)
2021-05-01,2021,May,5,FY2020-21,Urban,Furnishing & Household Equipment Maintenance,,,,,https://www.pbs.gov.pk/wp-content/uploads/2020/07/indices_and_growth_rates_historical-1.pdf (PBS historical indices; category unavailable)
2021-05-01,2021,May,5,FY2020-21,Urban,Health,,,,,https://www.pbs.gov.pk/wp-content/uploads/2020/07/indices_and_growth_rates_historical-1.pdf (PBS historical indices; category unavailable)
2021-05-01,2021,May,5,FY2020-21,Urban,Transport,,,,,https://www.pbs.gov.pk/wp-content/uploads/2020/07/indices_and_growth_rates_historical-1.pdf (PBS historical indices; category unavailable)
2021-05-01,2021,May,5,FY2020-21,Urban,Communication,,,,,https://www.pbs.gov.pk/wp-content/uploads/2020/07/indices_and_growth_rates_historical-1.pdf (PBS historical indices; category unavailable)
2021-05-01,2021,May,5,FY2020-21,Urban,Recreation & Culture,,,,,https://www.pbs.gov.pk/wp-content/uploads/2020/07/indices_and_growth_rates_historical-1.pdf (PBS historical indices; category unavailable)
2021-05-01,2021,May,5,FY2020-21,Urban,Education,,,,,https://www.pbs.gov.pk/wp-content/uploads/2020/07/indices_and_growth_rates_historical-1.pdf (PBS historical indices; category unavailable)
2021-05-01,2021,May,5,FY2020-21,Urban,Restaurants & Hotels,,,,,https://www.pbs.gov.pk/wp-content/uploads/2020/07/indices_and_growth_rates_historical-1.pdf (PBS historical indices; category unavailable)
2021-05-01,2021,May,5,FY2020-21,Urban,Miscellaneous Goods & Services,,,,,https://www.pbs.gov.pk/wp-content/uploads/2020/07/indices_and_growth_rates_historical-1.pdf (PBS historical indices; category unavailable)
2021-05-01,2021,May,5,FY2020-21,Rural,Food & Non-Alcoholic Beverages,,,,,https://www.pbs.gov.pk/wp-content/uploads/2020/07/indices_and_growth_rates_historical-1.pdf (PBS historical indices; category unavailable)
2021-05-01,2021,May,5,FY2020-21,Rural,Alcoholic Beverages & Tobacco,,,,,https://www.pbs.gov.pk/wp-content/uploads/2020/07/indices_and_growth_rates_historical-1.pdf (PBS historical indices; category unavailable)
2021-05-01,2021,May,5,FY2020-21,Rural,Clothing & Footwear,,,,,https://www.pbs.gov.pk/wp-content/uploads/2020/07/indices_and_growth_rates_historical-1.pdf (PBS historical indices; category unavailable)
2021-05-01,2021,May,5,FY2020-21,Rural,"Housing, Water, Electricity, Gas & Fuels",,,,,https://www.pbs.gov.pk/wp-content/uploads/2020/07/indices_and_growth_rates_historical-1.pdf (PBS historical indices; category unavailable)
2021-05-01,2021,May,5,FY2020-21,Rural,Furnishing & Household Equipment Maintenance,,,,,https://www.pbs.gov.pk/wp-content/uploads/2020/07/indices_and_growth_rates_historical-1.pdf (PBS historical indices; category unavailable)
2021-05-01,2021,May,5,FY2020-21,Rural,Health,,,,,https://www.pbs.gov.pk/wp-content/uploads/2020/07/indices_and_growth_rates_historical-1.pdf (PBS historical indices; category unavailable)
2021-05-01,2021,May,5,FY2020-21,Rural,Transport,,,,,https://www.pbs.gov.pk/wp-content/uploads/2020/07/indices_and_growth_rates_historical-1.pdf (PBS historical indices; category unavailable)
2021-05-01,2021,May,5,FY2020-21,Rural,Communication,,,,,https://www.pbs.gov.pk/wp-content/uploads/2020/07/indices_and_growth_rates_historical-1.pdf (PBS historical indices; category unavailable)
2021-05-01,2021,May,5,FY2020-21,Rural,Recreation & Culture,,,,,https://www.pbs.gov.pk/wp-content/uploads/2020/07/indices_and_growth_rates_historical-1.pdf (PBS historical indices; category unavailable)
2021-05-01,2021,May,5,FY2020-21,Rural,Education,,,,,https://www.pbs.gov.pk/wp-content/uploads/2020/07/indices_and_growth_rates_historical-1.pdf (PBS historical indices; category unavailable)
2021-05-01,2021,May,5,FY2020-21,Rural,Restaurants & Hotels,,,,,https://www.pbs.gov.pk/wp-content/uploads/2020/07/indices_and_growth_rates_historical-1.pdf (PBS historical indices; category unavailable)
2021-05-01,2021,May,5,FY2020-21,Rural,Miscellaneous Goods & Services,,,,,https://www.pbs.gov.pk/wp-content/uploads/2020/07/indices_and_growth_rates_historical-1.pdf (PBS historical indices; category unavailable)
2021-06-01,2021,June,6,FY2020-21,National,Food & Non-Alcoholic Beverages,,,,,https://www.pbs.gov.pk/wp-content/uploads/2020/07/indices_and_growth_rates_historical-1.pdf (PBS historical indices; category unavailable)
2021-06-01,2021,June,6,FY2020-21,National,Alcoholic Beverages & Tobacco,,,,,https://www.pbs.gov.pk/wp-content/uploads/2020/07/indices_and_growth_rates_historical-1.pdf (PBS historical indices; category unavailable)
2021-06-01,2021,June,6,FY2020-21,National,Clothing & Footwear,,,,,https://www.pbs.gov.pk/wp-content/uploads/2020/07/indices_and_growth_rates_historical-1.pdf (PBS historical indices; category unavailable)
2021-06-01,2021,June,6,FY2020-21,National,"Housing, Water, Electricity, Gas & Fuels",,,,,https://www.pbs.gov.pk/wp-content/uploads/2020/07/indices_and_growth_rates_historical-1.pdf (PBS historical indices; category unavailable)
2021-06-01,2021,June,6,FY2020-21,National,Furnishing & Household Equipment Maintenance,,,,,https://www.pbs.gov.pk/wp-content/uploads/2020/07/indices_and_growth_rates_historical-1.pdf (PBS historical indices; category unavailable)
2021-06-01,2021,June,6,FY2020-21,National,Health,,,,,https://www.pbs.gov.pk/wp-content/uploads/2020/07/indices_and_growth_rates_historical-1.pdf (PBS historical indices; category unavailable)
2021-06-01,2021,June,6,FY2020-21,National,Transport,,,,,https://www.pbs.gov.pk/wp-content/uploads/2020/07/indices_and_growth_rates_historical-1.pdf (PBS historical indices; category unavailable)
2021-06-01,2021,June,6,FY2020-21,National,Communication,,,,,https://www.pbs.gov.pk/wp-content/uploads/2020/07/indices_and_growth_rates_historical-1.pdf (PBS historical indices; category unavailable)
2021-06-01,2021,June,6,FY2020-21,National,Recreation & Culture,,,,,https://www.pbs.gov.pk/wp-content/uploads/2020/07/indices_and_growth_rates_historical-1.pdf (PBS historical indices; category unavailable)
2021-06-01,2021,June,6,FY2020-21,National,Education,,,,,https://www.pbs.gov.pk/wp-content/uploads/2020/07/indices_and_growth_rates_historical-1.pdf (PBS historical indices; category unavailable)
2021-06-01,2021,June,6,FY2020-21,National,Restaurants & Hotels,,,,,https://www.pbs.gov.pk/wp-content/uploads/2020/07/indices_and_growth_rates_historical-1.pdf (PBS historical indices; category unavailable)
2021-06-01,2021,June,6,FY2020-21,National,Miscellaneous Goods & Services,,,,,https://www.pbs.gov.pk/wp-content/uploads/2020/07/indices_and_growth_rates_historical-1.pdf (PBS historical indices; category unavailable)
2021-06-01,2021,June,6,FY2020-21,Urban,Food & Non-Alcoholic Beverages,,,,,https://www.pbs.gov.pk/wp-content/uploads/2020/07/indices_and_growth_rates_historical-1.pdf (PBS historical indices; category unavailable)
2021-06-01,2021,June,6,FY2020-21,Urban,Alcoholic Beverages & Tobacco,,,,,https://www.pbs.gov.pk/wp-content/uploads/2020/07/indices_and_growth_rates_historical-1.pdf (PBS historical indices; category unavailable)
2021-06-01,2021,June,6,FY2020-21,Urban,Clothing & Footwear,,,,,https://www.pbs.gov.pk/wp-content/uploads/2020/07/indices_and_growth_rates_historical-1.pdf (PBS historical indices; category unavailable)
2021-06-01,2021,June,6,FY2020-21,Urban,"Housing, Water, Electricity, Gas & Fuels",,,,,https://www.pbs.gov.pk/wp-content/uploads/2020/07/indices_and_growth_rates_historical-1.pdf (PBS historical indices; category unavailable)
2021-06-01,2021,June,6,FY2020-21,Urban,Furnishing & Household Equipment Maintenance,,,,,https://www.pbs.gov.pk/wp-content/uploads/2020/07/indices_and_growth_rates_historical-1.pdf (PBS historical indices; category unavailable)
2021-06-01,2021,June,6,FY2020-21,Urban,Health,,,,,https://www.pbs.gov.pk/wp-content/uploads/2020/07/indices_and_growth_rates_historical-1.pdf (PBS historical indices; category unavailable)
2021-06-01,2021,June,6,FY2020-21,Urban,Transport,,,,,https://www.pbs.gov.pk/wp-content/uploads/2020/07/indices_and_growth_rates_historical-1.pdf (PBS historical indices; category unavailable)
2021-06-01,2021,June,6,FY2020-21,Urban,Communication,,,,,https://www.pbs.gov.pk/wp-content/uploads/2020/07/indices_and_growth_rates_historical-1.pdf (PBS historical indices; category unavailable)
2021-06-01,2021,June,6,FY2020-21,Urban,Recreation & Culture,,,,,https://www.pbs.gov.pk/wp-content/uploads/2020/07/indices_and_growth_rates_historical-1.pdf (PBS historical indices; category unavailable)
2021-06-01,2021,June,6,FY2020-21,Urban,Education,,,,,https://www.pbs.gov.pk/wp-content/uploads/2020/07/indices_and_growth_rates_historical-1.pdf (PBS historical indices; category unavailable)
2021-06-01,2021,June,6,FY2020-21,Urban,Restaurants & Hotels,,,,,https://www.pbs.gov.pk/wp-content/uploads/2020/07/indices_and_growth_rates_historical-1.pdf (PBS historical indices; category unavailable)
2021-06-01,2021,June,6,FY2020-21,Urban,Miscellaneous Goods & Services,,,,,https://www.pbs.gov.pk/wp-content/uploads/2020/07/indices_and_growth_rates_historical-1.pdf (PBS historical indices; category unavailable)
2021-06-01,2021,June,6,FY2020-21,Rural,Food & Non-Alcoholic Beverages,,,,,https://www.pbs.gov.pk/wp-content/uploads/2020/07/indices_and_growth_rates_historical-1.pdf (PBS historical indices; category unavailable)
2021-06-01,2021,June,6,FY2020-21,Rural,Alcoholic Beverages & Tobacco,,,,,https://www.pbs.gov.pk/wp-content/uploads/2020/07/indices_and_growth_rates_historical-1.pdf (PBS historical indices; category unavailable)
2021-06-01,2021,June,6,FY2020-21,Rural,Clothing & Footwear,,,,,https://www.pbs.gov.pk/wp-content/uploads/2020/07/indices_and_growth_rates_historical-1.pdf (PBS historical indices; category unavailable)
2021-06-01,2021,June,6,FY2020-21,Rural,"Housing, Water, Electricity, Gas & Fuels",,,,,https://www.pbs.gov.pk/wp-content/uploads/2020/07/indices_and_growth_rates_historical-1.pdf (PBS historical indices; category unavailable)
2021-06-01,2021,June,6,FY2020-21,Rural,Furnishing & Household Equipment Maintenance,,,,,https://www.pbs.gov.pk/wp-content/uploads/2020/07/indices_and_growth_rates_historical-1.pdf (PBS historical indices; category unavailable)
2021-06-01,2021,June,6,FY2020-21,Rural,Health,,,,,https://www.pbs.gov.pk/wp-content/uploads/2020/07/indices_and_growth_rates_historical-1.pdf (PBS historical indices; category unavailable)
2021-06-01,2021,June,6,FY2020-21,Rural,Transport,,,,,https://www.pbs.gov.pk/wp-content/uploads/2020/07/indices_and_growth_rates_historical-1.pdf (PBS historical indices; category unavailable)
2021-06-01,2021,June,6,FY2020-21,Rural,Communication,,,,,https://www.pbs.gov.pk/wp-content/uploads/2020/07/indices_and_growth_rates_historical-1.pdf (PBS historical indices; category unavailable)
2021-06-01,2021,June,6,FY2020-21,Rural,Recreation & Culture,,,,,https://www.pbs.gov.pk/wp-content/uploads/2020/07/indices_and_growth_rates_historical-1.pdf (PBS historical indices; category unavailable)
2021-06-01,2021,June,6,FY2020-21,Rural,Education,,,,,https://www.pbs.gov.pk/wp-content/uploads/2020/07/indices_and_growth_rates_historical-1.pdf (PBS historical indices; category unavailable)
2021-06-01,2021,June,6,FY2020-21,Rural,Restaurants & Hotels,,,,,https://www.pbs.gov.pk/wp-content/uploads/2020/07/indices_and_growth_rates_historical-1.pdf (PBS historical indices; category unavailable)
2021-06-01,2021,June,6,FY2020-21,Rural,Miscellaneous Goods & Services,,,,,https://www.pbs.gov.pk/wp-content/uploads/2020/07/indices_and_growth_rates_historical-1.pdf (PBS historical indices; category unavailable)
2021-07-01,2021,July,7,FY2021-22,National,Food & Non-Alcoholic Beverages,,,,,https://www.pbs.gov.pk/wp-content/uploads/2020/07/indices_and_growth_rates_historical-1.pdf (PBS historical indices; category unavailable)
2021-07-01,2021,July,7,FY2021-22,National,Alcoholic Beverages & Tobacco,,,,,https://www.pbs.gov.pk/wp-content/uploads/2020/07/indices_and_growth_rates_historical-1.pdf (PBS historical indices; category unavailable)
2021-07-01,2021,July,7,FY2021-22,National,Clothing & Footwear,,,,,https://www.pbs.gov.pk/wp-content/uploads/2020/07/indices_and_growth_rates_historical-1.pdf (PBS historical indices; category unavailable)
2021-07-01,2021,July,7,FY2021-22,National,"Housing, Water, Electricity, Gas & Fuels",,,,,https://www.pbs.gov.pk/wp-content/uploads/2020/07/indices_and_growth_rates_historical-1.pdf (PBS historical indices; category unavailable)
2021-07-01,2021,July,7,FY2021-22,National,Furnishing & Household Equipment Maintenance,,,,,https://www.pbs.gov.pk/wp-content/uploads/2020/07/indices_and_growth_rates_historical-1.pdf (PBS historical indices; category unavailable)
2021-07-01,2021,July,7,FY2021-22,National,Health,,,,,https://www.pbs.gov.pk/wp-content/uploads/2020/07/indices_and_growth_rates_historical-1.pdf (PBS historical indices; category unavailable)
2021-07-01,2021,July,7,FY2021-22,National,Transport,,,,,https://www.pbs.gov.pk/wp-content/uploads/2020/07/indices_and_growth_rates_historical-1.pdf (PBS historical indices; category unavailable)
2021-07-01,2021,July,7,FY2021-22,National,Communication,,,,,https://www.pbs.gov.pk/wp-content/uploads/2020/07/indices_and_growth_rates_historical-1.pdf (PBS historical indices; category unavailable)
2021-07-01,2021,July,7,FY2021-22,National,Recreation & Culture,,,,,https://www.pbs.gov.pk/wp-content/uploads/2020/07/indices_and_growth_rates_historical-1.pdf (PBS historical indices; category unavailable)
2021-07-01,2021,July,7,FY2021-22,National,Education,,,,,https://www.pbs.gov.pk/wp-content/uploads/2020/07/indices_and_growth_rates_historical-1.pdf (PBS historical indices; category unavailable)
2021-07-01,2021,July,7,FY2021-22,National,Restaurants & Hotels,,,,,https://www.pbs.gov.pk/wp-content/uploads/2020/07/indices_and_growth_rates_historical-1.pdf (PBS historical indices; category unavailable)
2021-07-01,2021,July,7,FY2021-22,National,Miscellaneous Goods & Services,,,,,https://www.pbs.gov.pk/wp-content/uploads/2020/07/indices_and_growth_rates_historical-1.pdf (PBS historical indices; category unavailable)
2021-07-01,2021,July,7,FY2021-22,Urban,Food & Non-Alcoholic Beverages,,,,,https://www.pbs.gov.pk/wp-content/uploads/2020/07/indices_and_growth_rates_historical-1.pdf (PBS historical indices; category unavailable)
2021-07-01,2021,July,7,FY2021-22,Urban,Alcoholic Beverages & Tobacco,,,,,https://www.pbs.gov.pk/wp-content/uploads/2020/07/indices_and_growth_rates_historical-1.pdf (PBS historical indices; category unavailable)
2021-07-01,2021,July,7,FY2021-22,Urban,Clothing & Footwear,,,,,https://www.pbs.gov.pk/wp-content/uploads/2020/07/indices_and_growth_rates_historical-1.pdf (PBS historical indices; category unavailable)
2021-07-01,2021,July,7,FY2021-22,Urban,"Housing, Water, Electricity, Gas & Fuels",,,,,https://www.pbs.gov.pk/wp-content/uploads/2020/07/indices_and_growth_rates_historical-1.pdf (PBS historical indices; category unavailable)
2021-07-01,2021,July,7,FY2021-22,Urban,Furnishing & Household Equipment Maintenance,,,,,https://www.pbs.gov.pk/wp-content/uploads/2020/07/indices_and_growth_rates_historical-1.pdf (PBS historical indices; category unavailable)
2021-07-01,2021,July,7,FY2021-22,Urban,Health,,,,,https://www.pbs.gov.pk/wp-content/uploads/2020/07/indices_and_growth_rates_historical-1.pdf (PBS historical indices; category unavailable)
2021-07-01,2021,July,7,FY2021-22,Urban,Transport,,,,,https://www.pbs.gov.pk/wp-content/uploads/2020/07/indices_and_growth_rates_historical-1.pdf (PBS historical indices; category unavailable)
2021-07-01,2021,July,7,FY2021-22,Urban,Communication,,,,,https://www.pbs.gov.pk/wp-content/uploads/2020/07/indices_and_growth_rates_historical-1.pdf (PBS historical indices; category unavailable)
2021-07-01,2021,July,7,FY2021-22,Urban,Recreation & Culture,,,,,https://www.pbs.gov.pk/wp-content/uploads/2020/07/indices_and_growth_rates_historical-1.pdf (PBS historical indices; category unavailable)
2021-07-01,2021,July,7,FY2021-22,Urban,Education,,,,,https://www.pbs.gov.pk/wp-content/uploads/2020/07/indices_and_growth_rates_historical-1.pdf (PBS historical indices; category unavailable)
2021-07-01,2021,July,7,FY2021-22,Urban,Restaurants & Hotels,,,,,https://www.pbs.gov.pk/wp-content/uploads/2020/07/indices_and_growth_rates_historical-1.pdf (PBS historical indices; category unavailable)
2021-07-01,2021,July,7,FY2021-22,Urban,Miscellaneous Goods & Services,,,,,https://www.pbs.gov.pk/wp-content/uploads/2020/07/indices_and_growth_rates_historical-1.pdf (PBS historical indices; category unavailable)
2021-07-01,2021,July,7,FY2021-22,Rural,Food & Non-Alcoholic Beverages,,,,,https://www.pbs.gov.pk/wp-content/uploads/2020/07/indices_and_growth_rates_historical-1.pdf (PBS historical indices; category unavailable)
2021-07-01,2021,July,7,FY2021-22,Rural,Alcoholic Beverages & Tobacco,,,,,https://www.pbs.gov.pk/wp-content/uploads/2020/07/indices_and_growth_rates_historical-1.pdf (PBS historical indices; category unavailable)
2021-07-01,2021,July,7,FY2021-22,Rural,Clothing & Footwear,,,,,https://www.pbs.gov.pk/wp-content/uploads/2020/07/indices_and_growth_rates_historical-1.pdf (PBS historical indices; category unavailable)
2021-07-01,2021,July,7,FY2021-22,Rural,"Housing, Water, Electricity, Gas & Fuels",,,,,https://www.pbs.gov.pk/wp-content/uploads/2020/07/indices_and_growth_rates_historical-1.pdf (PBS historical indices; category unavailable)
2021-07-01,2021,July,7,FY2021-22,Rural,Furnishing & Household Equipment Maintenance,,,,,https://www.pbs.gov.pk/wp-content/uploads/2020/07/indices_and_growth_rates_historical-1.pdf (PBS historical indices; category unavailable)
2021-07-01,2021,July,7,FY2021-22,Rural,Health,,,,,https://www.pbs.gov.pk/wp-content/uploads/2020/07/indices_and_growth_rates_historical-1.pdf (PBS historical indices; category unavailable)
2021-07-01,2021,July,7,FY2021-22,Rural,Transport,,,,,https://www.pbs.gov.pk/wp-content/uploads/2020/07/indices_and_growth_rates_historical-1.pdf (PBS historical indices; category unavailable)
2021-07-01,2021,July,7,FY2021-22,Rural,Communication,,,,,https://www.pbs.gov.pk/wp-content/uploads/2020/07/indices_and_growth_rates_historical-1.pdf (PBS historical indices; category unavailable)
2021-07-01,2021,July,7,FY2021-22,Rural,Recreation & Culture,,,,,https://www.pbs.gov.pk/wp-content/uploads/2020/07/indices_and_growth_rates_historical-1.pdf (PBS historical indices; category unavailable)
2021-07-01,2021,July,7,FY2021-22,Rural,Education,,,,,https://www.pbs.gov.pk/wp-content/uploads/2020/07/indices_and_growth_rates_historical-1.pdf (PBS historical indices; category unavailable)
2021-07-01,2021,July,7,FY2021-22,Rural,Restaurants & Hotels,,,,,https://www.pbs.gov.pk/wp-content/uploads/2020/07/indices_and_growth_rates_historical-1.pdf (PBS historical indices; category unavailable)
2021-07-01,2021,July,7,FY2021-22,Rural,Miscellaneous Goods & Services,,,,,https://www.pbs.gov.pk/wp-content/uploads/2020/07/indices_and_growth_rates_historical-1.pdf (PBS historical indices; category unavailable)
2021-08-01,2021,August,8,FY2021-22,National,Food & Non-Alcoholic Beverages,,,,,https://www.pbs.gov.pk/wp-content/uploads/2020/07/indices_and_growth_rates_historical-1.pdf (PBS historical indices; category unavailable)
2021-08-01,2021,August,8,FY2021-22,National,Alcoholic Beverages & Tobacco,,,,,https://www.pbs.gov.pk/wp-content/uploads/2020/07/indices_and_growth_rates_historical-1.pdf (PBS historical indices; category unavailable)
2021-08-01,2021,August,8,FY2021-22,National,Clothing & Footwear,,,,,https://www.pbs.gov.pk/wp-content/uploads/2020/07/indices_and_growth_rates_historical-1.pdf (PBS historical indices; category unavailable)
2021-08-01,2021,August,8,FY2021-22,National,"Housing, Water, Electricity, Gas & Fuels",,,,,https://www.pbs.gov.pk/wp-content/uploads/2020/07/indices_and_growth_rates_historical-1.pdf (PBS historical indices; category unavailable)
2021-08-01,2021,August,8,FY2021-22,National,Furnishing & Household Equipment Maintenance,,,,,https://www.pbs.gov.pk/wp-content/uploads/2020/07/indices_and_growth_rates_historical-1.pdf (PBS historical indices; category unavailable)
2021-08-01,2021,August,8,FY2021-22,National,Health,,,,,https://www.pbs.gov.pk/wp-content/uploads/2020/07/indices_and_growth_rates_historical-1.pdf (PBS historical indices; category unavailable)
2021-08-01,2021,August,8,FY2021-22,National,Transport,,,,,https://www.pbs.gov.pk/wp-content/uploads/2020/07/indices_and_growth_rates_historical-1.pdf (PBS historical indices; category unavailable)
2021-08-01,2021,August,8,FY2021-22,National,Communication,,,,,https://www.pbs.gov.pk/wp-content/uploads/2020/07/indices_and_growth_rates_historical-1.pdf (PBS historical indices; category unavailable)
2021-08-01,2021,August,8,FY2021-22,National,Recreation & Culture,,,,,https://www.pbs.gov.pk/wp-content/uploads/2020/07/indices_and_growth_rates_historical-1.pdf (PBS historical indices; category unavailable)
2021-08-01,2021,August,8,FY2021-22,National,Education,,,,,https://www.pbs.gov.pk/wp-content/uploads/2020/07/indices_and_growth_rates_historical-1.pdf (PBS historical indices; category unavailable)
2021-08-01,2021,August,8,FY2021-22,National,Restaurants & Hotels,,,,,https://www.pbs.gov.pk/wp-content/uploads/2020/07/indices_and_growth_rates_historical-1.pdf (PBS historical indices; category unavailable)
2021-08-01,2021,August,8,FY2021-22,National,Miscellaneous Goods & Services,,,,,https://www.pbs.gov.pk/wp-content/uploads/2020/07/indices_and_growth_rates_historical-1.pdf (PBS historical indices; category unavailable)
2021-08-01,2021,August,8,FY2021-22,Urban,Food & Non-Alcoholic Beverages,,,,,https://www.pbs.gov.pk/wp-content/uploads/2020/07/indices_and_growth_rates_historical-1.pdf (PBS historical indices; category unavailable)
2021-08-01,2021,August,8,FY2021-22,Urban,Alcoholic Beverages & Tobacco,,,,,https://www.pbs.gov.pk/wp-content/uploads/2020/07/indices_and_growth_rates_historical-1.pdf (PBS historical indices; category unavailable)
2021-08-01,2021,August,8,FY2021-22,Urban,Clothing & Footwear,,,,,https://www.pbs.gov.pk/wp-content/uploads/2020/07/indices_and_growth_rates_historical-1.pdf (PBS historical indices; category unavailable)
2021-08-01,2021,August,8,FY2021-22,Urban,"Housing, Water, Electricity, Gas & Fuels",,,,,https://www.pbs.gov.pk/wp-content/uploads/2020/07/indices_and_growth_rates_historical-1.pdf (PBS historical indices; category unavailable)
2021-08-01,2021,August,8,FY2021-22,Urban,Furnishing & Household Equipment Maintenance,,,,,https://www.pbs.gov.pk/wp-content/uploads/2020/07/indices_and_growth_rates_historical-1.pdf (PBS historical indices; category unavailable)
2021-08-01,2021,August,8,FY2021-22,Urban,Health,,,,,https://www.pbs.gov.pk/wp-content/uploads/2020/07/indices_and_growth_rates_historical-1.pdf (PBS historical indices; category unavailable)
2021-08-01,2021,August,8,FY2021-22,Urban,Transport,,,,,https://www.pbs.gov.pk/wp-content/uploads/2020/07/indices_and_growth_rates_historical-1.pdf (PBS historical indices; category unavailable)
2021-08-01,2021,August,8,FY2021-22,Urban,Communication,,,,,https://www.pbs.gov.pk/wp-content/uploads/2020/07/indices_and_growth_rates_historical-1.pdf (PBS historical indices; category unavailable)
2021-08-01,2021,August,8,FY2021-22,Urban,Recreation & Culture,,,,,https://www.pbs.gov.pk/wp-content/uploads/2020/07/indices_and_growth_rates_historical-1.pdf (PBS historical indices; category unavailable)
2021-08-01,2021,August,8,FY2021-22,Urban,Education,,,,,https://www.pbs.gov.pk/wp-content/uploads/2020/07/indices_and_growth_rates_historical-1.pdf (PBS historical indices; category unavailable)
2021-08-01,2021,August,8,FY2021-22,Urban,Restaurants & Hotels,,,,,https://www.pbs.gov.pk/wp-content/uploads/2020/07/indices_and_growth_rates_historical-1.pdf (PBS historical indices; category unavailable)
2021-08-01,2021,August,8,FY2021-22,Urban,Miscellaneous Goods & Services,,,,,https://www.pbs.gov.pk/wp-content/uploads/2020/07/indices_and_growth_rates_historical-1.pdf (PBS historical indices; category unavailable)
2021-08-01,2021,August,8,FY2021-22,Rural,Food & Non-Alcoholic Beverages,,,,,https://www.pbs.gov.pk/wp-content/uploads/2020/07/indices_and_growth_rates_historical-1.pdf (PBS historical indices; category unavailable)
2021-08-01,2021,August,8,FY2021-22,Rural,Alcoholic Beverages & Tobacco,,,,,https://www.pbs.gov.pk/wp-content/uploads/2020/07/indices_and_growth_rates_historical-1.pdf (PBS historical indices; category unavailable)
2021-08-01,2021,August,8,FY2021-22,Rural,Clothing & Footwear,,,,,https://www.pbs.gov.pk/wp-content/uploads/2020/07/indices_and_growth_rates_historical-1.pdf (PBS historical indices; category unavailable)
2021-08-01,2021,August,8,FY2021-22,Rural,"Housing, Water, Electricity, Gas & Fuels",,,,,https://www.pbs.gov.pk/wp-content/uploads/2020/07/indices_and_growth_rates_historical-1.pdf (PBS historical indices; category unavailable)
2021-08-01,2021,August,8,FY2021-22,Rural,Furnishing & Household Equipment Maintenance,,,,,https://www.pbs.gov.pk/wp-content/uploads/2020/07/indices_and_growth_rates_historical-1.pdf (PBS historical indices; category unavailable)
2021-08-01,2021,August,8,FY2021-22,Rural,Health,,,,,https://www.pbs.gov.pk/wp-content/uploads/2020/07/indices_and_growth_rates_historical-1.pdf (PBS historical indices; category unavailable)
2021-08-01,2021,August,8,FY2021-22,Rural,Transport,,,,,https://www.pbs.gov.pk/wp-content/uploads/2020/07/indices_and_growth_rates_historical-1.pdf (PBS historical indices; category unavailable)
2021-08-01,2021,August,8,FY2021-22,Rural,Communication,,,,,https://www.pbs.gov.pk/wp-content/uploads/2020/07/indices_and_growth_rates_historical-1.pdf (PBS historical indices; category unavailable)
2021-08-01,2021,August,8,FY2021-22,Rural,Recreation & Culture,,,,,https://www.pbs.gov.pk/wp-content/uploads/2020/07/indices_and_growth_rates_historical-1.pdf (PBS historical indices; category unavailable)
2021-08-01,2021,August,8,FY2021-22,Rural,Education,,,,,https://www.pbs.gov.pk/wp-content/uploads/2020/07/indices_and_growth_rates_historical-1.pdf (PBS historical indices; category unavailable)
2021-08-01,2021,August,8,FY2021-22,Rural,Restaurants & Hotels,,,,,https://www.pbs.gov.pk/wp-content/uploads/2020/07/indices_and_growth_rates_historical-1.pdf (PBS historical indices; category unavailable)
2021-08-01,2021,August,8,FY2021-22,Rural,Miscellaneous Goods & Services,,,,,https://www.pbs.gov.pk/wp-content/uploads/2020/07/indices_and_growth_rates_historical-1.pdf (PBS historical indices; category unavailable)
2021-09-01,2021,September,9,FY2021-22,National,Food & Non-Alcoholic Beverages,,,,,https://www.pbs.gov.pk/wp-content/uploads/2020/07/indices_and_growth_rates_historical-1.pdf (PBS historical indices; category unavailable)
2021-09-01,2021,September,9,FY2021-22,National,Alcoholic Beverages & Tobacco,,,,,https://www.pbs.gov.pk/wp-content/uploads/2020/07/indices_and_growth_rates_historical-1.pdf (PBS historical indices; category unavailable)
2021-09-01,2021,September,9,FY2021-22,National,Clothing & Footwear,,,,,https://www.pbs.gov.pk/wp-content/uploads/2020/07/indices_and_growth_rates_historical-1.pdf (PBS historical indices; category unavailable)
2021-09-01,2021,September,9,FY2021-22,National,"Housing, Water, Electricity, Gas & Fuels",,,,,https://www.pbs.gov.pk/wp-content/uploads/2020/07/indices_and_growth_rates_historical-1.pdf (PBS historical indices; category unavailable)
2021-09-01,2021,September,9,FY2021-22,National,Furnishing & Household Equipment Maintenance,,,,,https://www.pbs.gov.pk/wp-content/uploads/2020/07/indices_and_growth_rates_historical-1.pdf (PBS historical indices; category unavailable)
2021-09-01,2021,September,9,FY2021-22,National,Health,,,,,https://www.pbs.gov.pk/wp-content/uploads/2020/07/indices_and_growth_rates_historical-1.pdf (PBS historical indices; category unavailable)
2021-09-01,2021,September,9,FY2021-22,National,Transport,,,,,https://www.pbs.gov.pk/wp-content/uploads/2020/07/indices_and_growth_rates_historical-1.pdf (PBS historical indices; category unavailable)
2021-09-01,2021,September,9,FY2021-22,National,Communication,,,,,https://www.pbs.gov.pk/wp-content/uploads/2020/07/indices_and_growth_rates_historical-1.pdf (PBS historical indices; category unavailable)
2021-09-01,2021,September,9,FY2021-22,National,Recreation & Culture,,,,,https://www.pbs.gov.pk/wp-content/uploads/2020/07/indices_and_growth_rates_historical-1.pdf (PBS historical indices; category unavailable)
2021-09-01,2021,September,9,FY2021-22,National,Education,,,,,https://www.pbs.gov.pk/wp-content/uploads/2020/07/indices_and_growth_rates_historical-1.pdf (PBS historical indices; category unavailable)
2021-09-01,2021,September,9,FY2021-22,National,Restaurants & Hotels,,,,,https://www.pbs.gov.pk/wp-content/uploads/2020/07/indices_and_growth_rates_historical-1.pdf (PBS historical indices; category unavailable)
2021-09-01,2021,September,9,FY2021-22,National,Miscellaneous Goods & Services,,,,,https://www.pbs.gov.pk/wp-content/uploads/2020/07/indices_and_growth_rates_historical-1.pdf (PBS historical indices; category unavailable)
2021-09-01,2021,September,9,FY2021-22,Urban,Food & Non-Alcoholic Beverages,,,,,https://www.pbs.gov.pk/wp-content/uploads/2020/07/indices_and_growth_rates_historical-1.pdf (PBS historical indices; category unavailable)
2021-09-01,2021,September,9,FY2021-22,Urban,Alcoholic Beverages & Tobacco,,,,,https://www.pbs.gov.pk/wp-content/uploads/2020/07/indices_and_growth_rates_historical-1.pdf (PBS historical indices; category unavailable)
2021-09-01,2021,September,9,FY2021-22,Urban,Clothing & Footwear,,,,,https://www.pbs.gov.pk/wp-content/uploads/2020/07/indices_and_growth_rates_historical-1.pdf (PBS historical indices; category unavailable)
2021-09-01,2021,September,9,FY2021-22,Urban,"Housing, Water, Electricity, Gas & Fuels",,,,,https://www.pbs.gov.pk/wp-content/uploads/2020/07/indices_and_growth_rates_historical-1.pdf (PBS historical indices; category unavailable)
2021-09-01,2021,September,9,FY2021-22,Urban,Furnishing & Household Equipment Maintenance,,,,,https://www.pbs.gov.pk/wp-content/uploads/2020/07/indices_and_growth_rates_historical-1.pdf (PBS historical indices; category unavailable)
2021-09-01,2021,September,9,FY2021-22,Urban,Health,,,,,https://www.pbs.gov.pk/wp-content/uploads/2020/07/indices_and_growth_rates_historical-1.pdf (PBS historical indices; category unavailable)
2021-09-01,2021,September,9,FY2021-22,Urban,Transport,,,,,https://www.pbs.gov.pk/wp-content/uploads/2020/07/indices_and_growth_rates_historical-1.pdf (PBS historical indices; category unavailable)
2021-09-01,2021,September,9,FY2021-22,Urban,Communication,,,,,https://www.pbs.gov.pk/wp-content/uploads/2020/07/indices_and_growth_rates_historical-1.pdf (PBS historical indices; category unavailable)
2021-09-01,2021,September,9,FY2021-22,Urban,Recreation & Culture,,,,,https://www.pbs.gov.pk/wp-content/uploads/2020/07/indices_and_growth_rates_historical-1.pdf (PBS historical indices; category unavailable)
2021-09-01,2021,September,9,FY2021-22,Urban,Education,,,,,https://www.pbs.gov.pk/wp-content/uploads/2020/07/indices_and_growth_rates_historical-1.pdf (PBS historical indices; category unavailable)
2021-09-01,2021,September,9,FY2021-22,Urban,Restaurants & Hotels,,,,,https://www.pbs.gov.pk/wp-content/uploads/2020/07/indices_and_growth_rates_historical-1.pdf (PBS historical indices; category unavailable)
2021-09-01,2021,September,9,FY2021-22,Urban,Miscellaneous Goods & Services,,,,,https://www.pbs.gov.pk/wp-content/uploads/2020/07/indices_and_growth_rates_historical-1.pdf (PBS historical indices; category unavailable)
2021-09-01,2021,September,9,FY2021-22,Rural,Food & Non-Alcoholic Beverages,,,,,https://www.pbs.gov.pk/wp-content/uploads/2020/07/indices_and_growth_rates_historical-1.pdf (PBS historical indices; category unavailable)
2021-09-01,2021,September,9,FY2021-22,Rural,Alcoholic Beverages & Tobacco,,,,,https://www.pbs.gov.pk/wp-content/uploads/2020/07/indices_and_growth_rates_historical-1.pdf (PBS historical indices; category unavailable)
2021-09-01,2021,September,9,FY2021-22,Rural,Clothing & Footwear,,,,,https://www.pbs.gov.pk/wp-content/uploads/2020/07/indices_and_growth_rates_historical-1.pdf (PBS historical indices; category unavailable)
2021-09-01,2021,September,9,FY2021-22,Rural,"Housing, Water, Electricity, Gas & Fuels",,,,,https://www.pbs.gov.pk/wp-content/uploads/2020/07/indices_and_growth_rates_historical-1.pdf (PBS historical indices; category unavailable)
2021-09-01,2021,September,9,FY2021-22,Rural,Furnishing & Household Equipment Maintenance,,,,,https://www.pbs.gov.pk/wp-content/uploads/2020/07/indices_and_growth_rates_historical-1.pdf (PBS historical indices; category unavailable)
2021-09-01,2021,September,9,FY2021-22,Rural,Health,,,,,https://www.pbs.gov.pk/wp-content/uploads/2020/07/indices_and_growth_rates_historical-1.pdf (PBS historical indices; category unavailable)
2021-09-01,2021,September,9,FY2021-22,Rural,Transport,,,,,https://www.pbs.gov.pk/wp-content/uploads/2020/07/indices_and_growth_rates_historical-1.pdf (PBS historical indices; category unavailable)
2021-09-01,2021,September,9,FY2021-22,Rural,Communication,,,,,https://www.pbs.gov.pk/wp-content/uploads/2020/07/indices_and_growth_rates_historical-1.pdf (PBS historical indices; category unavailable)
2021-09-01,2021,September,9,FY2021-22,Rural,Recreation & Culture,,,,,https://www.pbs.gov.pk/wp-content/uploads/2020/07/indices_and_growth_rates_historical-1.pdf (PBS historical indices; category unavailable)
2021-09-01,2021,September,9,FY2021-22,Rural,Education,,,,,https://www.pbs.gov.pk/wp-content/uploads/2020/07/indices_and_growth_rates_historical-1.pdf (PBS historical indices; category unavailable)
2021-09-01,2021,September,9,FY2021-22,Rural,Restaurants & Hotels,,,,,https://www.pbs.gov.pk/wp-content/uploads/2020/07/indices_and_growth_rates_historical-1.pdf (PBS historical indices; category unavailable)
2021-09-01,2021,September,9,FY2021-22,Rural,Miscellaneous Goods & Services,,,,,https://www.pbs.gov.pk/wp-content/uploads/2020/07/indices_and_growth_rates_historical-1.pdf (PBS historical indices; category unavailable)
2021-10-01,2021,October,10,FY2021-22,National,Food & Non-Alcoholic Beverages,,,,,https://www.pbs.gov.pk/wp-content/uploads/2020/07/indices_and_growth_rates_historical-1.pdf (PBS historical indices; category unavailable)
2021-10-01,2021,October,10,FY2021-22,National,Alcoholic Beverages & Tobacco,,,,,https://www.pbs.gov.pk/wp-content/uploads/2020/07/indices_and_growth_rates_historical-1.pdf (PBS historical indices; category unavailable)
2021-10-01,2021,October,10,FY2021-22,National,Clothing & Footwear,,,,,https://www.pbs.gov.pk/wp-content/uploads/2020/07/indices_and_growth_rates_historical-1.pdf (PBS historical indices; category unavailable)
2021-10-01,2021,October,10,FY2021-22,National,"Housing, Water, Electricity, Gas & Fuels",,,,,https://www.pbs.gov.pk/wp-content/uploads/2020/07/indices_and_growth_rates_historical-1.pdf (PBS historical indices; category unavailable)
2021-10-01,2021,October,10,FY2021-22,National,Furnishing & Household Equipment Maintenance,,,,,https://www.pbs.gov.pk/wp-content/uploads/2020/07/indices_and_growth_rates_historical-1.pdf (PBS historical indices; category unavailable)
2021-10-01,2021,October,10,FY2021-22,National,Health,,,,,https://www.pbs.gov.pk/wp-content/uploads/2020/07/indices_and_growth_rates_historical-1.pdf (PBS historical indices; category unavailable)
2021-10-01,2021,October,10,FY2021-22,National,Transport,,,,,https://www.pbs.gov.pk/wp-content/uploads/2020/07/indices_and_growth_rates_historical-1.pdf (PBS historical indices; category unavailable)
2021-10-01,2021,October,10,FY2021-22,National,Communication,,,,,https://www.pbs.gov.pk/wp-content/uploads/2020/07/indices_and_growth_rates_historical-1.pdf (PBS historical indices; category unavailable)
2021-10-01,2021,October,10,FY2021-22,National,Recreation & Culture,,,,,https://www.pbs.gov.pk/wp-content/uploads/2020/07/indices_and_growth_rates_historical-1.pdf (PBS historical indices; category unavailable)
2021-10-01,2021,October,10,FY2021-22,National,Education,,,,,https://www.pbs.gov.pk/wp-content/uploads/2020/07/indices_and_growth_rates_historical-1.pdf (PBS historical indices; category unavailable)
2021-10-01,2021,October,10,FY2021-22,National,Restaurants & Hotels,,,,,https://www.pbs.gov.pk/wp-content/uploads/2020/07/indices_and_growth_rates_historical-1.pdf (PBS historical indices; category unavailable)
2021-10-01,2021,October,10,FY2021-22,National,Miscellaneous Goods & Services,,,,,https://www.pbs.gov.pk/wp-content/uploads/2020/07/indices_and_growth_rates_historical-1.pdf (PBS historical indices; category unavailable)
2021-10-01,2021,October,10,FY2021-22,Urban,Food & Non-Alcoholic Beverages,,,,,https://www.pbs.gov.pk/wp-content/uploads/2020/07/indices_and_growth_rates_historical-1.pdf (PBS historical indices; category unavailable)
2021-10-01,2021,October,10,FY2021-22,Urban,Alcoholic Beverages & Tobacco,,,,,https://www.pbs.gov.pk/wp-content/uploads/2020/07/indices_and_growth_rates_historical-1.pdf (PBS historical indices; category unavailable)
2021-10-01,2021,October,10,FY2021-22,Urban,Clothing & Footwear,,,,,https://www.pbs.gov.pk/wp-content/uploads/2020/07/indices_and_growth_rates_historical-1.pdf (PBS historical indices; category unavailable)
2021-10-01,2021,October,10,FY2021-22,Urban,"Housing, Water, Electricity, Gas & Fuels",,,,,https://www.pbs.gov.pk/wp-content/uploads/2020/07/indices_and_growth_rates_historical-1.pdf (PBS historical indices; category unavailable)
2021-10-01,2021,October,10,FY2021-22,Urban,Furnishing & Household Equipment Maintenance,,,,,https://www.pbs.gov.pk/wp-content/uploads/2020/07/indices_and_growth_rates_historical-1.pdf (PBS historical indices; category unavailable)
2021-10-01,2021,October,10,FY2021-22,Urban,Health,,,,,https://www.pbs.gov.pk/wp-content/uploads/2020/07/indices_and_growth_rates_historical-1.pdf (PBS historical indices; category unavailable)
2021-10-01,2021,October,10,FY2021-22,Urban,Transport,,,,,https://www.pbs.gov.pk/wp-content/uploads/2020/07/indices_and_growth_rates_historical-1.pdf (PBS historical indices; category unavailable)
2021-10-01,2021,October,10,FY2021-22,Urban,Communication,,,,,https://www.pbs.gov.pk/wp-content/uploads/2020/07/indices_and_growth_rates_historical-1.pdf (PBS historical indices; category unavailable)
2021-10-01,2021,October,10,FY2021-22,Urban,Recreation & Culture,,,,,https://www.pbs.gov.pk/wp-content/uploads/2020/07/indices_and_growth_rates_historical-1.pdf (PBS historical indices; category unavailable)
2021-10-01,2021,October,10,FY2021-22,Urban,Education,,,,,https://www.pbs.gov.pk/wp-content/uploads/2020/07/indices_and_growth_rates_historical-1.pdf (PBS historical indices; category unavailable)
2021-10-01,2021,October,10,FY2021-22,Urban,Restaurants & Hotels,,,,,https://www.pbs.gov.pk/wp-content/uploads/2020/07/indices_and_growth_rates_historical-1.pdf (PBS historical indices; category unavailable)
2021-10-01,2021,October,10,FY2021-22,Urban,Miscellaneous Goods & Services,,,,,https://www.pbs.gov.pk/wp-content/uploads/2020/07/indices_and_growth_rates_historical-1.pdf (PBS historical indices; category unavailable)
2021-10-01,2021,October,10,FY2021-22,Rural,Food & Non-Alcoholic Beverages,,,,,https://www.pbs.gov.pk/wp-content/uploads/2020/07/indices_and_growth_rates_historical-1.pdf (PBS historical indices; category unavailable)
2021-10-01,2021,October,10,FY2021-22,Rural,Alcoholic Beverages & Tobacco,,,,,https://www.pbs.gov.pk/wp-content/uploads/2020/07/indices_and_growth_rates_historical-1.pdf (PBS historical indices; category unavailable)
2021-10-01,2021,October,10,FY2021-22,Rural,Clothing & Footwear,,,,,https://www.pbs.gov.pk/wp-content/uploads/2020/07/indices_and_growth_rates_historical-1.pdf (PBS historical indices; category unavailable)
2021-10-01,2021,October,10,FY2021-22,Rural,"Housing, Water, Electricity, Gas & Fuels",,,,,https://www.pbs.gov.pk/wp-content/uploads/2020/07/indices_and_growth_rates_historical-1.pdf (PBS historical indices; category unavailable)
2021-10-01,2021,October,10,FY2021-22,Rural,Furnishing & Household Equipment Maintenance,,,,,https://www.pbs.gov.pk/wp-content/uploads/2020/07/indices_and_growth_rates_historical-1.pdf (PBS historical indices; category unavailable)
2021-10-01,2021,October,10,FY2021-22,Rural,Health,,,,,https://www.pbs.gov.pk/wp-content/uploads/2020/07/indices_and_growth_rates_historical-1.pdf (PBS historical indices; category unavailable)
2021-10-01,2021,October,10,FY2021-22,Rural,Transport,,,,,https://www.pbs.gov.pk/wp-content/uploads/2020/07/indices_and_growth_rates_historical-1.pdf (PBS historical indices; category unavailable)
2021-10-01,2021,October,10,FY2021-22,Rural,Communication,,,,,https://www.pbs.gov.pk/wp-content/uploads/2020/07/indices_and_growth_rates_historical-1.pdf (PBS historical indices; category unavailable)
2021-10-01,2021,October,10,FY2021-22,Rural,Recreation & Culture,,,,,https://www.pbs.gov.pk/wp-content/uploads/2020/07/indices_and_growth_rates_historical-1.pdf (PBS historical indices; category unavailable)
2021-10-01,2021,October,10,FY2021-22,Rural,Education,,,,,https://www.pbs.gov.pk/wp-content/uploads/2020/07/indices_and_growth_rates_historical-1.pdf (PBS historical indices; category unavailable)
2021-10-01,2021,October,10,FY2021-22,Rural,Restaurants & Hotels,,,,,https://www.pbs.gov.pk/wp-content/uploads/2020/07/indices_and_growth_rates_historical-1.pdf (PBS historical indices; category unavailable)
2021-10-01,2021,October,10,FY2021-22,Rural,Miscellaneous Goods & Services,,,,,https://www.pbs.gov.pk/wp-content/uploads/2020/07/indices_and_growth_rates_historical-1.pdf (PBS historical indices; category unavailable)
2021-11-01,2021,November,11,FY2021-22,National,Food & Non-Alcoholic Beverages,,,,,https://www.pbs.gov.pk/wp-content/uploads/2020/07/indices_and_growth_rates_historical-1.pdf (PBS historical indices; category unavailable)
2021-11-01,2021,November,11,FY2021-22,National,Alcoholic Beverages & Tobacco,,,,,https://www.pbs.gov.pk/wp-content/uploads/2020/07/indices_and_growth_rates_historical-1.pdf (PBS historical indices; category unavailable)
2021-11-01,2021,November,11,FY2021-22,National,Clothing & Footwear,,,,,https://www.pbs.gov.pk/wp-content/uploads/2020/07/indices_and_growth_rates_historical-1.pdf (PBS historical indices; category unavailable)
2021-11-01,2021,November,11,FY2021-22,National,"Housing, Water, Electricity, Gas & Fuels",,,,,https://www.pbs.gov.pk/wp-content/uploads/2020/07/indices_and_growth_rates_historical-1.pdf (PBS historical indices; category unavailable)
2021-11-01,2021,November,11,FY2021-22,National,Furnishing & Household Equipment Maintenance,,,,,https://www.pbs.gov.pk/wp-content/uploads/2020/07/indices_and_growth_rates_historical-1.pdf (PBS historical indices; category unavailable)
2021-11-01,2021,November,11,FY2021-22,National,Health,,,,,https://www.pbs.gov.pk/wp-content/uploads/2020/07/indices_and_growth_rates_historical-1.pdf (PBS historical indices; category unavailable)
2021-11-01,2021,November,11,FY2021-22,National,Transport,,,,,https://www.pbs.gov.pk/wp-content/uploads/2020/07/indices_and_growth_rates_historical-1.pdf (PBS historical indices; category unavailable)
2021-11-01,2021,November,11,FY2021-22,National,Communication,,,,,https://www.pbs.gov.pk/wp-content/uploads/2020/07/indices_and_growth_rates_historical-1.pdf (PBS historical indices; category unavailable)
2021-11-01,2021,November,11,FY2021-22,National,Recreation & Culture,,,,,https://www.pbs.gov.pk/wp-content/uploads/2020/07/indices_and_growth_rates_historical-1.pdf (PBS historical indices; category unavailable)
2021-11-01,2021,November,11,FY2021-22,National,Education,,,,,https://www.pbs.gov.pk/wp-content/uploads/2020/07/indices_and_growth_rates_historical-1.pdf (PBS historical indices; category unavailable)
2021-11-01,2021,November,11,FY2021-22,National,Restaurants & Hotels,,,,,https://www.pbs.gov.pk/wp-content/uploads/2020/07/indices_and_growth_rates_historical-1.pdf (PBS historical indices; category unavailable)
2021-11-01,2021,November,11,FY2021-22,National,Miscellaneous Goods & Services,,,,,https://www.pbs.gov.pk/wp-content/uploads/2020/07/indices_and_growth_rates_historical-1.pdf (PBS historical indices; category unavailable)
2021-11-01,2021,November,11,FY2021-22,Urban,Food & Non-Alcoholic Beverages,,,,,https://www.pbs.gov.pk/wp-content/uploads/2020/07/indices_and_growth_rates_historical-1.pdf (PBS historical indices; category unavailable)
2021-11-01,2021,November,11,FY2021-22,Urban,Alcoholic Beverages & Tobacco,,,,,https://www.pbs.gov.pk/wp-content/uploads/2020/07/indices_and_growth_rates_historical-1.pdf (PBS historical indices; category unavailable)
2021-11-01,2021,November,11,FY2021-22,Urban,Clothing & Footwear,,,,,https://www.pbs.gov.pk/wp-content/uploads/2020/07/indices_and_growth_rates_historical-1.pdf (PBS historical indices; category unavailable)
2021-11-01,2021,November,11,FY2021-22,Urban,"Housing, Water, Electricity, Gas & Fuels",,,,,https://www.pbs.gov.pk/wp-content/uploads/2020/07/indices_and_growth_rates_historical-1.pdf (PBS historical indices; category unavailable)
2021-11-01,2021,November,11,FY2021-22,Urban,Furnishing & Household Equipment Maintenance,,,,,https://www.pbs.gov.pk/wp-content/uploads/2020/07/indices_and_growth_rates_historical-1.pdf (PBS historical indices; category unavailable)
2021-11-01,2021,November,11,FY2021-22,Urban,Health,,,,,https://www.pbs.gov.pk/wp-content/uploads/2020/07/indices_and_growth_rates_historical-1.pdf (PBS historical indices; category unavailable)
2021-11-01,2021,November,11,FY2021-22,Urban,Transport,,,,,https://www.pbs.gov.pk/wp-content/uploads/2020/07/indices_and_growth_rates_historical-1.pdf (PBS historical indices; category unavailable)
2021-11-01,2021,November,11,FY2021-22,Urban,Communication,,,,,https://www.pbs.gov.pk/wp-content/uploads/2020/07/indices_and_growth_rates_historical-1.pdf (PBS historical indices; category unavailable)
2021-11-01,2021,November,11,FY2021-22,Urban,Recreation & Culture,,,,,https://www.pbs.gov.pk/wp-content/uploads/2020/07/indices_and_growth_rates_historical-1.pdf (PBS historical indices; category unavailable)
2021-11-01,2021,November,11,FY2021-22,Urban,Education,,,,,https://www.pbs.gov.pk/wp-content/uploads/2020/07/indices_and_growth_rates_historical-1.pdf (PBS historical indices; category unavailable)
2021-11-01,2021,November,11,FY2021-22,Urban,Restaurants & Hotels,,,,,https://www.pbs.gov.pk/wp-content/uploads/2020/07/indices_and_growth_rates_historical-1.pdf (PBS historical indices; category unavailable)
2021-11-01,2021,November,11,FY2021-22,Urban,Miscellaneous Goods & Services,,,,,https://www.pbs.gov.pk/wp-content/uploads/2020/07/indices_and_growth_rates_historical-1.pdf (PBS historical indices; category unavailable)
2021-11-01,2021,November,11,FY2021-22,Rural,Food & Non-Alcoholic Beverages,,,,,https://www.pbs.gov.pk/wp-content/uploads/2020/07/indices_and_growth_rates_historical-1.pdf (PBS historical indices; category unavailable)
2021-11-01,2021,November,11,FY2021-22,Rural,Alcoholic Beverages & Tobacco,,,,,https://www.pbs.gov.pk/wp-content/uploads/2020/07/indices_and_growth_rates_historical-1.pdf (PBS historical indices; category unavailable)
2021-11-01,2021,November,11,FY2021-22,Rural,Clothing & Footwear,,,,,https://www.pbs.gov.pk/wp-content/uploads/2020/07/indices_and_growth_rates_historical-1.pdf (PBS historical indices; category unavailable)
2021-11-01,2021,November,11,FY2021-22,Rural,"Housing, Water, Electricity, Gas & Fuels",,,,,https://www.pbs.gov.pk/wp-content/uploads/2020/07/indices_and_growth_rates_historical-1.pdf (PBS historical indices; category unavailable)
2021-11-01,2021,November,11,FY2021-22,Rural,Furnishing & Household Equipment Maintenance,,,,,https://www.pbs.gov.pk/wp-content/uploads/2020/07/indices_and_growth_rates_historical-1.pdf (PBS historical indices; category unavailable)
2021-11-01,2021,November,11,FY2021-22,Rural,Health,,,,,https://www.pbs.gov.pk/wp-content/uploads/2020/07/indices_and_growth_rates_historical-1.pdf (PBS historical indices; category unavailable)
2021-11-01,2021,November,11,FY2021-22,Rural,Transport,,,,,https://www.pbs.gov.pk/wp-content/uploads/2020/07/indices_and_growth_rates_historical-1.pdf (PBS historical indices; category unavailable)
2021-11-01,2021,November,11,FY2021-22,Rural,Communication,,,,,https://www.pbs.gov.pk/wp-content/uploads/2020/07/indices_and_growth_rates_historical-1.pdf (PBS historical indices; category unavailable)
2021-11-01,2021,November,11,FY2021-22,Rural,Recreation & Culture,,,,,https://www.pbs.gov.pk/wp-content/uploads/2020/07/indices_and_growth_rates_historical-1.pdf (PBS historical indices; category unavailable)
2021-11-01,2021,November,11,FY2021-22,Rural,Education,,,,,https://www.pbs.gov.pk/wp-content/uploads/2020/07/indices_and_growth_rates_historical-1.pdf (PBS historical indices; category unavailable)
2021-11-01,2021,November,11,FY2021-22,Rural,Restaurants & Hotels,,,,,https://www.pbs.gov.pk/wp-content/uploads/2020/07/indices_and_growth_rates_historical-1.pdf (PBS historical indices; category unavailable)
2021-11-01,2021,November,11,FY2021-22,Rural,Miscellaneous Goods & Services,,,,,https://www.pbs.gov.pk/wp-content/uploads/2020/07/indices_and_growth_rates_historical-1.pdf (PBS historical indices; category unavailable)
2021-12-01,2021,December,12,FY2021-22,National,Food & Non-Alcoholic Beverages,,,,,https://www.pbs.gov.pk/wp-content/uploads/2020/07/indices_and_growth_rates_historical-1.pdf (PBS historical indices; category unavailable)
2021-12-01,2021,December,12,FY2021-22,National,Alcoholic Beverages & Tobacco,,,,,https://www.pbs.gov.pk/wp-content/uploads/2020/07/indices_and_growth_rates_historical-1.pdf (PBS historical indices; category unavailable)
2021-12-01,2021,December,12,FY2021-22,National,Clothing & Footwear,,,,,https://www.pbs.gov.pk/wp-content/uploads/2020/07/indices_and_growth_rates_historical-1.pdf (PBS historical indices; category unavailable)
2021-12-01,2021,December,12,FY2021-22,National,"Housing, Water, Electricity, Gas & Fuels",,,,,https://www.pbs.gov.pk/wp-content/uploads/2020/07/indices_and_growth_rates_historical-1.pdf (PBS historical indices; category unavailable)
2021-12-01,2021,December,12,FY2021-22,National,Furnishing & Household Equipment Maintenance,,,,,https://www.pbs.gov.pk/wp-content/uploads/2020/07/indices_and_growth_rates_historical-1.pdf (PBS historical indices; category unavailable)
2021-12-01,2021,December,12,FY2021-22,National,Health,,,,,https://www.pbs.gov.pk/wp-content/uploads/2020/07/indices_and_growth_rates_historical-1.pdf (PBS historical indices; category unavailable)
2021-12-01,2021,December,12,FY2021-22,National,Transport,,,,,https://www.pbs.gov.pk/wp-content/uploads/2020/07/indices_and_growth_rates_historical-1.pdf (PBS historical indices; category unavailable)
2021-12-01,2021,December,12,FY2021-22,National,Communication,,,,,https://www.pbs.gov.pk/wp-content/uploads/2020/07/indices_and_growth_rates_historical-1.pdf (PBS historical indices; category unavailable)
2021-12-01,2021,December,12,FY2021-22,National,Recreation & Culture,,,,,https://www.pbs.gov.pk/wp-content/uploads/2020/07/indices_and_growth_rates_historical-1.pdf (PBS historical indices; category unavailable)
2021-12-01,2021,December,12,FY2021-22,National,Education,,,,,https://www.pbs.gov.pk/wp-content/uploads/2020/07/indices_and_growth_rates_historical-1.pdf (PBS historical indices; category unavailable)
2021-12-01,2021,December,12,FY2021-22,National,Restaurants & Hotels,,,,,https://www.pbs.gov.pk/wp-content/uploads/2020/07/indices_and_growth_rates_historical-1.pdf (PBS historical indices; category unavailable)
2021-12-01,2021,December,12,FY2021-22,National,Miscellaneous Goods & Services,,,,,https://www.pbs.gov.pk/wp-content/uploads/2020/07/indices_and_growth_rates_historical-1.pdf (PBS historical indices; category unavailable)
2021-12-01,2021,December,12,FY2021-22,Urban,Food & Non-Alcoholic Beverages,,,,,https://www.pbs.gov.pk/wp-content/uploads/2020/07/indices_and_growth_rates_historical-1.pdf (PBS historical indices; category unavailable)
2021-12-01,2021,December,12,FY2021-22,Urban,Alcoholic Beverages & Tobacco,,,,,https://www.pbs.gov.pk/wp-content/uploads/2020/07/indices_and_growth_rates_historical-1.pdf (PBS historical indices; category unavailable)
2021-12-01,2021,December,12,FY2021-22,Urban,Clothing & Footwear,,,,,https://www.pbs.gov.pk/wp-content/uploads/2020/07/indices_and_growth_rates_historical-1.pdf (PBS historical indices; category unavailable)
2021-12-01,2021,December,12,FY2021-22,Urban,"Housing, Water, Electricity, Gas & Fuels",,,,,https://www.pbs.gov.pk/wp-content/uploads/2020/07/indices_and_growth_rates_historical-1.pdf (PBS historical indices; category unavailable)
2021-12-01,2021,December,12,FY2021-22,Urban,Furnishing & Household Equipment Maintenance,,,,,https://www.pbs.gov.pk/wp-content/uploads/2020/07/indices_and_growth_rates_historical-1.pdf (PBS historical indices; category unavailable)
2021-12-01,2021,December,12,FY2021-22,Urban,Health,,,,,https://www.pbs.gov.pk/wp-content/uploads/2020/07/indices_and_growth_rates_historical-1.pdf (PBS historical indices; category unavailable)
2021-12-01,2021,December,12,FY2021-22,Urban,Transport,,,,,https://www.pbs.gov.pk/wp-content/uploads/2020/07/indices_and_growth_rates_historical-1.pdf (PBS historical indices; category unavailable)
2021-12-01,2021,December,12,FY2021-22,Urban,Communication,,,,,https://www.pbs.gov.pk/wp-content/uploads/2020/07/indices_and_growth_rates_historical-1.pdf (PBS historical indices; category unavailable)
2021-12-01,2021,December,12,FY2021-22,Urban,Recreation & Culture,,,,,https://www.pbs.gov.pk/wp-content/uploads/2020/07/indices_and_growth_rates_historical-1.pdf (PBS historical indices; category unavailable)
2021-12-01,2021,December,12,FY2021-22,Urban,Education,,,,,https://www.pbs.gov.pk/wp-content/uploads/2020/07/indices_and_growth_rates_historical-1.pdf (PBS historical indices; category unavailable)
2021-12-01,2021,December,12,FY2021-22,Urban,Restaurants & Hotels,,,,,https://www.pbs.gov.pk/wp-content/uploads/2020/07/indices_and_growth_rates_historical-1.pdf (PBS historical indices; category unavailable)
2021-12-01,2021,December,12,FY2021-22,Urban,Miscellaneous Goods & Services,,,,,https://www.pbs.gov.pk/wp-content/uploads/2020/07/indices_and_growth_rates_historical-1.pdf (PBS historical indices; category unavailable)
2021-12-01,2021,December,12,FY2021-22,Rural,Food & Non-Alcoholic Beverages,,,,,https://www.pbs.gov.pk/wp-content/uploads/2020/07/indices_and_growth_rates_historical-1.pdf (PBS historical indices; category unavailable)
2021-12-01,2021,December,12,FY2021-22,Rural,Alcoholic Beverages & Tobacco,,,,,https://www.pbs.gov.pk/wp-content/uploads/2020/07/indices_and_growth_rates_historical-1.pdf (PBS historical indices; category unavailable)
2021-12-01,2021,December,12,FY2021-22,Rural,Clothing & Footwear,,,,,https://www.pbs.gov.pk/wp-content/uploads/2020/07/indices_and_growth_rates_historical-1.pdf (PBS historical indices; category unavailable)
2021-12-01,2021,December,12,FY2021-22,Rural,"Housing, Water, Electricity, Gas & Fuels",,,,,https://www.pbs.gov.pk/wp-content/uploads/2020/07/indices_and_growth_rates_historical-1.pdf (PBS historical indices; category unavailable)
2021-12-01,2021,December,12,FY2021-22,Rural,Furnishing & Household Equipment Maintenance,,,,,https://www.pbs.gov.pk/wp-content/uploads/2020/07/indices_and_growth_rates_historical-1.pdf (PBS historical indices; category unavailable)
2021-12-01,2021,December,12,FY2021-22,Rural,Health,,,,,https://www.pbs.gov.pk/wp-content/uploads/2020/07/indices_and_growth_rates_historical-1.pdf (PBS historical indices; category unavailable)
2021-12-01,2021,December,12,FY2021-22,Rural,Transport,,,,,https://www.pbs.gov.pk/wp-content/uploads/2020/07/indices_and_growth_rates_historical-1.pdf (PBS historical indices; category unavailable)
2021-12-01,2021,December,12,FY2021-22,Rural,Communication,,,,,https://www.pbs.gov.pk/wp-content/uploads/2020/07/indices_and_growth_rates_historical-1.pdf (PBS historical indices; category unavailable)
2021-12-01,2021,December,12,FY2021-22,Rural,Recreation & Culture,,,,,https://www.pbs.gov.pk/wp-content/uploads/2020/07/indices_and_growth_rates_historical-1.pdf (PBS historical indices; category unavailable)
2021-12-01,2021,December,12,FY2021-22,Rural,Education,,,,,https://www.pbs.gov.pk/wp-content/uploads/2020/07/indices_and_growth_rates_historical-1.pdf (PBS historical indices; category unavailable)
2021-12-01,2021,December,12,FY2021-22,Rural,Restaurants & Hotels,,,,,https://www.pbs.gov.pk/wp-content/uploads/2020/07/indices_and_growth_rates_historical-1.pdf (PBS historical indices; category unavailable)
2021-12-01,2021,December,12,FY2021-22,Rural,Miscellaneous Goods & Services,,,,,https://www.pbs.gov.pk/wp-content/uploads/2020/07/indices_and_growth_rates_historical-1.pdf (PBS historical indices; category unavailable)
2022-01-01,2022,January,1,FY2021-22,National,Food & Non-Alcoholic Beverages,,,,,https://www.pbs.gov.pk/wp-content/uploads/2020/07/indices_and_growth_rates_historical-1.pdf (PBS historical indices; category unavailable)
2022-01-01,2022,January,1,FY2021-22,National,Alcoholic Beverages & Tobacco,,,,,https://www.pbs.gov.pk/wp-content/uploads/2020/07/indices_and_growth_rates_historical-1.pdf (PBS historical indices; category unavailable)
2022-01-01,2022,January,1,FY2021-22,National,Clothing & Footwear,,,,,https://www.pbs.gov.pk/wp-content/uploads/2020/07/indices_and_growth_rates_historical-1.pdf (PBS historical indices; category unavailable)
2022-01-01,2022,January,1,FY2021-22,National,"Housing, Water, Electricity, Gas & Fuels",,,,,https://www.pbs.gov.pk/wp-content/uploads/2020/07/indices_and_growth_rates_historical-1.pdf (PBS historical indices; category unavailable)
2022-01-01,2022,January,1,FY2021-22,National,Furnishing & Household Equipment Maintenance,,,,,https://www.pbs.gov.pk/wp-content/uploads/2020/07/indices_and_growth_rates_historical-1.pdf (PBS historical indices; category unavailable)
2022-01-01,2022,January,1,FY2021-22,National,Health,,,,,https://www.pbs.gov.pk/wp-content/uploads/2020/07/indices_and_growth_rates_historical-1.pdf (PBS historical indices; category unavailable)
2022-01-01,2022,January,1,FY2021-22,National,Transport,,,,,https://www.pbs.gov.pk/wp-content/uploads/2020/07/indices_and_growth_rates_historical-1.pdf (PBS historical indices; category unavailable)
2022-01-01,2022,January,1,FY2021-22,National,Communication,,,,,https://www.pbs.gov.pk/wp-content/uploads/2020/07/indices_and_growth_rates_historical-1.pdf (PBS historical indices; category unavailable)
2022-01-01,2022,January,1,FY2021-22,National,Recreation & Culture,,,,,https://www.pbs.gov.pk/wp-content/uploads/2020/07/indices_and_growth_rates_historical-1.pdf (PBS historical indices; category unavailable)
2022-01-01,2022,January,1,FY2021-22,National,Education,,,,,https://www.pbs.gov.pk/wp-content/uploads/2020/07/indices_and_growth_rates_historical-1.pdf (PBS historical indices; category unavailable)
2022-01-01,2022,January,1,FY2021-22,National,Restaurants & Hotels,,,,,https://www.pbs.gov.pk/wp-content/uploads/2020/07/indices_and_growth_rates_historical-1.pdf (PBS historical indices; category unavailable)
2022-01-01,2022,January,1,FY2021-22,National,Miscellaneous Goods & Services,,,,,https://www.pbs.gov.pk/wp-content/uploads/2020/07/indices_and_growth_rates_historical-1.pdf (PBS historical indices; category unavailable)
2022-01-01,2022,January,1,FY2021-22,Urban,Food & Non-Alcoholic Beverages,,,,,https://www.pbs.gov.pk/wp-content/uploads/2020/07/indices_and_growth_rates_historical-1.pdf (PBS historical indices; category unavailable)
2022-01-01,2022,January,1,FY2021-22,Urban,Alcoholic Beverages & Tobacco,,,,,https://www.pbs.gov.pk/wp-content/uploads/2020/07/indices_and_growth_rates_historical-1.pdf (PBS historical indices; category unavailable)
2022-01-01,2022,January,1,FY2021-22,Urban,Clothing & Footwear,,,,,https://www.pbs.gov.pk/wp-content/uploads/2020/07/indices_and_growth_rates_historical-1.pdf (PBS historical indices; category unavailable)
2022-01-01,2022,January,1,FY2021-22,Urban,"Housing, Water, Electricity, Gas & Fuels",,,,,https://www.pbs.gov.pk/wp-content/uploads/2020/07/indices_and_growth_rates_historical-1.pdf (PBS historical indices; category unavailable)
2022-01-01,2022,January,1,FY2021-22,Urban,Furnishing & Household Equipment Maintenance,,,,,https://www.pbs.gov.pk/wp-content/uploads/2020/07/indices_and_growth_rates_historical-1.pdf (PBS historical indices; category unavailable)
2022-01-01,2022,January,1,FY2021-22,Urban,Health,,,,,https://www.pbs.gov.pk/wp-content/uploads/2020/07/indices_and_growth_rates_historical-1.pdf (PBS historical indices; category unavailable)
2022-01-01,2022,January,1,FY2021-22,Urban,Transport,,,,,https://www.pbs.gov.pk/wp-content/uploads/2020/07/indices_and_growth_rates_historical-1.pdf (PBS historical indices; category unavailable)
2022-01-01,2022,January,1,FY2021-22,Urban,Communication,,,,,https://www.pbs.gov.pk/wp-content/uploads/2020/07/indices_and_growth_rates_historical-1.pdf (PBS historical indices; category unavailable)
2022-01-01,2022,January,1,FY2021-22,Urban,Recreation & Culture,,,,,https://www.pbs.gov.pk/wp-content/uploads/2020/07/indices_and_growth_rates_historical-1.pdf (PBS historical indices; category unavailable)
2022-01-01,2022,January,1,FY2021-22,Urban,Education,,,,,https://www.pbs.gov.pk/wp-content/uploads/2020/07/indices_and_growth_rates_historical-1.pdf (PBS historical indices; category unavailable)
2022-01-01,2022,January,1,FY2021-22,Urban,Restaurants & Hotels,,,,,https://www.pbs.gov.pk/wp-content/uploads/2020/07/indices_and_growth_rates_historical-1.pdf (PBS historical indices; category unavailable)
2022-01-01,2022,January,1,FY2021-22,Urban,Miscellaneous Goods & Services,,,,,https://www.pbs.gov.pk/wp-content/uploads/2020/07/indices_and_growth_rates_historical-1.pdf (PBS historical indices; category unavailable)
2022-01-01,2022,January,1,FY2021-22,Rural,Food & Non-Alcoholic Beverages,,,,,https://www.pbs.gov.pk/wp-content/uploads/2020/07/indices_and_growth_rates_historical-1.pdf (PBS historical indices; category unavailable)
2022-01-01,2022,January,1,FY2021-22,Rural,Alcoholic Beverages & Tobacco,,,,,https://www.pbs.gov.pk/wp-content/uploads/2020/07/indices_and_growth_rates_historical-1.pdf (PBS historical indices; category unavailable)
2022-01-01,2022,January,1,FY2021-22,Rural,Clothing & Footwear,,,,,https://www.pbs.gov.pk/wp-content/uploads/2020/07/indices_and_growth_rates_historical-1.pdf (PBS historical indices; category unavailable)
2022-01-01,2022,January,1,FY2021-22,Rural,"Housing, Water, Electricity, Gas & Fuels",,,,,https://www.pbs.gov.pk/wp-content/uploads/2020/07/indices_and_growth_rates_historical-1.pdf (PBS historical indices; category unavailable)
2022-01-01,2022,January,1,FY2021-22,Rural,Furnishing & Household Equipment Maintenance,,,,,https://www.pbs.gov.pk/wp-content/uploads/2020/07/indices_and_growth_rates_historical-1.pdf (PBS historical indices; category unavailable)
2022-01-01,2022,January,1,FY2021-22,Rural,Health,,,,,https://www.pbs.gov.pk/wp-content/uploads/2020/07/indices_and_growth_rates_historical-1.pdf (PBS historical indices; category unavailable)
2022-01-01,2022,January,1,FY2021-22,Rural,Transport,,,,,https://www.pbs.gov.pk/wp-content/uploads/2020/07/indices_and_growth_rates_historical-1.pdf (PBS historical indices; category unavailable)
2022-01-01,2022,January,1,FY2021-22,Rural,Communication,,,,,https://www.pbs.gov.pk/wp-content/uploads/2020/07/indices_and_growth_rates_historical-1.pdf (PBS historical indices; category unavailable)
2022-01-01,2022,January,1,FY2021-22,Rural,Recreation & Culture,,,,,https://www.pbs.gov.pk/wp-content/uploads/2020/07/indices_and_growth_rates_historical-1.pdf (PBS historical indices; category unavailable)
2022-01-01,2022,January,1,FY2021-22,Rural,Education,,,,,https://www.pbs.gov.pk/wp-content/uploads/2020/07/indices_and_growth_rates_historical-1.pdf (PBS historical indices; category unavailable)
2022-01-01,2022,January,1,FY2021-22,Rural,Restaurants & Hotels,,,,,https://www.pbs.gov.pk/wp-content/uploads/2020/07/indices_and_growth_rates_historical-1.pdf (PBS historical indices; category unavailable)
2022-01-01,2022,January,1,FY2021-22,Rural,Miscellaneous Goods & Services,,,,,https://www.pbs.gov.pk/wp-content/uploads/2020/07/indices_and_growth_rates_historical-1.pdf (PBS historical indices; category unavailable)
2022-02-01,2022,February,2,FY2021-22,National,Food & Non-Alcoholic Beverages,,,,,https://www.pbs.gov.pk/wp-content/uploads/2020/07/indices_and_growth_rates_historical-1.pdf (PBS historical indices; category unavailable)
2022-02-01,2022,February,2,FY2021-22,National,Alcoholic Beverages & Tobacco,,,,,https://www.pbs.gov.pk/wp-content/uploads/2020/07/indices_and_growth_rates_historical-1.pdf (PBS historical indices; category unavailable)
2022-02-01,2022,February,2,FY2021-22,National,Clothing & Footwear,,,,,https://www.pbs.gov.pk/wp-content/uploads/2020/07/indices_and_growth_rates_historical-1.pdf (PBS historical indices; category unavailable)
2022-02-01,2022,February,2,FY2021-22,National,"Housing, Water, Electricity, Gas & Fuels",,,,,https://www.pbs.gov.pk/wp-content/uploads/2020/07/indices_and_growth_rates_historical-1.pdf (PBS historical indices; category unavailable)
2022-02-01,2022,February,2,FY2021-22,National,Furnishing & Household Equipment Maintenance,,,,,https://www.pbs.gov.pk/wp-content/uploads/2020/07/indices_and_growth_rates_historical-1.pdf (PBS historical indices; category unavailable)
2022-02-01,2022,February,2,FY2021-22,National,Health,,,,,https://www.pbs.gov.pk/wp-content/uploads/2020/07/indices_and_growth_rates_historical-1.pdf (PBS historical indices; category unavailable)
2022-02-01,2022,February,2,FY2021-22,National,Transport,,,,,https://www.pbs.gov.pk/wp-content/uploads/2020/07/indices_and_growth_rates_historical-1.pdf (PBS historical indices; category unavailable)
2022-02-01,2022,February,2,FY2021-22,National,Communication,,,,,https://www.pbs.gov.pk/wp-content/uploads/2020/07/indices_and_growth_rates_historical-1.pdf (PBS historical indices; category unavailable)
2022-02-01,2022,February,2,FY2021-22,National,Recreation & Culture,,,,,https://www.pbs.gov.pk/wp-content/uploads/2020/07/indices_and_growth_rates_historical-1.pdf (PBS historical indices; category unavailable)
2022-02-01,2022,February,2,FY2021-22,National,Education,,,,,https://www.pbs.gov.pk/wp-content/uploads/2020/07/indices_and_growth_rates_historical-1.pdf (PBS historical indices; category unavailable)
2022-02-01,2022,February,2,FY2021-22,National,Restaurants & Hotels,,,,,https://www.pbs.gov.pk/wp-content/uploads/2020/07/indices_and_growth_rates_historical-1.pdf (PBS historical indices; category unavailable)
2022-02-01,2022,February,2,FY2021-22,National,Miscellaneous Goods & Services,,,,,https://www.pbs.gov.pk/wp-content/uploads/2020/07/indices_and_growth_rates_historical-1.pdf (PBS historical indices; category unavailable)
2022-02-01,2022,February,2,FY2021-22,Urban,Food & Non-Alcoholic Beverages,,,,,https://www.pbs.gov.pk/wp-content/uploads/2020/07/indices_and_growth_rates_historical-1.pdf (PBS historical indices; category unavailable)
2022-02-01,2022,February,2,FY2021-22,Urban,Alcoholic Beverages & Tobacco,,,,,https://www.pbs.gov.pk/wp-content/uploads/2020/07/indices_and_growth_rates_historical-1.pdf (PBS historical indices; category unavailable)
2022-02-01,2022,February,2,FY2021-22,Urban,Clothing & Footwear,,,,,https://www.pbs.gov.pk/wp-content/uploads/2020/07/indices_and_growth_rates_historical-1.pdf (PBS historical indices; category unavailable)
2022-02-01,2022,February,2,FY2021-22,Urban,"Housing, Water, Electricity, Gas & Fuels",,,,,https://www.pbs.gov.pk/wp-content/uploads/2020/07/indices_and_growth_rates_historical-1.pdf (PBS historical indices; category unavailable)
2022-02-01,2022,February,2,FY2021-22,Urban,Furnishing & Household Equipment Maintenance,,,,,https://www.pbs.gov.pk/wp-content/uploads/2020/07/indices_and_growth_rates_historical-1.pdf (PBS historical indices; category unavailable)
2022-02-01,2022,February,2,FY2021-22,Urban,Health,,,,,https://www.pbs.gov.pk/wp-content/uploads/2020/07/indices_and_growth_rates_historical-1.pdf (PBS historical indices; category unavailable)
2022-02-01,2022,February,2,FY2021-22,Urban,Transport,,,,,https://www.pbs.gov.pk/wp-content/uploads/2020/07/indices_and_growth_rates_historical-1.pdf (PBS historical indices; category unavailable)
2022-02-01,2022,February,2,FY2021-22,Urban,Communication,,,,,https://www.pbs.gov.pk/wp-content/uploads/2020/07/indices_and_growth_rates_historical-1.pdf (PBS historical indices; category unavailable)
2022-02-01,2022,February,2,FY2021-22,Urban,Recreation & Culture,,,,,https://www.pbs.gov.pk/wp-content/uploads/2020/07/indices_and_growth_rates_historical-1.pdf (PBS historical indices; category unavailable)
2022-02-01,2022,February,2,FY2021-22,Urban,Education,,,,,https://www.pbs.gov.pk/wp-content/uploads/2020/07/indices_and_growth_rates_historical-1.pdf (PBS historical indices; category unavailable)
2022-02-01,2022,February,2,FY2021-22,Urban,Restaurants & Hotels,,,,,https://www.pbs.gov.pk/wp-content/uploads/2020/07/indices_and_growth_rates_historical-1.pdf (PBS historical indices; category unavailable)
2022-02-01,2022,February,2,FY2021-22,Urban,Miscellaneous Goods & Services,,,,,https://www.pbs.gov.pk/wp-content/uploads/2020/07/indices_and_growth_rates_historical-1.pdf (PBS historical indices; category unavailable)
2022-02-01,2022,February,2,FY2021-22,Rural,Food & Non-Alcoholic Beverages,,,,,https://www.pbs.gov.pk/wp-content/uploads/2020/07/indices_and_growth_rates_historical-1.pdf (PBS historical indices; category unavailable)
2022-02-01,2022,February,2,FY2021-22,Rural,Alcoholic Beverages & Tobacco,,,,,https://www.pbs.gov.pk/wp-content/uploads/2020/07/indices_and_growth_rates_historical-1.pdf (PBS historical indices; category unavailable)
2022-02-01,2022,February,2,FY2021-22,Rural,Clothing & Footwear,,,,,https://www.pbs.gov.pk/wp-content/uploads/2020/07/indices_and_growth_rates_historical-1.pdf (PBS historical indices; category unavailable)
2022-02-01,2022,February,2,FY2021-22,Rural,"Housing, Water, Electricity, Gas & Fuels",,,,,https://www.pbs.gov.pk/wp-content/uploads/2020/07/indices_and_growth_rates_historical-1.pdf (PBS historical indices; category unavailable)
2022-02-01,2022,February,2,FY2021-22,Rural,Furnishing & Household Equipment Maintenance,,,,,https://www.pbs.gov.pk/wp-content/uploads/2020/07/indices_and_growth_rates_historical-1.pdf (PBS historical indices; category unavailable)
2022-02-01,2022,February,2,FY2021-22,Rural,Health,,,,,https://www.pbs.gov.pk/wp-content/uploads/2020/07/indices_and_growth_rates_historical-1.pdf (PBS historical indices; category unavailable)
2022-02-01,2022,February,2,FY2021-22,Rural,Transport,,,,,https://www.pbs.gov.pk/wp-content/uploads/2020/07/indices_and_growth_rates_historical-1.pdf (PBS historical indices; category unavailable)
2022-02-01,2022,February,2,FY2021-22,Rural,Communication,,,,,https://www.pbs.gov.pk/wp-content/uploads/2020/07/indices_and_growth_rates_historical-1.pdf (PBS historical indices; category unavailable)
2022-02-01,2022,February,2,FY2021-22,Rural,Recreation & Culture,,,,,https://www.pbs.gov.pk/wp-content/uploads/2020/07/indices_and_growth_rates_historical-1.pdf (PBS historical indices; category unavailable)
2022-02-01,2022,February,2,FY2021-22,Rural,Education,,,,,https://www.pbs.gov.pk/wp-content/uploads/2020/07/indices_and_growth_rates_historical-1.pdf (PBS historical indices; category unavailable)
2022-02-01,2022,February,2,FY2021-22,Rural,Restaurants & Hotels,,,,,https://www.pbs.gov.pk/wp-content/uploads/2020/07/indices_and_growth_rates_historical-1.pdf (PBS historical indices; category unavailable)
2022-02-01,2022,February,2,FY2021-22,Rural,Miscellaneous Goods & Services,,,,,https://www.pbs.gov.pk/wp-content/uploads/2020/07/indices_and_growth_rates_historical-1.pdf (PBS historical indices; category unavailable)
2022-03-01,2022,March,3,FY2021-22,National,Food & Non-Alcoholic Beverages,,,,,https://www.pbs.gov.pk/wp-content/uploads/2020/07/indices_and_growth_rates_historical-1.pdf (PBS historical indices; category unavailable)
2022-03-01,2022,March,3,FY2021-22,National,Alcoholic Beverages & Tobacco,,,,,https://www.pbs.gov.pk/wp-content/uploads/2020/07/indices_and_growth_rates_historical-1.pdf (PBS historical indices; category unavailable)
2022-03-01,2022,March,3,FY2021-22,National,Clothing & Footwear,,,,,https://www.pbs.gov.pk/wp-content/uploads/2020/07/indices_and_growth_rates_historical-1.pdf (PBS historical indices; category unavailable)
2022-03-01,2022,March,3,FY2021-22,National,"Housing, Water, Electricity, Gas & Fuels",,,,,https://www.pbs.gov.pk/wp-content/uploads/2020/07/indices_and_growth_rates_historical-1.pdf (PBS historical indices; category unavailable)
2022-03-01,2022,March,3,FY2021-22,National,Furnishing & Household Equipment Maintenance,,,,,https://www.pbs.gov.pk/wp-content/uploads/2020/07/indices_and_growth_rates_historical-1.pdf (PBS historical indices; category unavailable)
2022-03-01,2022,March,3,FY2021-22,National,Health,,,,,https://www.pbs.gov.pk/wp-content/uploads/2020/07/indices_and_growth_rates_historical-1.pdf (PBS historical indices; category unavailable)
2022-03-01,2022,March,3,FY2021-22,National,Transport,,,,,https://www.pbs.gov.pk/wp-content/uploads/2020/07/indices_and_growth_rates_historical-1.pdf (PBS historical indices; category unavailable)
2022-03-01,2022,March,3,FY2021-22,National,Communication,,,,,https://www.pbs.gov.pk/wp-content/uploads/2020/07/indices_and_growth_rates_historical-1.pdf (PBS historical indices; category unavailable)
2022-03-01,2022,March,3,FY2021-22,National,Recreation & Culture,,,,,https://www.pbs.gov.pk/wp-content/uploads/2020/07/indices_and_growth_rates_historical-1.pdf (PBS historical indices; category unavailable)
2022-03-01,2022,March,3,FY2021-22,National,Education,,,,,https://www.pbs.gov.pk/wp-content/uploads/2020/07/indices_and_growth_rates_historical-1.pdf (PBS historical indices; category unavailable)
2022-03-01,2022,March,3,FY2021-22,National,Restaurants & Hotels,,,,,https://www.pbs.gov.pk/wp-content/uploads/2020/07/indices_and_growth_rates_historical-1.pdf (PBS historical indices; category unavailable)
2022-03-01,2022,March,3,FY2021-22,National,Miscellaneous Goods & Services,,,,,https://www.pbs.gov.pk/wp-content/uploads/2020/07/indices_and_growth_rates_historical-1.pdf (PBS historical indices; category unavailable)
2022-03-01,2022,March,3,FY2021-22,Urban,Food & Non-Alcoholic Beverages,,,,,https://www.pbs.gov.pk/wp-content/uploads/2020/07/indices_and_growth_rates_historical-1.pdf (PBS historical indices; category unavailable)
2022-03-01,2022,March,3,FY2021-22,Urban,Alcoholic Beverages & Tobacco,,,,,https://www.pbs.gov.pk/wp-content/uploads/2020/07/indices_and_growth_rates_historical-1.pdf (PBS historical indices; category unavailable)
2022-03-01,2022,March,3,FY2021-22,Urban,Clothing & Footwear,,,,,https://www.pbs.gov.pk/wp-content/uploads/2020/07/indices_and_growth_rates_historical-1.pdf (PBS historical indices; category unavailable)
2022-03-01,2022,March,3,FY2021-22,Urban,"Housing, Water, Electricity, Gas & Fuels",,,,,https://www.pbs.gov.pk/wp-content/uploads/2020/07/indices_and_growth_rates_historical-1.pdf (PBS historical indices; category unavailable)
2022-03-01,2022,March,3,FY2021-22,Urban,Furnishing & Household Equipment Maintenance,,,,,https://www.pbs.gov.pk/wp-content/uploads/2020/07/indices_and_growth_rates_historical-1.pdf (PBS historical indices; category unavailable)
2022-03-01,2022,March,3,FY2021-22,Urban,Health,,,,,https://www.pbs.gov.pk/wp-content/uploads/2020/07/indices_and_growth_rates_historical-1.pdf (PBS historical indices; category unavailable)
2022-03-01,2022,March,3,FY2021-22,Urban,Transport,,,,,https://www.pbs.gov.pk/wp-content/uploads/2020/07/indices_and_growth_rates_historical-1.pdf (PBS historical indices; category unavailable)
2022-03-01,2022,March,3,FY2021-22,Urban,Communication,,,,,https://www.pbs.gov.pk/wp-content/uploads/2020/07/indices_and_growth_rates_historical-1.pdf (PBS historical indices; category unavailable)
2022-03-01,2022,March,3,FY2021-22,Urban,Recreation & Culture,,,,,https://www.pbs.gov.pk/wp-content/uploads/2020/07/indices_and_growth_rates_historical-1.pdf (PBS historical indices; category unavailable)
2022-03-01,2022,March,3,FY2021-22,Urban,Education,,,,,https://www.pbs.gov.pk/wp-content/uploads/2020/07/indices_and_growth_rates_historical-1.pdf (PBS historical indices; category unavailable)
2022-03-01,2022,March,3,FY2021-22,Urban,Restaurants & Hotels,,,,,https://www.pbs.gov.pk/wp-content/uploads/2020/07/indices_and_growth_rates_historical-1.pdf (PBS historical indices; category unavailable)
2022-03-01,2022,March,3,FY2021-22,Urban,Miscellaneous Goods & Services,,,,,https://www.pbs.gov.pk/wp-content/uploads/2020/07/indices_and_growth_rates_historical-1.pdf (PBS historical indices; category unavailable)
2022-03-01,2022,March,3,FY2021-22,Rural,Food & Non-Alcoholic Beverages,,,,,https://www.pbs.gov.pk/wp-content/uploads/2020/07/indices_and_growth_rates_historical-1.pdf (PBS historical indices; category unavailable)
2022-03-01,2022,March,3,FY2021-22,Rural,Alcoholic Beverages & Tobacco,,,,,https://www.pbs.gov.pk/wp-content/uploads/2020/07/indices_and_growth_rates_historical-1.pdf (PBS historical indices; category unavailable)
2022-03-01,2022,March,3,FY2021-22,Rural,Clothing & Footwear,,,,,https://www.pbs.gov.pk/wp-content/uploads/2020/07/indices_and_growth_rates_historical-1.pdf (PBS historical indices; category unavailable)
2022-03-01,2022,March,3,FY2021-22,Rural,"Housing, Water, Electricity, Gas & Fuels",,,,,https://www.pbs.gov.pk/wp-content/uploads/2020/07/indices_and_growth_rates_historical-1.pdf (PBS historical indices; category unavailable)
2022-03-01,2022,March,3,FY2021-22,Rural,Furnishing & Household Equipment Maintenance,,,,,https://www.pbs.gov.pk/wp-content/uploads/2020/07/indices_and_growth_rates_historical-1.pdf (PBS historical indices; category unavailable)
2022-03-01,2022,March,3,FY2021-22,Rural,Health,,,,,https://www.pbs.gov.pk/wp-content/uploads/2020/07/indices_and_growth_rates_historical-1.pdf (PBS historical indices; category unavailable)
2022-03-01,2022,March,3,FY2021-22,Rural,Transport,,,,,https://www.pbs.gov.pk/wp-content/uploads/2020/07/indices_and_growth_rates_historical-1.pdf (PBS historical indices; category unavailable)
2022-03-01,2022,March,3,FY2021-22,Rural,Communication,,,,,https://www.pbs.gov.pk/wp-content/uploads/2020/07/indices_and_growth_rates_historical-1.pdf (PBS historical indices; category unavailable)
2022-03-01,2022,March,3,FY2021-22,Rural,Recreation & Culture,,,,,https://www.pbs.gov.pk/wp-content/uploads/2020/07/indices_and_growth_rates_historical-1.pdf (PBS historical indices; category unavailable)
2022-03-01,2022,March,3,FY2021-22,Rural,Education,,,,,https://www.pbs.gov.pk/wp-content/uploads/2020/07/indices_and_growth_rates_historical-1.pdf (PBS historical indices; category unavailable)
2022-03-01,2022,March,3,FY2021-22,Rural,Restaurants & Hotels,,,,,https://www.pbs.gov.pk/wp-content/uploads/2020/07/indices_and_growth_rates_historical-1.pdf (PBS historical indices; category unavailable)
2022-03-01,2022,March,3,FY2021-22,Rural,Miscellaneous Goods & Services,,,,,https://www.pbs.gov.pk/wp-content/uploads/2020/07/indices_and_growth_rates_historical-1.pdf (PBS historical indices; category unavailable)
2022-04-01,2022,April,4,FY2021-22,National,Food & Non-Alcoholic Beverages,,,,,https://www.pbs.gov.pk/wp-content/uploads/2020/07/indices_and_growth_rates_historical-1.pdf (PBS historical indices; category unavailable)
2022-04-01,2022,April,4,FY2021-22,National,Alcoholic Beverages & Tobacco,,,,,https://www.pbs.gov.pk/wp-content/uploads/2020/07/indices_and_growth_rates_historical-1.pdf (PBS historical indices; category unavailable)
2022-04-01,2022,April,4,FY2021-22,National,Clothing & Footwear,,,,,https://www.pbs.gov.pk/wp-content/uploads/2020/07/indices_and_growth_rates_historical-1.pdf (PBS historical indices; category unavailable)
2022-04-01,2022,April,4,FY2021-22,National,"Housing, Water, Electricity, Gas & Fuels",,,,,https://www.pbs.gov.pk/wp-content/uploads/2020/07/indices_and_growth_rates_historical-1.pdf (PBS historical indices; category unavailable)
2022-04-01,2022,April,4,FY2021-22,National,Furnishing & Household Equipment Maintenance,,,,,https://www.pbs.gov.pk/wp-content/uploads/2020/07/indices_and_growth_rates_historical-1.pdf (PBS historical indices; category unavailable)
2022-04-01,2022,April,4,FY2021-22,National,Health,,,,,https://www.pbs.gov.pk/wp-content/uploads/2020/07/indices_and_growth_rates_historical-1.pdf (PBS historical indices; category unavailable)
2022-04-01,2022,April,4,FY2021-22,National,Transport,,,,,https://www.pbs.gov.pk/wp-content/uploads/2020/07/indices_and_growth_rates_historical-1.pdf (PBS historical indices; category unavailable)
2022-04-01,2022,April,4,FY2021-22,National,Communication,,,,,https://www.pbs.gov.pk/wp-content/uploads/2020/07/indices_and_growth_rates_historical-1.pdf (PBS historical indices; category unavailable)
2022-04-01,2022,April,4,FY2021-22,National,Recreation & Culture,,,,,https://www.pbs.gov.pk/wp-content/uploads/2020/07/indices_and_growth_rates_historical-1.pdf (PBS historical indices; category unavailable)
2022-04-01,2022,April,4,FY2021-22,National,Education,,,,,https://www.pbs.gov.pk/wp-content/uploads/2020/07/indices_and_growth_rates_historical-1.pdf (PBS historical indices; category unavailable)
2022-04-01,2022,April,4,FY2021-22,National,Restaurants & Hotels,,,,,https://www.pbs.gov.pk/wp-content/uploads/2020/07/indices_and_growth_rates_historical-1.pdf (PBS historical indices; category unavailable)
2022-04-01,2022,April,4,FY2021-22,National,Miscellaneous Goods & Services,,,,,https://www.pbs.gov.pk/wp-content/uploads/2020/07/indices_and_growth_rates_historical-1.pdf (PBS historical indices; category unavailable)
2022-04-01,2022,April,4,FY2021-22,Urban,Food & Non-Alcoholic Beverages,,,,,https://www.pbs.gov.pk/wp-content/uploads/2020/07/indices_and_growth_rates_historical-1.pdf (PBS historical indices; category unavailable)
2022-04-01,2022,April,4,FY2021-22,Urban,Alcoholic Beverages & Tobacco,,,,,https://www.pbs.gov.pk/wp-content/uploads/2020/07/indices_and_growth_rates_historical-1.pdf (PBS historical indices; category unavailable)
2022-04-01,2022,April,4,FY2021-22,Urban,Clothing & Footwear,,,,,https://www.pbs.gov.pk/wp-content/uploads/2020/07/indices_and_growth_rates_historical-1.pdf (PBS historical indices; category unavailable)
2022-04-01,2022,April,4,FY2021-22,Urban,"Housing, Water, Electricity, Gas & Fuels",,,,,https://www.pbs.gov.pk/wp-content/uploads/2020/07/indices_and_growth_rates_historical-1.pdf (PBS historical indices; category unavailable)
2022-04-01,2022,April,4,FY2021-22,Urban,Furnishing & Household Equipment Maintenance,,,,,https://www.pbs.gov.pk/wp-content/uploads/2020/07/indices_and_growth_rates_historical-1.pdf (PBS historical indices; category unavailable)
2022-04-01,2022,April,4,FY2021-22,Urban,Health,,,,,https://www.pbs.gov.pk/wp-content/uploads/2020/07/indices_and_growth_rates_historical-1.pdf (PBS historical indices; category unavailable)
2022-04-01,2022,April,4,FY2021-22,Urban,Transport,,,,,https://www.pbs.gov.pk/wp-content/uploads/2020/07/indices_and_growth_rates_historical-1.pdf (PBS historical indices; category unavailable)
2022-04-01,2022,April,4,FY2021-22,Urban,Communication,,,,,https://www.pbs.gov.pk/wp-content/uploads/2020/07/indices_and_growth_rates_historical-1.pdf (PBS historical indices; category unavailable)
2022-04-01,2022,April,4,FY2021-22,Urban,Recreation & Culture,,,,,https://www.pbs.gov.pk/wp-content/uploads/2020/07/indices_and_growth_rates_historical-1.pdf (PBS historical indices; category unavailable)
2022-04-01,2022,April,4,FY2021-22,Urban,Education,,,,,https://www.pbs.gov.pk/wp-content/uploads/2020/07/indices_and_growth_rates_historical-1.pdf (PBS historical indices; category unavailable)
2022-04-01,2022,April,4,FY2021-22,Urban,Restaurants & Hotels,,,,,https://www.pbs.gov.pk/wp-content/uploads/2020/07/indices_and_growth_rates_historical-1.pdf (PBS historical indices; category unavailable)
2022-04-01,2022,April,4,FY2021-22,Urban,Miscellaneous Goods & Services,,,,,https://www.pbs.gov.pk/wp-content/uploads/2020/07/indices_and_growth_rates_historical-1.pdf (PBS historical indices; category unavailable)
2022-04-01,2022,April,4,FY2021-22,Rural,Food & Non-Alcoholic Beverages,,,,,https://www.pbs.gov.pk/wp-content/uploads/2020/07/indices_and_growth_rates_historical-1.pdf (PBS historical indices; category unavailable)
2022-04-01,2022,April,4,FY2021-22,Rural,Alcoholic Beverages & Tobacco,,,,,https://www.pbs.gov.pk/wp-content/uploads/2020/07/indices_and_growth_rates_historical-1.pdf (PBS historical indices; category unavailable)
2022-04-01,2022,April,4,FY2021-22,Rural,Clothing & Footwear,,,,,https://www.pbs.gov.pk/wp-content/uploads/2020/07/indices_and_growth_rates_historical-1.pdf (PBS historical indices; category unavailable)
2022-04-01,2022,April,4,FY2021-22,Rural,"Housing, Water, Electricity, Gas & Fuels",,,,,https://www.pbs.gov.pk/wp-content/uploads/2020/07/indices_and_growth_rates_historical-1.pdf (PBS historical indices; category unavailable)
2022-04-01,2022,April,4,FY2021-22,Rural,Furnishing & Household Equipment Maintenance,,,,,https://www.pbs.gov.pk/wp-content/uploads/2020/07/indices_and_growth_rates_historical-1.pdf (PBS historical indices; category unavailable)
2022-04-01,2022,April,4,FY2021-22,Rural,Health,,,,,https://www.pbs.gov.pk/wp-content/uploads/2020/07/indices_and_growth_rates_historical-1.pdf (PBS historical indices; category unavailable)
2022-04-01,2022,April,4,FY2021-22,Rural,Transport,,,,,https://www.pbs.gov.pk/wp-content/uploads/2020/07/indices_and_growth_rates_historical-1.pdf (PBS historical indices; category unavailable)
2022-04-01,2022,April,4,FY2021-22,Rural,Communication,,,,,https://www.pbs.gov.pk/wp-content/uploads/2020/07/indices_and_growth_rates_historical-1.pdf (PBS historical indices; category unavailable)
2022-04-01,2022,April,4,FY2021-22,Rural,Recreation & Culture,,,,,https://www.pbs.gov.pk/wp-content/uploads/2020/07/indices_and_growth_rates_historical-1.pdf (PBS historical indices; category unavailable)
2022-04-01,2022,April,4,FY2021-22,Rural,Education,,,,,https://www.pbs.gov.pk/wp-content/uploads/2020/07/indices_and_growth_rates_historical-1.pdf (PBS historical indices; category unavailable)
2022-04-01,2022,April,4,FY2021-22,Rural,Restaurants & Hotels,,,,,https://www.pbs.gov.pk/wp-content/uploads/2020/07/indices_and_growth_rates_historical-1.pdf (PBS historical indices; category unavailable)
2022-04-01,2022,April,4,FY2021-22,Rural,Miscellaneous Goods & Services,,,,,https://www.pbs.gov.pk/wp-content/uploads/2020/07/indices_and_growth_rates_historical-1.pdf (PBS historical indices; category unavailable)
2022-05-01,2022,May,5,FY2021-22,National,Food & Non-Alcoholic Beverages,,,,,https://www.pbs.gov.pk/wp-content/uploads/2020/07/indices_and_growth_rates_historical-1.pdf (PBS historical indices; category unavailable)
2022-05-01,2022,May,5,FY2021-22,National,Alcoholic Beverages & Tobacco,,,,,https://www.pbs.gov.pk/wp-content/uploads/2020/07/indices_and_growth_rates_historical-1.pdf (PBS historical indices; category unavailable)
2022-05-01,2022,May,5,FY2021-22,National,Clothing & Footwear,,,,,https://www.pbs.gov.pk/wp-content/uploads/2020/07/indices_and_growth_rates_historical-1.pdf (PBS historical indices; category unavailable)
2022-05-01,2022,May,5,FY2021-22,National,"Housing, Water, Electricity, Gas & Fuels",,,,,https://www.pbs.gov.pk/wp-content/uploads/2020/07/indices_and_growth_rates_historical-1.pdf (PBS historical indices; category unavailable)
2022-05-01,2022,May,5,FY2021-22,National,Furnishing & Household Equipment Maintenance,,,,,https://www.pbs.gov.pk/wp-content/uploads/2020/07/indices_and_growth_rates_historical-1.pdf (PBS historical indices; category unavailable)
2022-05-01,2022,May,5,FY2021-22,National,Health,,,,,https://www.pbs.gov.pk/wp-content/uploads/2020/07/indices_and_growth_rates_historical-1.pdf (PBS historical indices; category unavailable)
2022-05-01,2022,May,5,FY2021-22,National,Transport,,,,,https://www.pbs.gov.pk/wp-content/uploads/2020/07/indices_and_growth_rates_historical-1.pdf (PBS historical indices; category unavailable)
2022-05-01,2022,May,5,FY2021-22,National,Communication,,,,,https://www.pbs.gov.pk/wp-content/uploads/2020/07/indices_and_growth_rates_historical-1.pdf (PBS historical indices; category unavailable)
2022-05-01,2022,May,5,FY2021-22,National,Recreation & Culture,,,,,https://www.pbs.gov.pk/wp-content/uploads/2020/07/indices_and_growth_rates_historical-1.pdf (PBS historical indices; category unavailable)
2022-05-01,2022,May,5,FY2021-22,National,Education,,,,,https://www.pbs.gov.pk/wp-content/uploads/2020/07/indices_and_growth_rates_historical-1.pdf (PBS historical indices; category unavailable)
2022-05-01,2022,May,5,FY2021-22,National,Restaurants & Hotels,,,,,https://www.pbs.gov.pk/wp-content/uploads/2020/07/indices_and_growth_rates_historical-1.pdf (PBS historical indices; category unavailable)
2022-05-01,2022,May,5,FY2021-22,National,Miscellaneous Goods & Services,,,,,https://www.pbs.gov.pk/wp-content/uploads/2020/07/indices_and_growth_rates_historical-1.pdf (PBS historical indices; category unavailable)
2022-05-01,2022,May,5,FY2021-22,Urban,Food & Non-Alcoholic Beverages,,,,,https://www.pbs.gov.pk/wp-content/uploads/2020/07/indices_and_growth_rates_historical-1.pdf (PBS historical indices; category unavailable)
2022-05-01,2022,May,5,FY2021-22,Urban,Alcoholic Beverages & Tobacco,,,,,https://www.pbs.gov.pk/wp-content/uploads/2020/07/indices_and_growth_rates_historical-1.pdf (PBS historical indices; category unavailable)
2022-05-01,2022,May,5,FY2021-22,Urban,Clothing & Footwear,,,,,https://www.pbs.gov.pk/wp-content/uploads/2020/07/indices_and_growth_rates_historical-1.pdf (PBS historical indices; category unavailable)
2022-05-01,2022,May,5,FY2021-22,Urban,"Housing, Water, Electricity, Gas & Fuels",,,,,https://www.pbs.gov.pk/wp-content/uploads/2020/07/indices_and_growth_rates_historical-1.pdf (PBS historical indices; category unavailable)
2022-05-01,2022,May,5,FY2021-22,Urban,Furnishing & Household Equipment Maintenance,,,,,https://www.pbs.gov.pk/wp-content/uploads/2020/07/indices_and_growth_rates_historical-1.pdf (PBS historical indices; category unavailable)
2022-05-01,2022,May,5,FY2021-22,Urban,Health,,,,,https://www.pbs.gov.pk/wp-content/uploads/2020/07/indices_and_growth_rates_historical-1.pdf (PBS historical indices; category unavailable)
2022-05-01,2022,May,5,FY2021-22,Urban,Transport,,,,,https://www.pbs.gov.pk/wp-content/uploads/2020/07/indices_and_growth_rates_historical-1.pdf (PBS historical indices; category unavailable)
2022-05-01,2022,May,5,FY2021-22,Urban,Communication,,,,,https://www.pbs.gov.pk/wp-content/uploads/2020/07/indices_and_growth_rates_historical-1.pdf (PBS historical indices; category unavailable)
2022-05-01,2022,May,5,FY2021-22,Urban,Recreation & Culture,,,,,https://www.pbs.gov.pk/wp-content/uploads/2020/07/indices_and_growth_rates_historical-1.pdf (PBS historical indices; category unavailable)
2022-05-01,2022,May,5,FY2021-22,Urban,Education,,,,,https://www.pbs.gov.pk/wp-content/uploads/2020/07/indices_and_growth_rates_historical-1.pdf (PBS historical indices; category unavailable)
2022-05-01,2022,May,5,FY2021-22,Urban,Restaurants & Hotels,,,,,https://www.pbs.gov.pk/wp-content/uploads/2020/07/indices_and_growth_rates_historical-1.pdf (PBS historical indices; category unavailable)
2022-05-01,2022,May,5,FY2021-22,Urban,Miscellaneous Goods & Services,,,,,https://www.pbs.gov.pk/wp-content/uploads/2020/07/indices_and_growth_rates_historical-1.pdf (PBS historical indices; category unavailable)
2022-05-01,2022,May,5,FY2021-22,Rural,Food & Non-Alcoholic Beverages,,,,,https://www.pbs.gov.pk/wp-content/uploads/2020/07/indices_and_growth_rates_historical-1.pdf (PBS historical indices; category unavailable)
2022-05-01,2022,May,5,FY2021-22,Rural,Alcoholic Beverages & Tobacco,,,,,https://www.pbs.gov.pk/wp-content/uploads/2020/07/indices_and_growth_rates_historical-1.pdf (PBS historical indices; category unavailable)
2022-05-01,2022,May,5,FY2021-22,Rural,Clothing & Footwear,,,,,https://www.pbs.gov.pk/wp-content/uploads/2020/07/indices_and_growth_rates_historical-1.pdf (PBS historical indices; category unavailable)
2022-05-01,2022,May,5,FY2021-22,Rural,"Housing, Water, Electricity, Gas & Fuels",,,,,https://www.pbs.gov.pk/wp-content/uploads/2020/07/indices_and_growth_rates_historical-1.pdf (PBS historical indices; category unavailable)
2022-05-01,2022,May,5,FY2021-22,Rural,Furnishing & Household Equipment Maintenance,,,,,https://www.pbs.gov.pk/wp-content/uploads/2020/07/indices_and_growth_rates_historical-1.pdf (PBS historical indices; category unavailable)
2022-05-01,2022,May,5,FY2021-22,Rural,Health,,,,,https://www.pbs.gov.pk/wp-content/uploads/2020/07/indices_and_growth_rates_historical-1.pdf (PBS historical indices; category unavailable)
2022-05-01,2022,May,5,FY2021-22,Rural,Transport,,,,,https://www.pbs.gov.pk/wp-content/uploads/2020/07/indices_and_growth_rates_historical-1.pdf (PBS historical indices; category unavailable)
2022-05-01,2022,May,5,FY2021-22,Rural,Communication,,,,,https://www.pbs.gov.pk/wp-content/uploads/2020/07/indices_and_growth_rates_historical-1.pdf (PBS historical indices; category unavailable)
2022-05-01,2022,May,5,FY2021-22,Rural,Recreation & Culture,,,,,https://www.pbs.gov.pk/wp-content/uploads/2020/07/indices_and_growth_rates_historical-1.pdf (PBS historical indices; category unavailable)
2022-05-01,2022,May,5,FY2021-22,Rural,Education,,,,,https://www.pbs.gov.pk/wp-content/uploads/2020/07/indices_and_growth_rates_historical-1.pdf (PBS historical indices; category unavailable)
2022-05-01,2022,May,5,FY2021-22,Rural,Restaurants & Hotels,,,,,https://www.pbs.gov.pk/wp-content/uploads/2020/07/indices_and_growth_rates_historical-1.pdf (PBS historical indices; category unavailable)
2022-05-01,2022,May,5,FY2021-22,Rural,Miscellaneous Goods & Services,,,,,https://www.pbs.gov.pk/wp-content/uploads/2020/07/indices_and_growth_rates_historical-1.pdf (PBS historical indices; category unavailable)
2022-06-01,2022,June,6,FY2021-22,National,Food & Non-Alcoholic Beverages,,,,,https://www.pbs.gov.pk/wp-content/uploads/2020/07/indices_and_growth_rates_historical-1.pdf (PBS historical indices; category unavailable)
2022-06-01,2022,June,6,FY2021-22,National,Alcoholic Beverages & Tobacco,,,,,https://www.pbs.gov.pk/wp-content/uploads/2020/07/indices_and_growth_rates_historical-1.pdf (PBS historical indices; category unavailable)
2022-06-01,2022,June,6,FY2021-22,National,Clothing & Footwear,,,,,https://www.pbs.gov.pk/wp-content/uploads/2020/07/indices_and_growth_rates_historical-1.pdf (PBS historical indices; category unavailable)
2022-06-01,2022,June,6,FY2021-22,National,"Housing, Water, Electricity, Gas & Fuels",,,,,https://www.pbs.gov.pk/wp-content/uploads/2020/07/indices_and_growth_rates_historical-1.pdf (PBS historical indices; category unavailable)
2022-06-01,2022,June,6,FY2021-22,National,Furnishing & Household Equipment Maintenance,,,,,https://www.pbs.gov.pk/wp-content/uploads/2020/07/indices_and_growth_rates_historical-1.pdf (PBS historical indices; category unavailable)
2022-06-01,2022,June,6,FY2021-22,National,Health,,,,,https://www.pbs.gov.pk/wp-content/uploads/2020/07/indices_and_growth_rates_historical-1.pdf (PBS historical indices; category unavailable)
2022-06-01,2022,June,6,FY2021-22,National,Transport,,,,,https://www.pbs.gov.pk/wp-content/uploads/2020/07/indices_and_growth_rates_historical-1.pdf (PBS historical indices; category unavailable)
2022-06-01,2022,June,6,FY2021-22,National,Communication,,,,,https://www.pbs.gov.pk/wp-content/uploads/2020/07/indices_and_growth_rates_historical-1.pdf (PBS historical indices; category unavailable)
2022-06-01,2022,June,6,FY2021-22,National,Recreation & Culture,,,,,https://www.pbs.gov.pk/wp-content/uploads/2020/07/indices_and_growth_rates_historical-1.pdf (PBS historical indices; category unavailable)
2022-06-01,2022,June,6,FY2021-22,National,Education,,,,,https://www.pbs.gov.pk/wp-content/uploads/2020/07/indices_and_growth_rates_historical-1.pdf (PBS historical indices; category unavailable)
2022-06-01,2022,June,6,FY2021-22,National,Restaurants & Hotels,,,,,https://www.pbs.gov.pk/wp-content/uploads/2020/07/indices_and_growth_rates_historical-1.pdf (PBS historical indices; category unavailable)
2022-06-01,2022,June,6,FY2021-22,National,Miscellaneous Goods & Services,,,,,https://www.pbs.gov.pk/wp-content/uploads/2020/07/indices_and_growth_rates_historical-1.pdf (PBS historical indices; category unavailable)
2022-06-01,2022,June,6,FY2021-22,Urban,Food & Non-Alcoholic Beverages,,,,,https://www.pbs.gov.pk/wp-content/uploads/2020/07/indices_and_growth_rates_historical-1.pdf (PBS historical indices; category unavailable)
2022-06-01,2022,June,6,FY2021-22,Urban,Alcoholic Beverages & Tobacco,,,,,https://www.pbs.gov.pk/wp-content/uploads/2020/07/indices_and_growth_rates_historical-1.pdf (PBS historical indices; category unavailable)
2022-06-01,2022,June,6,FY2021-22,Urban,Clothing & Footwear,,,,,https://www.pbs.gov.pk/wp-content/uploads/2020/07/indices_and_growth_rates_historical-1.pdf (PBS historical indices; category unavailable)
2022-06-01,2022,June,6,FY2021-22,Urban,"Housing, Water, Electricity, Gas & Fuels",,,,,https://www.pbs.gov.pk/wp-content/uploads/2020/07/indices_and_growth_rates_historical-1.pdf (PBS historical indices; category unavailable)
2022-06-01,2022,June,6,FY2021-22,Urban,Furnishing & Household Equipment Maintenance,,,,,https://www.pbs.gov.pk/wp-content/uploads/2020/07/indices_and_growth_rates_historical-1.pdf (PBS historical indices; category unavailable)
2022-06-01,2022,June,6,FY2021-22,Urban,Health,,,,,https://www.pbs.gov.pk/wp-content/uploads/2020/07/indices_and_growth_rates_historical-1.pdf (PBS historical indices; category unavailable)
2022-06-01,2022,June,6,FY2021-22,Urban,Transport,,,,,https://www.pbs.gov.pk/wp-content/uploads/2020/07/indices_and_growth_rates_historical-1.pdf (PBS historical indices; category unavailable)
2022-06-01,2022,June,6,FY2021-22,Urban,Communication,,,,,https://www.pbs.gov.pk/wp-content/uploads/2020/07/indices_and_growth_rates_historical-1.pdf (PBS historical indices; category unavailable)
2022-06-01,2022,June,6,FY2021-22,Urban,Recreation & Culture,,,,,https://www.pbs.gov.pk/wp-content/uploads/2020/07/indices_and_growth_rates_historical-1.pdf (PBS historical indices; category unavailable)
2022-06-01,2022,June,6,FY2021-22,Urban,Education,,,,,https://www.pbs.gov.pk/wp-content/uploads/2020/07/indices_and_growth_rates_historical-1.pdf (PBS historical indices; category unavailable)
2022-06-01,2022,June,6,FY2021-22,Urban,Restaurants & Hotels,,,,,https://www.pbs.gov.pk/wp-content/uploads/2020/07/indices_and_growth_rates_historical-1.pdf (PBS historical indices; category unavailable)
2022-06-01,2022,June,6,FY2021-22,Urban,Miscellaneous Goods & Services,,,,,https://www.pbs.gov.pk/wp-content/uploads/2020/07/indices_and_growth_rates_historical-1.pdf (PBS historical indices; category unavailable)
2022-06-01,2022,June,6,FY2021-22,Rural,Food & Non-Alcoholic Beverages,,,,,https://www.pbs.gov.pk/wp-content/uploads/2020/07/indices_and_growth_rates_historical-1.pdf (PBS historical indices; category unavailable)
2022-06-01,2022,June,6,FY2021-22,Rural,Alcoholic Beverages & Tobacco,,,,,https://www.pbs.gov.pk/wp-content/uploads/2020/07/indices_and_growth_rates_historical-1.pdf (PBS historical indices; category unavailable)
2022-06-01,2022,June,6,FY2021-22,Rural,Clothing & Footwear,,,,,https://www.pbs.gov.pk/wp-content/uploads/2020/07/indices_and_growth_rates_historical-1.pdf (PBS historical indices; category unavailable)
2022-06-01,2022,June,6,FY2021-22,Rural,"Housing, Water, Electricity, Gas & Fuels",,,,,https://www.pbs.gov.pk/wp-content/uploads/2020/07/indices_and_growth_rates_historical-1.pdf (PBS historical indices; category unavailable)
2022-06-01,2022,June,6,FY2021-22,Rural,Furnishing & Household Equipment Maintenance,,,,,https://www.pbs.gov.pk/wp-content/uploads/2020/07/indices_and_growth_rates_historical-1.pdf (PBS historical indices; category unavailable)
2022-06-01,2022,June,6,FY2021-22,Rural,Health,,,,,https://www.pbs.gov.pk/wp-content/uploads/2020/07/indices_and_growth_rates_historical-1.pdf (PBS historical indices; category unavailable)
2022-06-01,2022,June,6,FY2021-22,Rural,Transport,,,,,https://www.pbs.gov.pk/wp-content/uploads/2020/07/indices_and_growth_rates_historical-1.pdf (PBS historical indices; category unavailable)
2022-06-01,2022,June,6,FY2021-22,Rural,Communication,,,,,https://www.pbs.gov.pk/wp-content/uploads/2020/07/indices_and_growth_rates_historical-1.pdf (PBS historical indices; category unavailable)
2022-06-01,2022,June,6,FY2021-22,Rural,Recreation & Culture,,,,,https://www.pbs.gov.pk/wp-content/uploads/2020/07/indices_and_growth_rates_historical-1.pdf (PBS historical indices; category unavailable)
2022-06-01,2022,June,6,FY2021-22,Rural,Education,,,,,https://www.pbs.gov.pk/wp-content/uploads/2020/07/indices_and_growth_rates_historical-1.pdf (PBS historical indices; category unavailable)
2022-06-01,2022,June,6,FY2021-22,Rural,Restaurants & Hotels,,,,,https://www.pbs.gov.pk/wp-content/uploads/2020/07/indices_and_growth_rates_historical-1.pdf (PBS historical indices; category unavailable)
2022-06-01,2022,June,6,FY2021-22,Rural,Miscellaneous Goods & Services,,,,,https://www.pbs.gov.pk/wp-content/uploads/2020/07/indices_and_growth_rates_historical-1.pdf (PBS historical indices; category unavailable)
2022-07-01,2022,July,7,FY2022-23,National,Food & Non-Alcoholic Beverages,,,,,https://www.pbs.gov.pk/wp-content/uploads/2020/07/indices_and_growth_rates_historical-1.pdf (PBS historical indices; category unavailable)
2022-07-01,2022,July,7,FY2022-23,National,Alcoholic Beverages & Tobacco,,,,,https://www.pbs.gov.pk/wp-content/uploads/2020/07/indices_and_growth_rates_historical-1.pdf (PBS historical indices; category unavailable)
2022-07-01,2022,July,7,FY2022-23,National,Clothing & Footwear,,,,,https://www.pbs.gov.pk/wp-content/uploads/2020/07/indices_and_growth_rates_historical-1.pdf (PBS historical indices; category unavailable)
2022-07-01,2022,July,7,FY2022-23,National,"Housing, Water, Electricity, Gas & Fuels",,,,,https://www.pbs.gov.pk/wp-content/uploads/2020/07/indices_and_growth_rates_historical-1.pdf (PBS historical indices; category unavailable)
2022-07-01,2022,July,7,FY2022-23,National,Furnishing & Household Equipment Maintenance,,,,,https://www.pbs.gov.pk/wp-content/uploads/2020/07/indices_and_growth_rates_historical-1.pdf (PBS historical indices; category unavailable)
2022-07-01,2022,July,7,FY2022-23,National,Health,,,,,https://www.pbs.gov.pk/wp-content/uploads/2020/07/indices_and_growth_rates_historical-1.pdf (PBS historical indices; category unavailable)
2022-07-01,2022,July,7,FY2022-23,National,Transport,,,,,https://www.pbs.gov.pk/wp-content/uploads/2020/07/indices_and_growth_rates_historical-1.pdf (PBS historical indices; category unavailable)
2022-07-01,2022,July,7,FY2022-23,National,Communication,,,,,https://www.pbs.gov.pk/wp-content/uploads/2020/07/indices_and_growth_rates_historical-1.pdf (PBS historical indices; category unavailable)
2022-07-01,2022,July,7,FY2022-23,National,Recreation & Culture,,,,,https://www.pbs.gov.pk/wp-content/uploads/2020/07/indices_and_growth_rates_historical-1.pdf (PBS historical indices; category unavailable)
2022-07-01,2022,July,7,FY2022-23,National,Education,,,,,https://www.pbs.gov.pk/wp-content/uploads/2020/07/indices_and_growth_rates_historical-1.pdf (PBS historical indices; category unavailable)
2022-07-01,2022,July,7,FY2022-23,National,Restaurants & Hotels,,,,,https://www.pbs.gov.pk/wp-content/uploads/2020/07/indices_and_growth_rates_historical-1.pdf (PBS historical indices; category unavailable)
2022-07-01,2022,July,7,FY2022-23,National,Miscellaneous Goods & Services,,,,,https://www.pbs.gov.pk/wp-content/uploads/2020/07/indices_and_growth_rates_historical-1.pdf (PBS historical indices; category unavailable)
2022-07-01,2022,July,7,FY2022-23,Urban,Food & Non-Alcoholic Beverages,,,,,https://www.pbs.gov.pk/wp-content/uploads/2020/07/indices_and_growth_rates_historical-1.pdf (PBS historical indices; category unavailable)
2022-07-01,2022,July,7,FY2022-23,Urban,Alcoholic Beverages & Tobacco,,,,,https://www.pbs.gov.pk/wp-content/uploads/2020/07/indices_and_growth_rates_historical-1.pdf (PBS historical indices; category unavailable)
2022-07-01,2022,July,7,FY2022-23,Urban,Clothing & Footwear,,,,,https://www.pbs.gov.pk/wp-content/uploads/2020/07/indices_and_growth_rates_historical-1.pdf (PBS historical indices; category unavailable)
2022-07-01,2022,July,7,FY2022-23,Urban,"Housing, Water, Electricity, Gas & Fuels",,,,,https://www.pbs.gov.pk/wp-content/uploads/2020/07/indices_and_growth_rates_historical-1.pdf (PBS historical indices; category unavailable)
2022-07-01,2022,July,7,FY2022-23,Urban,Furnishing & Household Equipment Maintenance,,,,,https://www.pbs.gov.pk/wp-content/uploads/2020/07/indices_and_growth_rates_historical-1.pdf (PBS historical indices; category unavailable)
2022-07-01,2022,July,7,FY2022-23,Urban,Health,,,,,https://www.pbs.gov.pk/wp-content/uploads/2020/07/indices_and_growth_rates_historical-1.pdf (PBS historical indices; category unavailable)
2022-07-01,2022,July,7,FY2022-23,Urban,Transport,,,,,https://www.pbs.gov.pk/wp-content/uploads/2020/07/indices_and_growth_rates_historical-1.pdf (PBS historical indices; category unavailable)
2022-07-01,2022,July,7,FY2022-23,Urban,Communication,,,,,https://www.pbs.gov.pk/wp-content/uploads/2020/07/indices_and_growth_rates_historical-1.pdf (PBS historical indices; category unavailable)
2022-07-01,2022,July,7,FY2022-23,Urban,Recreation & Culture,,,,,https://www.pbs.gov.pk/wp-content/uploads/2020/07/indices_and_growth_rates_historical-1.pdf (PBS historical indices; category unavailable)
2022-07-01,2022,July,7,FY2022-23,Urban,Education,,,,,https://www.pbs.gov.pk/wp-content/uploads/2020/07/indices_and_growth_rates_historical-1.pdf (PBS historical indices; category unavailable)
2022-07-01,2022,July,7,FY2022-23,Urban,Restaurants & Hotels,,,,,https://www.pbs.gov.pk/wp-content/uploads/2020/07/indices_and_growth_rates_historical-1.pdf (PBS historical indices; category unavailable)
2022-07-01,2022,July,7,FY2022-23,Urban,Miscellaneous Goods & Services,,,,,https://www.pbs.gov.pk/wp-content/uploads/2020/07/indices_and_growth_rates_historical-1.pdf (PBS historical indices; category unavailable)
2022-07-01,2022,July,7,FY2022-23,Rural,Food & Non-Alcoholic Beverages,,,,,https://www.pbs.gov.pk/wp-content/uploads/2020/07/indices_and_growth_rates_historical-1.pdf (PBS historical indices; category unavailable)
2022-07-01,2022,July,7,FY2022-23,Rural,Alcoholic Beverages & Tobacco,,,,,https://www.pbs.gov.pk/wp-content/uploads/2020/07/indices_and_growth_rates_historical-1.pdf (PBS historical indices; category unavailable)
2022-07-01,2022,July,7,FY2022-23,Rural,Clothing & Footwear,,,,,https://www.pbs.gov.pk/wp-content/uploads/2020/07/indices_and_growth_rates_historical-1.pdf (PBS historical indices; category unavailable)
2022-07-01,2022,July,7,FY2022-23,Rural,"Housing, Water, Electricity, Gas & Fuels",,,,,https://www.pbs.gov.pk/wp-content/uploads/2020/07/indices_and_growth_rates_historical-1.pdf (PBS historical indices; category unavailable)
2022-07-01,2022,July,7,FY2022-23,Rural,Furnishing & Household Equipment Maintenance,,,,,https://www.pbs.gov.pk/wp-content/uploads/2020/07/indices_and_growth_rates_historical-1.pdf (PBS historical indices; category unavailable)
2022-07-01,2022,July,7,FY2022-23,Rural,Health,,,,,https://www.pbs.gov.pk/wp-content/uploads/2020/07/indices_and_growth_rates_historical-1.pdf (PBS historical indices; category unavailable)
2022-07-01,2022,July,7,FY2022-23,Rural,Transport,,,,,https://www.pbs.gov.pk/wp-content/uploads/2020/07/indices_and_growth_rates_historical-1.pdf (PBS historical indices; category unavailable)
2022-07-01,2022,July,7,FY2022-23,Rural,Communication,,,,,https://www.pbs.gov.pk/wp-content/uploads/2020/07/indices_and_growth_rates_historical-1.pdf (PBS historical indices; category unavailable)
2022-07-01,2022,July,7,FY2022-23,Rural,Recreation & Culture,,,,,https://www.pbs.gov.pk/wp-content/uploads/2020/07/indices_and_growth_rates_historical-1.pdf (PBS historical indices; category unavailable)
2022-07-01,2022,July,7,FY2022-23,Rural,Education,,,,,https://www.pbs.gov.pk/wp-content/uploads/2020/07/indices_and_growth_rates_historical-1.pdf (PBS historical indices; category unavailable)
2022-07-01,2022,July,7,FY2022-23,Rural,Restaurants & Hotels,,,,,https://www.pbs.gov.pk/wp-content/uploads/2020/07/indices_and_growth_rates_historical-1.pdf (PBS historical indices; category unavailable)
2022-07-01,2022,July,7,FY2022-23,Rural,Miscellaneous Goods & Services,,,,,https://www.pbs.gov.pk/wp-content/uploads/2020/07/indices_and_growth_rates_historical-1.pdf (PBS historical indices; category unavailable)
2022-08-01,2022,August,8,FY2022-23,National,Food & Non-Alcoholic Beverages,,,,,https://www.pbs.gov.pk/wp-content/uploads/2020/07/indices_and_growth_rates_historical-1.pdf (PBS historical indices; category unavailable)
2022-08-01,2022,August,8,FY2022-23,National,Alcoholic Beverages & Tobacco,,,,,https://www.pbs.gov.pk/wp-content/uploads/2020/07/indices_and_growth_rates_historical-1.pdf (PBS historical indices; category unavailable)
2022-08-01,2022,August,8,FY2022-23,National,Clothing & Footwear,,,,,https://www.pbs.gov.pk/wp-content/uploads/2020/07/indices_and_growth_rates_historical-1.pdf (PBS historical indices; category unavailable)
2022-08-01,2022,August,8,FY2022-23,National,"Housing, Water, Electricity, Gas & Fuels",,,,,https://www.pbs.gov.pk/wp-content/uploads/2020/07/indices_and_growth_rates_historical-1.pdf (PBS historical indices; category unavailable)
2022-08-01,2022,August,8,FY2022-23,National,Furnishing & Household Equipment Maintenance,,,,,https://www.pbs.gov.pk/wp-content/uploads/2020/07/indices_and_growth_rates_historical-1.pdf (PBS historical indices; category unavailable)
2022-08-01,2022,August,8,FY2022-23,National,Health,,,,,https://www.pbs.gov.pk/wp-content/uploads/2020/07/indices_and_growth_rates_historical-1.pdf (PBS historical indices; category unavailable)
2022-08-01,2022,August,8,FY2022-23,National,Transport,,,,,https://www.pbs.gov.pk/wp-content/uploads/2020/07/indices_and_growth_rates_historical-1.pdf (PBS historical indices; category unavailable)
2022-08-01,2022,August,8,FY2022-23,National,Communication,,,,,https://www.pbs.gov.pk/wp-content/uploads/2020/07/indices_and_growth_rates_historical-1.pdf (PBS historical indices; category unavailable)
2022-08-01,2022,August,8,FY2022-23,National,Recreation & Culture,,,,,https://www.pbs.gov.pk/wp-content/uploads/2020/07/indices_and_growth_rates_historical-1.pdf (PBS historical indices; category unavailable)
2022-08-01,2022,August,8,FY2022-23,National,Education,,,,,https://www.pbs.gov.pk/wp-content/uploads/2020/07/indices_and_growth_rates_historical-1.pdf (PBS historical indices; category unavailable)
2022-08-01,2022,August,8,FY2022-23,National,Restaurants & Hotels,,,,,https://www.pbs.gov.pk/wp-content/uploads/2020/07/indices_and_growth_rates_historical-1.pdf (PBS historical indices; category unavailable)
2022-08-01,2022,August,8,FY2022-23,National,Miscellaneous Goods & Services,,,,,https://www.pbs.gov.pk/wp-content/uploads/2020/07/indices_and_growth_rates_historical-1.pdf (PBS historical indices; category unavailable)
2022-08-01,2022,August,8,FY2022-23,Urban,Food & Non-Alcoholic Beverages,,,,,https://www.pbs.gov.pk/wp-content/uploads/2020/07/indices_and_growth_rates_historical-1.pdf (PBS historical indices; category unavailable)
2022-08-01,2022,August,8,FY2022-23,Urban,Alcoholic Beverages & Tobacco,,,,,https://www.pbs.gov.pk/wp-content/uploads/2020/07/indices_and_growth_rates_historical-1.pdf (PBS historical indices; category unavailable)
2022-08-01,2022,August,8,FY2022-23,Urban,Clothing & Footwear,,,,,https://www.pbs.gov.pk/wp-content/uploads/2020/07/indices_and_growth_rates_historical-1.pdf (PBS historical indices; category unavailable)
2022-08-01,2022,August,8,FY2022-23,Urban,"Housing, Water, Electricity, Gas & Fuels",,,,,https://www.pbs.gov.pk/wp-content/uploads/2020/07/indices_and_growth_rates_historical-1.pdf (PBS historical indices; category unavailable)
2022-08-01,2022,August,8,FY2022-23,Urban,Furnishing & Household Equipment Maintenance,,,,,https://www.pbs.gov.pk/wp-content/uploads/2020/07/indices_and_growth_rates_historical-1.pdf (PBS historical indices; category unavailable)
2022-08-01,2022,August,8,FY2022-23,Urban,Health,,,,,https://www.pbs.gov.pk/wp-content/uploads/2020/07/indices_and_growth_rates_historical-1.pdf (PBS historical indices; category unavailable)
2022-08-01,2022,August,8,FY2022-23,Urban,Transport,,,,,https://www.pbs.gov.pk/wp-content/uploads/2020/07/indices_and_growth_rates_historical-1.pdf (PBS historical indices; category unavailable)
2022-08-01,2022,August,8,FY2022-23,Urban,Communication,,,,,https://www.pbs.gov.pk/wp-content/uploads/2020/07/indices_and_growth_rates_historical-1.pdf (PBS historical indices; category unavailable)
2022-08-01,2022,August,8,FY2022-23,Urban,Recreation & Culture,,,,,https://www.pbs.gov.pk/wp-content/uploads/2020/07/indices_and_growth_rates_historical-1.pdf (PBS historical indices; category unavailable)
2022-08-01,2022,August,8,FY2022-23,Urban,Education,,,,,https://www.pbs.gov.pk/wp-content/uploads/2020/07/indices_and_growth_rates_historical-1.pdf (PBS historical indices; category unavailable)
2022-08-01,2022,August,8,FY2022-23,Urban,Restaurants & Hotels,,,,,https://www.pbs.gov.pk/wp-content/uploads/2020/07/indices_and_growth_rates_historical-1.pdf (PBS historical indices; category unavailable)
2022-08-01,2022,August,8,FY2022-23,Urban,Miscellaneous Goods & Services,,,,,https://www.pbs.gov.pk/wp-content/uploads/2020/07/indices_and_growth_rates_historical-1.pdf (PBS historical indices; category unavailable)
2022-08-01,2022,August,8,FY2022-23,Rural,Food & Non-Alcoholic Beverages,,,,,https://www.pbs.gov.pk/wp-content/uploads/2020/07/indices_and_growth_rates_historical-1.pdf (PBS historical indices; category unavailable)
2022-08-01,2022,August,8,FY2022-23,Rural,Alcoholic Beverages & Tobacco,,,,,https://www.pbs.gov.pk/wp-content/uploads/2020/07/indices_and_growth_rates_historical-1.pdf (PBS historical indices; category unavailable)
2022-08-01,2022,August,8,FY2022-23,Rural,Clothing & Footwear,,,,,https://www.pbs.gov.pk/wp-content/uploads/2020/07/indices_and_growth_rates_historical-1.pdf (PBS historical indices; category unavailable)
2022-08-01,2022,August,8,FY2022-23,Rural,"Housing, Water, Electricity, Gas & Fuels",,,,,https://www.pbs.gov.pk/wp-content/uploads/2020/07/indices_and_growth_rates_historical-1.pdf (PBS historical indices; category unavailable)
2022-08-01,2022,August,8,FY2022-23,Rural,Furnishing & Household Equipment Maintenance,,,,,https://www.pbs.gov.pk/wp-content/uploads/2020/07/indices_and_growth_rates_historical-1.pdf (PBS historical indices; category unavailable)
2022-08-01,2022,August,8,FY2022-23,Rural,Health,,,,,https://www.pbs.gov.pk/wp-content/uploads/2020/07/indices_and_growth_rates_historical-1.pdf (PBS historical indices; category unavailable)
2022-08-01,2022,August,8,FY2022-23,Rural,Transport,,,,,https://www.pbs.gov.pk/wp-content/uploads/2020/07/indices_and_growth_rates_historical-1.pdf (PBS historical indices; category unavailable)
2022-08-01,2022,August,8,FY2022-23,Rural,Communication,,,,,https://www.pbs.gov.pk/wp-content/uploads/2020/07/indices_and_growth_rates_historical-1.pdf (PBS historical indices; category unavailable)
2022-08-01,2022,August,8,FY2022-23,Rural,Recreation & Culture,,,,,https://www.pbs.gov.pk/wp-content/uploads/2020/07/indices_and_growth_rates_historical-1.pdf (PBS historical indices; category unavailable)
2022-08-01,2022,August,8,FY2022-23,Rural,Education,,,,,https://www.pbs.gov.pk/wp-content/uploads/2020/07/indices_and_growth_rates_historical-1.pdf (PBS historical indices; category unavailable)
2022-08-01,2022,August,8,FY2022-23,Rural,Restaurants & Hotels,,,,,https://www.pbs.gov.pk/wp-content/uploads/2020/07/indices_and_growth_rates_historical-1.pdf (PBS historical indices; category unavailable)
2022-08-01,2022,August,8,FY2022-23,Rural,Miscellaneous Goods & Services,,,,,https://www.pbs.gov.pk/wp-content/uploads/2020/07/indices_and_growth_rates_historical-1.pdf (PBS historical indices; category unavailable)
2022-09-01,2022,September,9,FY2022-23,National,Food & Non-Alcoholic Beverages,,,,,https://www.pbs.gov.pk/wp-content/uploads/2020/07/indices_and_growth_rates_historical-1.pdf (PBS historical indices; category unavailable)
2022-09-01,2022,September,9,FY2022-23,National,Alcoholic Beverages & Tobacco,,,,,https://www.pbs.gov.pk/wp-content/uploads/2020/07/indices_and_growth_rates_historical-1.pdf (PBS historical indices; category unavailable)
2022-09-01,2022,September,9,FY2022-23,National,Clothing & Footwear,,,,,https://www.pbs.gov.pk/wp-content/uploads/2020/07/indices_and_growth_rates_historical-1.pdf (PBS historical indices; category unavailable)
2022-09-01,2022,September,9,FY2022-23,National,"Housing, Water, Electricity, Gas & Fuels",,,,,https://www.pbs.gov.pk/wp-content/uploads/2020/07/indices_and_growth_rates_historical-1.pdf (PBS historical indices; category unavailable)
2022-09-01,2022,September,9,FY2022-23,National,Furnishing & Household Equipment Maintenance,,,,,https://www.pbs.gov.pk/wp-content/uploads/2020/07/indices_and_growth_rates_historical-1.pdf (PBS historical indices; category unavailable)
2022-09-01,2022,September,9,FY2022-23,National,Health,,,,,https://www.pbs.gov.pk/wp-content/uploads/2020/07/indices_and_growth_rates_historical-1.pdf (PBS historical indices; category unavailable)
2022-09-01,2022,September,9,FY2022-23,National,Transport,,,,,https://www.pbs.gov.pk/wp-content/uploads/2020/07/indices_and_growth_rates_historical-1.pdf (PBS historical indices; category unavailable)
2022-09-01,2022,September,9,FY2022-23,National,Communication,,,,,https://www.pbs.gov.pk/wp-content/uploads/2020/07/indices_and_growth_rates_historical-1.pdf (PBS historical indices; category unavailable)
2022-09-01,2022,September,9,FY2022-23,National,Recreation & Culture,,,,,https://www.pbs.gov.pk/wp-content/uploads/2020/07/indices_and_growth_rates_historical-1.pdf (PBS historical indices; category unavailable)
2022-09-01,2022,September,9,FY2022-23,National,Education,,,,,https://www.pbs.gov.pk/wp-content/uploads/2020/07/indices_and_growth_rates_historical-1.pdf (PBS historical indices; category unavailable)
2022-09-01,2022,September,9,FY2022-23,National,Restaurants & Hotels,,,,,https://www.pbs.gov.pk/wp-content/uploads/2020/07/indices_and_growth_rates_historical-1.pdf (PBS historical indices; category unavailable)
2022-09-01,2022,September,9,FY2022-23,National,Miscellaneous Goods & Services,,,,,https://www.pbs.gov.pk/wp-content/uploads/2020/07/indices_and_growth_rates_historical-1.pdf (PBS historical indices; category unavailable)
2022-09-01,2022,September,9,FY2022-23,Urban,Food & Non-Alcoholic Beverages,,,,,https://www.pbs.gov.pk/wp-content/uploads/2020/07/indices_and_growth_rates_historical-1.pdf (PBS historical indices; category unavailable)
2022-09-01,2022,September,9,FY2022-23,Urban,Alcoholic Beverages & Tobacco,,,,,https://www.pbs.gov.pk/wp-content/uploads/2020/07/indices_and_growth_rates_historical-1.pdf (PBS historical indices; category unavailable)
2022-09-01,2022,September,9,FY2022-23,Urban,Clothing & Footwear,,,,,https://www.pbs.gov.pk/wp-content/uploads/2020/07/indices_and_growth_rates_historical-1.pdf (PBS historical indices; category unavailable)
2022-09-01,2022,September,9,FY2022-23,Urban,"Housing, Water, Electricity, Gas & Fuels",,,,,https://www.pbs.gov.pk/wp-content/uploads/2020/07/indices_and_growth_rates_historical-1.pdf (PBS historical indices; category unavailable)
2022-09-01,2022,September,9,FY2022-23,Urban,Furnishing & Household Equipment Maintenance,,,,,https://www.pbs.gov.pk/wp-content/uploads/2020/07/indices_and_growth_rates_historical-1.pdf (PBS historical indices; category unavailable)
2022-09-01,2022,September,9,FY2022-23,Urban,Health,,,,,https://www.pbs.gov.pk/wp-content/uploads/2020/07/indices_and_growth_rates_historical-1.pdf (PBS historical indices; category unavailable)
2022-09-01,2022,September,9,FY2022-23,Urban,Transport,,,,,https://www.pbs.gov.pk/wp-content/uploads/2020/07/indices_and_growth_rates_historical-1.pdf (PBS historical indices; category unavailable)
2022-09-01,2022,September,9,FY2022-23,Urban,Communication,,,,,https://www.pbs.gov.pk/wp-content/uploads/2020/07/indices_and_growth_rates_historical-1.pdf (PBS historical indices; category unavailable)
2022-09-01,2022,September,9,FY2022-23,Urban,Recreation & Culture,,,,,https://www.pbs.gov.pk/wp-content/uploads/2020/07/indices_and_growth_rates_historical-1.pdf (PBS historical indices; category unavailable)
2022-09-01,2022,September,9,FY2022-23,Urban,Education,,,,,https://www.pbs.gov.pk/wp-content/uploads/2020/07/indices_and_growth_rates_historical-1.pdf (PBS historical indices; category unavailable)
2022-09-01,2022,September,9,FY2022-23,Urban,Restaurants & Hotels,,,,,https://www.pbs.gov.pk/wp-content/uploads/2020/07/indices_and_growth_rates_historical-1.pdf (PBS historical indices; category unavailable)
2022-09-01,2022,September,9,FY2022-23,Urban,Miscellaneous Goods & Services,,,,,https://www.pbs.gov.pk/wp-content/uploads/2020/07/indices_and_growth_rates_historical-1.pdf (PBS historical indices; category unavailable)
2022-09-01,2022,September,9,FY2022-23,Rural,Food & Non-Alcoholic Beverages,,,,,https://www.pbs.gov.pk/wp-content/uploads/2020/07/indices_and_growth_rates_historical-1.pdf (PBS historical indices; category unavailable)
2022-09-01,2022,September,9,FY2022-23,Rural,Alcoholic Beverages & Tobacco,,,,,https://www.pbs.gov.pk/wp-content/uploads/2020/07/indices_and_growth_rates_historical-1.pdf (PBS historical indices; category unavailable)
2022-09-01,2022,September,9,FY2022-23,Rural,Clothing & Footwear,,,,,https://www.pbs.gov.pk/wp-content/uploads/2020/07/indices_and_growth_rates_historical-1.pdf (PBS historical indices; category unavailable)
2022-09-01,2022,September,9,FY2022-23,Rural,"Housing, Water, Electricity, Gas & Fuels",,,,,https://www.pbs.gov.pk/wp-content/uploads/2020/07/indices_and_growth_rates_historical-1.pdf (PBS historical indices; category unavailable)
2022-09-01,2022,September,9,FY2022-23,Rural,Furnishing & Household Equipment Maintenance,,,,,https://www.pbs.gov.pk/wp-content/uploads/2020/07/indices_and_growth_rates_historical-1.pdf (PBS historical indices; category unavailable)
2022-09-01,2022,September,9,FY2022-23,Rural,Health,,,,,https://www.pbs.gov.pk/wp-content/uploads/2020/07/indices_and_growth_rates_historical-1.pdf (PBS historical indices; category unavailable)
2022-09-01,2022,September,9,FY2022-23,Rural,Transport,,,,,https://www.pbs.gov.pk/wp-content/uploads/2020/07/indices_and_growth_rates_historical-1.pdf (PBS historical indices; category unavailable)
2022-09-01,2022,September,9,FY2022-23,Rural,Communication,,,,,https://www.pbs.gov.pk/wp-content/uploads/2020/07/indices_and_growth_rates_historical-1.pdf (PBS historical indices; category unavailable)
2022-09-01,2022,September,9,FY2022-23,Rural,Recreation & Culture,,,,,https://www.pbs.gov.pk/wp-content/uploads/2020/07/indices_and_growth_rates_historical-1.pdf (PBS historical indices; category unavailable)
2022-09-01,2022,September,9,FY2022-23,Rural,Education,,,,,https://www.pbs.gov.pk/wp-content/uploads/2020/07/indices_and_growth_rates_historical-1.pdf (PBS historical indices; category unavailable)
2022-09-01,2022,September,9,FY2022-23,Rural,Restaurants & Hotels,,,,,https://www.pbs.gov.pk/wp-content/uploads/2020/07/indices_and_growth_rates_historical-1.pdf (PBS historical indices; category unavailable)
2022-09-01,2022,September,9,FY2022-23,Rural,Miscellaneous Goods & Services,,,,,https://www.pbs.gov.pk/wp-content/uploads/2020/07/indices_and_growth_rates_historical-1.pdf (PBS historical indices; category unavailable)
2022-10-01,2022,October,10,FY2022-23,National,Food & Non-Alcoholic Beverages,,,,,https://www.pbs.gov.pk/wp-content/uploads/2020/07/indices_and_growth_rates_historical-1.pdf (PBS historical indices; category unavailable)
2022-10-01,2022,October,10,FY2022-23,National,Alcoholic Beverages & Tobacco,,,,,https://www.pbs.gov.pk/wp-content/uploads/2020/07/indices_and_growth_rates_historical-1.pdf (PBS historical indices; category unavailable)
2022-10-01,2022,October,10,FY2022-23,National,Clothing & Footwear,,,,,https://www.pbs.gov.pk/wp-content/uploads/2020/07/indices_and_growth_rates_historical-1.pdf (PBS historical indices; category unavailable)
2022-10-01,2022,October,10,FY2022-23,National,"Housing, Water, Electricity, Gas & Fuels",,,,,https://www.pbs.gov.pk/wp-content/uploads/2020/07/indices_and_growth_rates_historical-1.pdf (PBS historical indices; category unavailable)
2022-10-01,2022,October,10,FY2022-23,National,Furnishing & Household Equipment Maintenance,,,,,https://www.pbs.gov.pk/wp-content/uploads/2020/07/indices_and_growth_rates_historical-1.pdf (PBS historical indices; category unavailable)
2022-10-01,2022,October,10,FY2022-23,National,Health,,,,,https://www.pbs.gov.pk/wp-content/uploads/2020/07/indices_and_growth_rates_historical-1.pdf (PBS historical indices; category unavailable)
2022-10-01,2022,October,10,FY2022-23,National,Transport,,,,,https://www.pbs.gov.pk/wp-content/uploads/2020/07/indices_and_growth_rates_historical-1.pdf (PBS historical indices; category unavailable)
2022-10-01,2022,October,10,FY2022-23,National,Communication,,,,,https://www.pbs.gov.pk/wp-content/uploads/2020/07/indices_and_growth_rates_historical-1.pdf (PBS historical indices; category unavailable)
2022-10-01,2022,October,10,FY2022-23,National,Recreation & Culture,,,,,https://www.pbs.gov.pk/wp-content/uploads/2020/07/indices_and_growth_rates_historical-1.pdf (PBS historical indices; category unavailable)
2022-10-01,2022,October,10,FY2022-23,National,Education,,,,,https://www.pbs.gov.pk/wp-content/uploads/2020/07/indices_and_growth_rates_historical-1.pdf (PBS historical indices; category unavailable)
2022-10-01,2022,October,10,FY2022-23,National,Restaurants & Hotels,,,,,https://www.pbs.gov.pk/wp-content/uploads/2020/07/indices_and_growth_rates_historical-1.pdf (PBS historical indices; category unavailable)
2022-10-01,2022,October,10,FY2022-23,National,Miscellaneous Goods & Services,,,,,https://www.pbs.gov.pk/wp-content/uploads/2020/07/indices_and_growth_rates_historical-1.pdf (PBS historical indices; category unavailable)
2022-10-01,2022,October,10,FY2022-23,Urban,Food & Non-Alcoholic Beverages,,,,,https://www.pbs.gov.pk/wp-content/uploads/2020/07/indices_and_growth_rates_historical-1.pdf (PBS historical indices; category unavailable)
2022-10-01,2022,October,10,FY2022-23,Urban,Alcoholic Beverages & Tobacco,,,,,https://www.pbs.gov.pk/wp-content/uploads/2020/07/indices_and_growth_rates_historical-1.pdf (PBS historical indices; category unavailable)
2022-10-01,2022,October,10,FY2022-23,Urban,Clothing & Footwear,,,,,https://www.pbs.gov.pk/wp-content/uploads/2020/07/indices_and_growth_rates_historical-1.pdf (PBS historical indices; category unavailable)
2022-10-01,2022,October,10,FY2022-23,Urban,"Housing, Water, Electricity, Gas & Fuels",,,,,https://www.pbs.gov.pk/wp-content/uploads/2020/07/indices_and_growth_rates_historical-1.pdf (PBS historical indices; category unavailable)
2022-10-01,2022,October,10,FY2022-23,Urban,Furnishing & Household Equipment Maintenance,,,,,https://www.pbs.gov.pk/wp-content/uploads/2020/07/indices_and_growth_rates_historical-1.pdf (PBS historical indices; category unavailable)
2022-10-01,2022,October,10,FY2022-23,Urban,Health,,,,,https://www.pbs.gov.pk/wp-content/uploads/2020/07/indices_and_growth_rates_historical-1.pdf (PBS historical indices; category unavailable)
2022-10-01,2022,October,10,FY2022-23,Urban,Transport,,,,,https://www.pbs.gov.pk/wp-content/uploads/2020/07/indices_and_growth_rates_historical-1.pdf (PBS historical indices; category unavailable)
2022-10-01,2022,October,10,FY2022-23,Urban,Communication,,,,,https://www.pbs.gov.pk/wp-content/uploads/2020/07/indices_and_growth_rates_historical-1.pdf (PBS historical indices; category unavailable)
2022-10-01,2022,October,10,FY2022-23,Urban,Recreation & Culture,,,,,https://www.pbs.gov.pk/wp-content/uploads/2020/07/indices_and_growth_rates_historical-1.pdf (PBS historical indices; category unavailable)
2022-10-01,2022,October,10,FY2022-23,Urban,Education,,,,,https://www.pbs.gov.pk/wp-content/uploads/2020/07/indices_and_growth_rates_historical-1.pdf (PBS historical indices; category unavailable)
2022-10-01,2022,October,10,FY2022-23,Urban,Restaurants & Hotels,,,,,https://www.pbs.gov.pk/wp-content/uploads/2020/07/indices_and_growth_rates_historical-1.pdf (PBS historical indices; category unavailable)
2022-10-01,2022,October,10,FY2022-23,Urban,Miscellaneous Goods & Services,,,,,https://www.pbs.gov.pk/wp-content/uploads/2020/07/indices_and_growth_rates_historical-1.pdf (PBS historical indices; category unavailable)
2022-10-01,2022,October,10,FY2022-23,Rural,Food & Non-Alcoholic Beverages,,,,,https://www.pbs.gov.pk/wp-content/uploads/2020/07/indices_and_growth_rates_historical-1.pdf (PBS historical indices; category unavailable)
2022-10-01,2022,October,10,FY2022-23,Rural,Alcoholic Beverages & Tobacco,,,,,https://www.pbs.gov.pk/wp-content/uploads/2020/07/indices_and_growth_rates_historical-1.pdf (PBS historical indices; category unavailable)
2022-10-01,2022,October,10,FY2022-23,Rural,Clothing & Footwear,,,,,https://www.pbs.gov.pk/wp-content/uploads/2020/07/indices_and_growth_rates_historical-1.pdf (PBS historical indices; category unavailable)
2022-10-01,2022,October,10,FY2022-23,Rural,"Housing, Water, Electricity, Gas & Fuels",,,,,https://www.pbs.gov.pk/wp-content/uploads/2020/07/indices_and_growth_rates_historical-1.pdf (PBS historical indices; category unavailable)
2022-10-01,2022,October,10,FY2022-23,Rural,Furnishing & Household Equipment Maintenance,,,,,https://www.pbs.gov.pk/wp-content/uploads/2020/07/indices_and_growth_rates_historical-1.pdf (PBS historical indices; category unavailable)
2022-10-01,2022,October,10,FY2022-23,Rural,Health,,,,,https://www.pbs.gov.pk/wp-content/uploads/2020/07/indices_and_growth_rates_historical-1.pdf (PBS historical indices; category unavailable)
2022-10-01,2022,October,10,FY2022-23,Rural,Transport,,,,,https://www.pbs.gov.pk/wp-content/uploads/2020/07/indices_and_growth_rates_historical-1.pdf (PBS historical indices; category unavailable)
2022-10-01,2022,October,10,FY2022-23,Rural,Communication,,,,,https://www.pbs.gov.pk/wp-content/uploads/2020/07/indices_and_growth_rates_historical-1.pdf (PBS historical indices; category unavailable)
2022-10-01,2022,October,10,FY2022-23,Rural,Recreation & Culture,,,,,https://www.pbs.gov.pk/wp-content/uploads/2020/07/indices_and_growth_rates_historical-1.pdf (PBS historical indices; category unavailable)
2022-10-01,2022,October,10,FY2022-23,Rural,Education,,,,,https://www.pbs.gov.pk/wp-content/uploads/2020/07/indices_and_growth_rates_historical-1.pdf (PBS historical indices; category unavailable)
2022-10-01,2022,October,10,FY2022-23,Rural,Restaurants & Hotels,,,,,https://www.pbs.gov.pk/wp-content/uploads/2020/07/indices_and_growth_rates_historical-1.pdf (PBS historical indices; category unavailable)
2022-10-01,2022,October,10,FY2022-23,Rural,Miscellaneous Goods & Services,,,,,https://www.pbs.gov.pk/wp-content/uploads/2020/07/indices_and_growth_rates_historical-1.pdf (PBS historical indices; category unavailable)
2022-11-01,2022,November,11,FY2022-23,National,Food & Non-Alcoholic Beverages,,,,,https://www.pbs.gov.pk/wp-content/uploads/2020/07/indices_and_growth_rates_historical-1.pdf (PBS historical indices; category unavailable)
2022-11-01,2022,November,11,FY2022-23,National,Alcoholic Beverages & Tobacco,,,,,https://www.pbs.gov.pk/wp-content/uploads/2020/07/indices_and_growth_rates_historical-1.pdf (PBS historical indices; category unavailable)
2022-11-01,2022,November,11,FY2022-23,National,Clothing & Footwear,,,,,https://www.pbs.gov.pk/wp-content/uploads/2020/07/indices_and_growth_rates_historical-1.pdf (PBS historical indices; category unavailable)
2022-11-01,2022,November,11,FY2022-23,National,"Housing, Water, Electricity, Gas & Fuels",,,,,https://www.pbs.gov.pk/wp-content/uploads/2020/07/indices_and_growth_rates_historical-1.pdf (PBS historical indices; category unavailable)
2022-11-01,2022,November,11,FY2022-23,National,Furnishing & Household Equipment Maintenance,,,,,https://www.pbs.gov.pk/wp-content/uploads/2020/07/indices_and_growth_rates_historical-1.pdf (PBS historical indices; category unavailable)
2022-11-01,2022,November,11,FY2022-23,National,Health,,,,,https://www.pbs.gov.pk/wp-content/uploads/2020/07/indices_and_growth_rates_historical-1.pdf (PBS historical indices; category unavailable)
2022-11-01,2022,November,11,FY2022-23,National,Transport,,,,,https://www.pbs.gov.pk/wp-content/uploads/2020/07/indices_and_growth_rates_historical-1.pdf (PBS historical indices; category unavailable)
2022-11-01,2022,November,11,FY2022-23,National,Communication,,,,,https://www.pbs.gov.pk/wp-content/uploads/2020/07/indices_and_growth_rates_historical-1.pdf (PBS historical indices; category unavailable)
2022-11-01,2022,November,11,FY2022-23,National,Recreation & Culture,,,,,https://www.pbs.gov.pk/wp-content/uploads/2020/07/indices_and_growth_rates_historical-1.pdf (PBS historical indices; category unavailable)
2022-11-01,2022,November,11,FY2022-23,National,Education,,,,,https://www.pbs.gov.pk/wp-content/uploads/2020/07/indices_and_growth_rates_historical-1.pdf (PBS historical indices; category unavailable)
2022-11-01,2022,November,11,FY2022-23,National,Restaurants & Hotels,,,,,https://www.pbs.gov.pk/wp-content/uploads/2020/07/indices_and_growth_rates_historical-1.pdf (PBS historical indices; category unavailable)
2022-11-01,2022,November,11,FY2022-23,National,Miscellaneous Goods & Services,,,,,https://www.pbs.gov.pk/wp-content/uploads/2020/07/indices_and_growth_rates_historical-1.pdf (PBS historical indices; category unavailable)
2022-11-01,2022,November,11,FY2022-23,Urban,Food & Non-Alcoholic Beverages,,,,,https://www.pbs.gov.pk/wp-content/uploads/2020/07/indices_and_growth_rates_historical-1.pdf (PBS historical indices; category unavailable)
2022-11-01,2022,November,11,FY2022-23,Urban,Alcoholic Beverages & Tobacco,,,,,https://www.pbs.gov.pk/wp-content/uploads/2020/07/indices_and_growth_rates_historical-1.pdf (PBS historical indices; category unavailable)
2022-11-01,2022,November,11,FY2022-23,Urban,Clothing & Footwear,,,,,https://www.pbs.gov.pk/wp-content/uploads/2020/07/indices_and_growth_rates_historical-1.pdf (PBS historical indices; category unavailable)
2022-11-01,2022,November,11,FY2022-23,Urban,"Housing, Water, Electricity, Gas & Fuels",,,,,https://www.pbs.gov.pk/wp-content/uploads/2020/07/indices_and_growth_rates_historical-1.pdf (PBS historical indices; category unavailable)
2022-11-01,2022,November,11,FY2022-23,Urban,Furnishing & Household Equipment Maintenance,,,,,https://www.pbs.gov.pk/wp-content/uploads/2020/07/indices_and_growth_rates_historical-1.pdf (PBS historical indices; category unavailable)
2022-11-01,2022,November,11,FY2022-23,Urban,Health,,,,,https://www.pbs.gov.pk/wp-content/uploads/2020/07/indices_and_growth_rates_historical-1.pdf (PBS historical indices; category unavailable)
2022-11-01,2022,November,11,FY2022-23,Urban,Transport,,,,,https://www.pbs.gov.pk/wp-content/uploads/2020/07/indices_and_growth_rates_historical-1.pdf (PBS historical indices; category unavailable)
2022-11-01,2022,November,11,FY2022-23,Urban,Communication,,,,,https://www.pbs.gov.pk/wp-content/uploads/2020/07/indices_and_growth_rates_historical-1.pdf (PBS historical indices; category unavailable)
2022-11-01,2022,November,11,FY2022-23,Urban,Recreation & Culture,,,,,https://www.pbs.gov.pk/wp-content/uploads/2020/07/indices_and_growth_rates_historical-1.pdf (PBS historical indices; category unavailable)
2022-11-01,2022,November,11,FY2022-23,Urban,Education,,,,,https://www.pbs.gov.pk/wp-content/uploads/2020/07/indices_and_growth_rates_historical-1.pdf (PBS historical indices; category unavailable)
2022-11-01,2022,November,11,FY2022-23,Urban,Restaurants & Hotels,,,,,https://www.pbs.gov.pk/wp-content/uploads/2020/07/indices_and_growth_rates_historical-1.pdf (PBS historical indices; category unavailable)
2022-11-01,2022,November,11,FY2022-23,Urban,Miscellaneous Goods & Services,,,,,https://www.pbs.gov.pk/wp-content/uploads/2020/07/indices_and_growth_rates_historical-1.pdf (PBS historical indices; category unavailable)
2022-11-01,2022,November,11,FY2022-23,Rural,Food & Non-Alcoholic Beverages,,,,,https://www.pbs.gov.pk/wp-content/uploads/2020/07/indices_and_growth_rates_historical-1.pdf (PBS historical indices; category unavailable)
2022-11-01,2022,November,11,FY2022-23,Rural,Alcoholic Beverages & Tobacco,,,,,https://www.pbs.gov.pk/wp-content/uploads/2020/07/indices_and_growth_rates_historical-1.pdf (PBS historical indices; category unavailable)
2022-11-01,2022,November,11,FY2022-23,Rural,Clothing & Footwear,,,,,https://www.pbs.gov.pk/wp-content/uploads/2020/07/indices_and_growth_rates_historical-1.pdf (PBS historical indices; category unavailable)
2022-11-01,2022,November,11,FY2022-23,Rural,"Housing, Water, Electricity, Gas & Fuels",,,,,https://www.pbs.gov.pk/wp-content/uploads/2020/07/indices_and_growth_rates_historical-1.pdf (PBS historical indices; category unavailable)
2022-11-01,2022,November,11,FY2022-23,Rural,Furnishing & Household Equipment Maintenance,,,,,https://www.pbs.gov.pk/wp-content/uploads/2020/07/indices_and_growth_rates_historical-1.pdf (PBS historical indices; category unavailable)
2022-11-01,2022,November,11,FY2022-23,Rural,Health,,,,,https://www.pbs.gov.pk/wp-content/uploads/2020/07/indices_and_growth_rates_historical-1.pdf (PBS historical indices; category unavailable)
2022-11-01,2022,November,11,FY2022-23,Rural,Transport,,,,,https://www.pbs.gov.pk/wp-content/uploads/2020/07/indices_and_growth_rates_historical-1.pdf (PBS historical indices; category unavailable)
2022-11-01,2022,November,11,FY2022-23,Rural,Communication,,,,,https://www.pbs.gov.pk/wp-content/uploads/2020/07/indices_and_growth_rates_historical-1.pdf (PBS historical indices; category unavailable)
2022-11-01,2022,November,11,FY2022-23,Rural,Recreation & Culture,,,,,https://www.pbs.gov.pk/wp-content/uploads/2020/07/indices_and_growth_rates_historical-1.pdf (PBS historical indices; category unavailable)
2022-11-01,2022,November,11,FY2022-23,Rural,Education,,,,,https://www.pbs.gov.pk/wp-content/uploads/2020/07/indices_and_growth_rates_historical-1.pdf (PBS historical indices; category unavailable)
2022-11-01,2022,November,11,FY2022-23,Rural,Restaurants & Hotels,,,,,https://www.pbs.gov.pk/wp-content/uploads/2020/07/indices_and_growth_rates_historical-1.pdf (PBS historical indices; category unavailable)
2022-11-01,2022,November,11,FY2022-23,Rural,Miscellaneous Goods & Services,,,,,https://www.pbs.gov.pk/wp-content/uploads/2020/07/indices_and_growth_rates_historical-1.pdf (PBS historical indices; category unavailable)
2022-12-01,2022,December,12,FY2022-23,National,Food & Non-Alcoholic Beverages,,,,,https://www.pbs.gov.pk/wp-content/uploads/2020/07/indices_and_growth_rates_historical-1.pdf (PBS historical indices; category unavailable)
2022-12-01,2022,December,12,FY2022-23,National,Alcoholic Beverages & Tobacco,,,,,https://www.pbs.gov.pk/wp-content/uploads/2020/07/indices_and_growth_rates_historical-1.pdf (PBS historical indices; category unavailable)
2022-12-01,2022,December,12,FY2022-23,National,Clothing & Footwear,,,,,https://www.pbs.gov.pk/wp-content/uploads/2020/07/indices_and_growth_rates_historical-1.pdf (PBS historical indices; category unavailable)
2022-12-01,2022,December,12,FY2022-23,National,"Housing, Water, Electricity, Gas & Fuels",,,,,https://www.pbs.gov.pk/wp-content/uploads/2020/07/indices_and_growth_rates_historical-1.pdf (PBS historical indices; category unavailable)
2022-12-01,2022,December,12,FY2022-23,National,Furnishing & Household Equipment Maintenance,,,,,https://www.pbs.gov.pk/wp-content/uploads/2020/07/indices_and_growth_rates_historical-1.pdf (PBS historical indices; category unavailable)
2022-12-01,2022,December,12,FY2022-23,National,Health,,,,,https://www.pbs.gov.pk/wp-content/uploads/2020/07/indices_and_growth_rates_historical-1.pdf (PBS historical indices; category unavailable)
2022-12-01,2022,December,12,FY2022-23,National,Transport,,,,,https://www.pbs.gov.pk/wp-content/uploads/2020/07/indices_and_growth_rates_historical-1.pdf (PBS historical indices; category unavailable)
2022-12-01,2022,December,12,FY2022-23,National,Communication,,,,,https://www.pbs.gov.pk/wp-content/uploads/2020/07/indices_and_growth_rates_historical-1.pdf (PBS historical indices; category unavailable)
2022-12-01,2022,December,12,FY2022-23,National,Recreation & Culture,,,,,https://www.pbs.gov.pk/wp-content/uploads/2020/07/indices_and_growth_rates_historical-1.pdf (PBS historical indices; category unavailable)
2022-12-01,2022,December,12,FY2022-23,National,Education,,,,,https://www.pbs.gov.pk/wp-content/uploads/2020/07/indices_and_growth_rates_historical-1.pdf (PBS historical indices; category unavailable)
2022-12-01,2022,December,12,FY2022-23,National,Restaurants & Hotels,,,,,https://www.pbs.gov.pk/wp-content/uploads/2020/07/indices_and_growth_rates_historical-1.pdf (PBS historical indices; category unavailable)
2022-12-01,2022,December,12,FY2022-23,National,Miscellaneous Goods & Services,,,,,https://www.pbs.gov.pk/wp-content/uploads/2020/07/indices_and_growth_rates_historical-1.pdf (PBS historical indices; category unavailable)
2022-12-01,2022,December,12,FY2022-23,Urban,Food & Non-Alcoholic Beverages,,,,,https://www.pbs.gov.pk/wp-content/uploads/2020/07/indices_and_growth_rates_historical-1.pdf (PBS historical indices; category unavailable)
2022-12-01,2022,December,12,FY2022-23,Urban,Alcoholic Beverages & Tobacco,,,,,https://www.pbs.gov.pk/wp-content/uploads/2020/07/indices_and_growth_rates_historical-1.pdf (PBS historical indices; category unavailable)
2022-12-01,2022,December,12,FY2022-23,Urban,Clothing & Footwear,,,,,https://www.pbs.gov.pk/wp-content/uploads/2020/07/indices_and_growth_rates_historical-1.pdf (PBS historical indices; category unavailable)
2022-12-01,2022,December,12,FY2022-23,Urban,"Housing, Water, Electricity, Gas & Fuels",,,,,https://www.pbs.gov.pk/wp-content/uploads/2020/07/indices_and_growth_rates_historical-1.pdf (PBS historical indices; category unavailable)
2022-12-01,2022,December,12,FY2022-23,Urban,Furnishing & Household Equipment Maintenance,,,,,https://www.pbs.gov.pk/wp-content/uploads/2020/07/indices_and_growth_rates_historical-1.pdf (PBS historical indices; category unavailable)
2022-12-01,2022,December,12,FY2022-23,Urban,Health,,,,,https://www.pbs.gov.pk/wp-content/uploads/2020/07/indices_and_growth_rates_historical-1.pdf (PBS historical indices; category unavailable)
2022-12-01,2022,December,12,FY2022-23,Urban,Transport,,,,,https://www.pbs.gov.pk/wp-content/uploads/2020/07/indices_and_growth_rates_historical-1.pdf (PBS historical indices; category unavailable)
2022-12-01,2022,December,12,FY2022-23,Urban,Communication,,,,,https://www.pbs.gov.pk/wp-content/uploads/2020/07/indices_and_growth_rates_historical-1.pdf (PBS historical indices; category unavailable)
2022-12-01,2022,December,12,FY2022-23,Urban,Recreation & Culture,,,,,https://www.pbs.gov.pk/wp-content/uploads/2020/07/indices_and_growth_rates_historical-1.pdf (PBS historical indices; category unavailable)
2022-12-01,2022,December,12,FY2022-23,Urban,Education,,,,,https://www.pbs.gov.pk/wp-content/uploads/2020/07/indices_and_growth_rates_historical-1.pdf (PBS historical indices; category unavailable)
2022-12-01,2022,December,12,FY2022-23,Urban,Restaurants & Hotels,,,,,https://www.pbs.gov.pk/wp-content/uploads/2020/07/indices_and_growth_rates_historical-1.pdf (PBS historical indices; category unavailable)
2022-12-01,2022,December,12,FY2022-23,Urban,Miscellaneous Goods & Services,,,,,https://www.pbs.gov.pk/wp-content/uploads/2020/07/indices_and_growth_rates_historical-1.pdf (PBS historical indices; category unavailable)
2022-12-01,2022,December,12,FY2022-23,Rural,Food & Non-Alcoholic Beverages,,,,,https://www.pbs.gov.pk/wp-content/uploads/2020/07/indices_and_growth_rates_historical-1.pdf (PBS historical indices; category unavailable)
2022-12-01,2022,December,12,FY2022-23,Rural,Alcoholic Beverages & Tobacco,,,,,https://www.pbs.gov.pk/wp-content/uploads/2020/07/indices_and_growth_rates_historical-1.pdf (PBS historical indices; category unavailable)
2022-12-01,2022,December,12,FY2022-23,Rural,Clothing & Footwear,,,,,https://www.pbs.gov.pk/wp-content/uploads/2020/07/indices_and_growth_rates_historical-1.pdf (PBS historical indices; category unavailable)
2022-12-01,2022,December,12,FY2022-23,Rural,"Housing, Water, Electricity, Gas & Fuels",,,,,https://www.pbs.gov.pk/wp-content/uploads/2020/07/indices_and_growth_rates_historical-1.pdf (PBS historical indices; category unavailable)
2022-12-01,2022,December,12,FY2022-23,Rural,Furnishing & Household Equipment Maintenance,,,,,https://www.pbs.gov.pk/wp-content/uploads/2020/07/indices_and_growth_rates_historical-1.pdf (PBS historical indices; category unavailable)
2022-12-01,2022,December,12,FY2022-23,Rural,Health,,,,,https://www.pbs.gov.pk/wp-content/uploads/2020/07/indices_and_growth_rates_historical-1.pdf (PBS historical indices; category unavailable)
2022-12-01,2022,December,12,FY2022-23,Rural,Transport,,,,,https://www.pbs.gov.pk/wp-content/uploads/2020/07/indices_and_growth_rates_historical-1.pdf (PBS historical indices; category unavailable)
2022-12-01,2022,December,12,FY2022-23,Rural,Communication,,,,,https://www.pbs.gov.pk/wp-content/uploads/2020/07/indices_and_growth_rates_historical-1.pdf (PBS historical indices; category unavailable)
2022-12-01,2022,December,12,FY2022-23,Rural,Recreation & Culture,,,,,https://www.pbs.gov.pk/wp-content/uploads/2020/07/indices_and_growth_rates_historical-1.pdf (PBS historical indices; category unavailable)
2022-12-01,2022,December,12,FY2022-23,Rural,Education,,,,,https://www.pbs.gov.pk/wp-content/uploads/2020/07/indices_and_growth_rates_historical-1.pdf (PBS historical indices; category unavailable)
2022-12-01,2022,December,12,FY2022-23,Rural,Restaurants & Hotels,,,,,https://www.pbs.gov.pk/wp-content/uploads/2020/07/indices_and_growth_rates_historical-1.pdf (PBS historical indices; category unavailable)
2022-12-01,2022,December,12,FY2022-23,Rural,Miscellaneous Goods & Services,,,,,https://www.pbs.gov.pk/wp-content/uploads/2020/07/indices_and_growth_rates_historical-1.pdf (PBS historical indices; category unavailable)
2023-01-01,2023,January,1,FY2022-23,National,Food & Non-Alcoholic Beverages,,,,,https://www.pbs.gov.pk/wp-content/uploads/2020/07/indices_and_growth_rates_historical-1.pdf (PBS historical indices; category unavailable)
2023-01-01,2023,January,1,FY2022-23,National,Alcoholic Beverages & Tobacco,,,,,https://www.pbs.gov.pk/wp-content/uploads/2020/07/indices_and_growth_rates_historical-1.pdf (PBS historical indices; category unavailable)
2023-01-01,2023,January,1,FY2022-23,National,Clothing & Footwear,,,,,https://www.pbs.gov.pk/wp-content/uploads/2020/07/indices_and_growth_rates_historical-1.pdf (PBS historical indices; category unavailable)
2023-01-01,2023,January,1,FY2022-23,National,"Housing, Water, Electricity, Gas & Fuels",,,,,https://www.pbs.gov.pk/wp-content/uploads/2020/07/indices_and_growth_rates_historical-1.pdf (PBS historical indices; category unavailable)
2023-01-01,2023,January,1,FY2022-23,National,Furnishing & Household Equipment Maintenance,,,,,https://www.pbs.gov.pk/wp-content/uploads/2020/07/indices_and_growth_rates_historical-1.pdf (PBS historical indices; category unavailable)
2023-01-01,2023,January,1,FY2022-23,National,Health,,,,,https://www.pbs.gov.pk/wp-content/uploads/2020/07/indices_and_growth_rates_historical-1.pdf (PBS historical indices; category unavailable)
2023-01-01,2023,January,1,FY2022-23,National,Transport,,,,,https://www.pbs.gov.pk/wp-content/uploads/2020/07/indices_and_growth_rates_historical-1.pdf (PBS historical indices; category unavailable)
2023-01-01,2023,January,1,FY2022-23,National,Communication,,,,,https://www.pbs.gov.pk/wp-content/uploads/2020/07/indices_and_growth_rates_historical-1.pdf (PBS historical indices; category unavailable)
2023-01-01,2023,January,1,FY2022-23,National,Recreation & Culture,,,,,https://www.pbs.gov.pk/wp-content/uploads/2020/07/indices_and_growth_rates_historical-1.pdf (PBS historical indices; category unavailable)
2023-01-01,2023,January,1,FY2022-23,National,Education,,,,,https://www.pbs.gov.pk/wp-content/uploads/2020/07/indices_and_growth_rates_historical-1.pdf (PBS historical indices; category unavailable)
2023-01-01,2023,January,1,FY2022-23,National,Restaurants & Hotels,,,,,https://www.pbs.gov.pk/wp-content/uploads/2020/07/indices_and_growth_rates_historical-1.pdf (PBS historical indices; category unavailable)
2023-01-01,2023,January,1,FY2022-23,National,Miscellaneous Goods & Services,,,,,https://www.pbs.gov.pk/wp-content/uploads/2020/07/indices_and_growth_rates_historical-1.pdf (PBS historical indices; category unavailable)
2023-01-01,2023,January,1,FY2022-23,Urban,Food & Non-Alcoholic Beverages,,,,,https://www.pbs.gov.pk/wp-content/uploads/2020/07/indices_and_growth_rates_historical-1.pdf (PBS historical indices; category unavailable)
2023-01-01,2023,January,1,FY2022-23,Urban,Alcoholic Beverages & Tobacco,,,,,https://www.pbs.gov.pk/wp-content/uploads/2020/07/indices_and_growth_rates_historical-1.pdf (PBS historical indices; category unavailable)
2023-01-01,2023,January,1,FY2022-23,Urban,Clothing & Footwear,,,,,https://www.pbs.gov.pk/wp-content/uploads/2020/07/indices_and_growth_rates_historical-1.pdf (PBS historical indices; category unavailable)
2023-01-01,2023,January,1,FY2022-23,Urban,"Housing, Water, Electricity, Gas & Fuels",,,,,https://www.pbs.gov.pk/wp-content/uploads/2020/07/indices_and_growth_rates_historical-1.pdf (PBS historical indices; category unavailable)
2023-01-01,2023,January,1,FY2022-23,Urban,Furnishing & Household Equipment Maintenance,,,,,https://www.pbs.gov.pk/wp-content/uploads/2020/07/indices_and_growth_rates_historical-1.pdf (PBS historical indices; category unavailable)
2023-01-01,2023,January,1,FY2022-23,Urban,Health,,,,,https://www.pbs.gov.pk/wp-content/uploads/2020/07/indices_and_growth_rates_historical-1.pdf (PBS historical indices; category unavailable)
2023-01-01,2023,January,1,FY2022-23,Urban,Transport,,,,,https://www.pbs.gov.pk/wp-content/uploads/2020/07/indices_and_growth_rates_historical-1.pdf (PBS historical indices; category unavailable)
2023-01-01,2023,January,1,FY2022-23,Urban,Communication,,,,,https://www.pbs.gov.pk/wp-content/uploads/2020/07/indices_and_growth_rates_historical-1.pdf (PBS historical indices; category unavailable)
2023-01-01,2023,January,1,FY2022-23,Urban,Recreation & Culture,,,,,https://www.pbs.gov.pk/wp-content/uploads/2020/07/indices_and_growth_rates_historical-1.pdf (PBS historical indices; category unavailable)
2023-01-01,2023,January,1,FY2022-23,Urban,Education,,,,,https://www.pbs.gov.pk/wp-content/uploads/2020/07/indices_and_growth_rates_historical-1.pdf (PBS historical indices; category unavailable)
2023-01-01,2023,January,1,FY2022-23,Urban,Restaurants & Hotels,,,,,https://www.pbs.gov.pk/wp-content/uploads/2020/07/indices_and_growth_rates_historical-1.pdf (PBS historical indices; category unavailable)
2023-01-01,2023,January,1,FY2022-23,Urban,Miscellaneous Goods & Services,,,,,https://www.pbs.gov.pk/wp-content/uploads/2020/07/indices_and_growth_rates_historical-1.pdf (PBS historical indices; category unavailable)
2023-01-01,2023,January,1,FY2022-23,Rural,Food & Non-Alcoholic Beverages,,,,,https://www.pbs.gov.pk/wp-content/uploads/2020/07/indices_and_growth_rates_historical-1.pdf (PBS historical indices; category unavailable)
2023-01-01,2023,January,1,FY2022-23,Rural,Alcoholic Beverages & Tobacco,,,,,https://www.pbs.gov.pk/wp-content/uploads/2020/07/indices_and_growth_rates_historical-1.pdf (PBS historical indices; category unavailable)
2023-01-01,2023,January,1,FY2022-23,Rural,Clothing & Footwear,,,,,https://www.pbs.gov.pk/wp-content/uploads/2020/07/indices_and_growth_rates_historical-1.pdf (PBS historical indices; category unavailable)
2023-01-01,2023,January,1,FY2022-23,Rural,"Housing, Water, Electricity, Gas & Fuels",,,,,https://www.pbs.gov.pk/wp-content/uploads/2020/07/indices_and_growth_rates_historical-1.pdf (PBS historical indices; category unavailable)
2023-01-01,2023,January,1,FY2022-23,Rural,Furnishing & Household Equipment Maintenance,,,,,https://www.pbs.gov.pk/wp-content/uploads/2020/07/indices_and_growth_rates_historical-1.pdf (PBS historical indices; category unavailable)
2023-01-01,2023,January,1,FY2022-23,Rural,Health,,,,,https://www.pbs.gov.pk/wp-content/uploads/2020/07/indices_and_growth_rates_historical-1.pdf (PBS historical indices; category unavailable)
2023-01-01,2023,January,1,FY2022-23,Rural,Transport,,,,,https://www.pbs.gov.pk/wp-content/uploads/2020/07/indices_and_growth_rates_historical-1.pdf (PBS historical indices; category unavailable)
2023-01-01,2023,January,1,FY2022-23,Rural,Communication,,,,,https://www.pbs.gov.pk/wp-content/uploads/2020/07/indices_and_growth_rates_historical-1.pdf (PBS historical indices; category unavailable)
2023-01-01,2023,January,1,FY2022-23,Rural,Recreation & Culture,,,,,https://www.pbs.gov.pk/wp-content/uploads/2020/07/indices_and_growth_rates_historical-1.pdf (PBS historical indices; category unavailable)
2023-01-01,2023,January,1,FY2022-23,Rural,Education,,,,,https://www.pbs.gov.pk/wp-content/uploads/2020/07/indices_and_growth_rates_historical-1.pdf (PBS historical indices; category unavailable)
2023-01-01,2023,January,1,FY2022-23,Rural,Restaurants & Hotels,,,,,https://www.pbs.gov.pk/wp-content/uploads/2020/07/indices_and_growth_rates_historical-1.pdf (PBS historical indices; category unavailable)
2023-01-01,2023,January,1,FY2022-23,Rural,Miscellaneous Goods & Services,,,,,https://www.pbs.gov.pk/wp-content/uploads/2020/07/indices_and_growth_rates_historical-1.pdf (PBS historical indices; category unavailable)
2023-02-01,2023,February,2,FY2022-23,National,Food & Non-Alcoholic Beverages,,,,,https://www.pbs.gov.pk/wp-content/uploads/2020/07/indices_and_growth_rates_historical-1.pdf (PBS historical indices; category unavailable)
2023-02-01,2023,February,2,FY2022-23,National,Alcoholic Beverages & Tobacco,,,,,https://www.pbs.gov.pk/wp-content/uploads/2020/07/indices_and_growth_rates_historical-1.pdf (PBS historical indices; category unavailable)
2023-02-01,2023,February,2,FY2022-23,National,Clothing & Footwear,,,,,https://www.pbs.gov.pk/wp-content/uploads/2020/07/indices_and_growth_rates_historical-1.pdf (PBS historical indices; category unavailable)
2023-02-01,2023,February,2,FY2022-23,National,"Housing, Water, Electricity, Gas & Fuels",,,,,https://www.pbs.gov.pk/wp-content/uploads/2020/07/indices_and_growth_rates_historical-1.pdf (PBS historical indices; category unavailable)
2023-02-01,2023,February,2,FY2022-23,National,Furnishing & Household Equipment Maintenance,,,,,https://www.pbs.gov.pk/wp-content/uploads/2020/07/indices_and_growth_rates_historical-1.pdf (PBS historical indices; category unavailable)
2023-02-01,2023,February,2,FY2022-23,National,Health,,,,,https://www.pbs.gov.pk/wp-content/uploads/2020/07/indices_and_growth_rates_historical-1.pdf (PBS historical indices; category unavailable)
2023-02-01,2023,February,2,FY2022-23,National,Transport,,,,,https://www.pbs.gov.pk/wp-content/uploads/2020/07/indices_and_growth_rates_historical-1.pdf (PBS historical indices; category unavailable)
2023-02-01,2023,February,2,FY2022-23,National,Communication,,,,,https://www.pbs.gov.pk/wp-content/uploads/2020/07/indices_and_growth_rates_historical-1.pdf (PBS historical indices; category unavailable)
2023-02-01,2023,February,2,FY2022-23,National,Recreation & Culture,,,,,https://www.pbs.gov.pk/wp-content/uploads/2020/07/indices_and_growth_rates_historical-1.pdf (PBS historical indices; category unavailable)
2023-02-01,2023,February,2,FY2022-23,National,Education,,,,,https://www.pbs.gov.pk/wp-content/uploads/2020/07/indices_and_growth_rates_historical-1.pdf (PBS historical indices; category unavailable)
2023-02-01,2023,February,2,FY2022-23,National,Restaurants & Hotels,,,,,https://www.pbs.gov.pk/wp-content/uploads/2020/07/indices_and_growth_rates_historical-1.pdf (PBS historical indices; category unavailable)
2023-02-01,2023,February,2,FY2022-23,National,Miscellaneous Goods & Services,,,,,https://www.pbs.gov.pk/wp-content/uploads/2020/07/indices_and_growth_rates_historical-1.pdf (PBS historical indices; category unavailable)
2023-02-01,2023,February,2,FY2022-23,Urban,Food & Non-Alcoholic Beverages,,,,,https://www.pbs.gov.pk/wp-content/uploads/2020/07/indices_and_growth_rates_historical-1.pdf (PBS historical indices; category unavailable)
2023-02-01,2023,February,2,FY2022-23,Urban,Alcoholic Beverages & Tobacco,,,,,https://www.pbs.gov.pk/wp-content/uploads/2020/07/indices_and_growth_rates_historical-1.pdf (PBS historical indices; category unavailable)
2023-02-01,2023,February,2,FY2022-23,Urban,Clothing & Footwear,,,,,https://www.pbs.gov.pk/wp-content/uploads/2020/07/indices_and_growth_rates_historical-1.pdf (PBS historical indices; category unavailable)
2023-02-01,2023,February,2,FY2022-23,Urban,"Housing, Water, Electricity, Gas & Fuels",,,,,https://www.pbs.gov.pk/wp-content/uploads/2020/07/indices_and_growth_rates_historical-1.pdf (PBS historical indices; category unavailable)
2023-02-01,2023,February,2,FY2022-23,Urban,Furnishing & Household Equipment Maintenance,,,,,https://www.pbs.gov.pk/wp-content/uploads/2020/07/indices_and_growth_rates_historical-1.pdf (PBS historical indices; category unavailable)
2023-02-01,2023,February,2,FY2022-23,Urban,Health,,,,,https://www.pbs.gov.pk/wp-content/uploads/2020/07/indices_and_growth_rates_historical-1.pdf (PBS historical indices; category unavailable)
2023-02-01,2023,February,2,FY2022-23,Urban,Transport,,,,,https://www.pbs.gov.pk/wp-content/uploads/2020/07/indices_and_growth_rates_historical-1.pdf (PBS historical indices; category unavailable)
2023-02-01,2023,February,2,FY2022-23,Urban,Communication,,,,,https://www.pbs.gov.pk/wp-content/uploads/2020/07/indices_and_growth_rates_historical-1.pdf (PBS historical indices; category unavailable)
2023-02-01,2023,February,2,FY2022-23,Urban,Recreation & Culture,,,,,https://www.pbs.gov.pk/wp-content/uploads/2020/07/indices_and_growth_rates_historical-1.pdf (PBS historical indices; category unavailable)
2023-02-01,2023,February,2,FY2022-23,Urban,Education,,,,,https://www.pbs.gov.pk/wp-content/uploads/2020/07/indices_and_growth_rates_historical-1.pdf (PBS historical indices; category unavailable)
2023-02-01,2023,February,2,FY2022-23,Urban,Restaurants & Hotels,,,,,https://www.pbs.gov.pk/wp-content/uploads/2020/07/indices_and_growth_rates_historical-1.pdf (PBS historical indices; category unavailable)
2023-02-01,2023,February,2,FY2022-23,Urban,Miscellaneous Goods & Services,,,,,https://www.pbs.gov.pk/wp-content/uploads/2020/07/indices_and_growth_rates_historical-1.pdf (PBS historical indices; category unavailable)
2023-02-01,2023,February,2,FY2022-23,Rural,Food & Non-Alcoholic Beverages,,,,,https://www.pbs.gov.pk/wp-content/uploads/2020/07/indices_and_growth_rates_historical-1.pdf (PBS historical indices; category unavailable)
2023-02-01,2023,February,2,FY2022-23,Rural,Alcoholic Beverages & Tobacco,,,,,https://www.pbs.gov.pk/wp-content/uploads/2020/07/indices_and_growth_rates_historical-1.pdf (PBS historical indices; category unavailable)
2023-02-01,2023,February,2,FY2022-23,Rural,Clothing & Footwear,,,,,https://www.pbs.gov.pk/wp-content/uploads/2020/07/indices_and_growth_rates_historical-1.pdf (PBS historical indices; category unavailable)
2023-02-01,2023,February,2,FY2022-23,Rural,"Housing, Water, Electricity, Gas & Fuels",,,,,https://www.pbs.gov.pk/wp-content/uploads/2020/07/indices_and_growth_rates_historical-1.pdf (PBS historical indices; category unavailable)
2023-02-01,2023,February,2,FY2022-23,Rural,Furnishing & Household Equipment Maintenance,,,,,https://www.pbs.gov.pk/wp-content/uploads/2020/07/indices_and_growth_rates_historical-1.pdf (PBS historical indices; category unavailable)
2023-02-01,2023,February,2,FY2022-23,Rural,Health,,,,,https://www.pbs.gov.pk/wp-content/uploads/2020/07/indices_and_growth_rates_historical-1.pdf (PBS historical indices; category unavailable)
2023-02-01,2023,February,2,FY2022-23,Rural,Transport,,,,,https://www.pbs.gov.pk/wp-content/uploads/2020/07/indices_and_growth_rates_historical-1.pdf (PBS historical indices; category unavailable)
2023-02-01,2023,February,2,FY2022-23,Rural,Communication,,,,,https://www.pbs.gov.pk/wp-content/uploads/2020/07/indices_and_growth_rates_historical-1.pdf (PBS historical indices; category unavailable)
2023-02-01,2023,February,2,FY2022-23,Rural,Recreation & Culture,,,,,https://www.pbs.gov.pk/wp-content/uploads/2020/07/indices_and_growth_rates_historical-1.pdf (PBS historical indices; category unavailable)
2023-02-01,2023,February,2,FY2022-23,Rural,Education,,,,,https://www.pbs.gov.pk/wp-content/uploads/2020/07/indices_and_growth_rates_historical-1.pdf (PBS historical indices; category unavailable)
2023-02-01,2023,February,2,FY2022-23,Rural,Restaurants & Hotels,,,,,https://www.pbs.gov.pk/wp-content/uploads/2020/07/indices_and_growth_rates_historical-1.pdf (PBS historical indices; category unavailable)
2023-02-01,2023,February,2,FY2022-23,Rural,Miscellaneous Goods & Services,,,,,https://www.pbs.gov.pk/wp-content/uploads/2020/07/indices_and_growth_rates_historical-1.pdf (PBS historical indices; category unavailable)
2023-03-01,2023,March,3,FY2022-23,National,Food & Non-Alcoholic Beverages,,,,,https://www.pbs.gov.pk/wp-content/uploads/2020/07/indices_and_growth_rates_historical-1.pdf (PBS historical indices; category unavailable)
2023-03-01,2023,March,3,FY2022-23,National,Alcoholic Beverages & Tobacco,,,,,https://www.pbs.gov.pk/wp-content/uploads/2020/07/indices_and_growth_rates_historical-1.pdf (PBS historical indices; category unavailable)
2023-03-01,2023,March,3,FY2022-23,National,Clothing & Footwear,,,,,https://www.pbs.gov.pk/wp-content/uploads/2020/07/indices_and_growth_rates_historical-1.pdf (PBS historical indices; category unavailable)
2023-03-01,2023,March,3,FY2022-23,National,"Housing, Water, Electricity, Gas & Fuels",,,,,https://www.pbs.gov.pk/wp-content/uploads/2020/07/indices_and_growth_rates_historical-1.pdf (PBS historical indices; category unavailable)
2023-03-01,2023,March,3,FY2022-23,National,Furnishing & Household Equipment Maintenance,,,,,https://www.pbs.gov.pk/wp-content/uploads/2020/07/indices_and_growth_rates_historical-1.pdf (PBS historical indices; category unavailable)
2023-03-01,2023,March,3,FY2022-23,National,Health,,,,,https://www.pbs.gov.pk/wp-content/uploads/2020/07/indices_and_growth_rates_historical-1.pdf (PBS historical indices; category unavailable)
2023-03-01,2023,March,3,FY2022-23,National,Transport,,,,,https://www.pbs.gov.pk/wp-content/uploads/2020/07/indices_and_growth_rates_historical-1.pdf (PBS historical indices; category unavailable)
2023-03-01,2023,March,3,FY2022-23,National,Communication,,,,,https://www.pbs.gov.pk/wp-content/uploads/2020/07/indices_and_growth_rates_historical-1.pdf (PBS historical indices; category unavailable)
2023-03-01,2023,March,3,FY2022-23,National,Recreation & Culture,,,,,https://www.pbs.gov.pk/wp-content/uploads/2020/07/indices_and_growth_rates_historical-1.pdf (PBS historical indices; category unavailable)
2023-03-01,2023,March,3,FY2022-23,National,Education,,,,,https://www.pbs.gov.pk/wp-content/uploads/2020/07/indices_and_growth_rates_historical-1.pdf (PBS historical indices; category unavailable)
2023-03-01,2023,March,3,FY2022-23,National,Restaurants & Hotels,,,,,https://www.pbs.gov.pk/wp-content/uploads/2020/07/indices_and_growth_rates_historical-1.pdf (PBS historical indices; category unavailable)
2023-03-01,2023,March,3,FY2022-23,National,Miscellaneous Goods & Services,,,,,https://www.pbs.gov.pk/wp-content/uploads/2020/07/indices_and_growth_rates_historical-1.pdf (PBS historical indices; category unavailable)
2023-03-01,2023,March,3,FY2022-23,Urban,Food & Non-Alcoholic Beverages,,,,,https://www.pbs.gov.pk/wp-content/uploads/2020/07/indices_and_growth_rates_historical-1.pdf (PBS historical indices; category unavailable)
2023-03-01,2023,March,3,FY2022-23,Urban,Alcoholic Beverages & Tobacco,,,,,https://www.pbs.gov.pk/wp-content/uploads/2020/07/indices_and_growth_rates_historical-1.pdf (PBS historical indices; category unavailable)
2023-03-01,2023,March,3,FY2022-23,Urban,Clothing & Footwear,,,,,https://www.pbs.gov.pk/wp-content/uploads/2020/07/indices_and_growth_rates_historical-1.pdf (PBS historical indices; category unavailable)
2023-03-01,2023,March,3,FY2022-23,Urban,"Housing, Water, Electricity, Gas & Fuels",,,,,https://www.pbs.gov.pk/wp-content/uploads/2020/07/indices_and_growth_rates_historical-1.pdf (PBS historical indices; category unavailable)
2023-03-01,2023,March,3,FY2022-23,Urban,Furnishing & Household Equipment Maintenance,,,,,https://www.pbs.gov.pk/wp-content/uploads/2020/07/indices_and_growth_rates_historical-1.pdf (PBS historical indices; category unavailable)
2023-03-01,2023,March,3,FY2022-23,Urban,Health,,,,,https://www.pbs.gov.pk/wp-content/uploads/2020/07/indices_and_growth_rates_historical-1.pdf (PBS historical indices; category unavailable)
2023-03-01,2023,March,3,FY2022-23,Urban,Transport,,,,,https://www.pbs.gov.pk/wp-content/uploads/2020/07/indices_and_growth_rates_historical-1.pdf (PBS historical indices; category unavailable)
2023-03-01,2023,March,3,FY2022-23,Urban,Communication,,,,,https://www.pbs.gov.pk/wp-content/uploads/2020/07/indices_and_growth_rates_historical-1.pdf (PBS historical indices; category unavailable)
2023-03-01,2023,March,3,FY2022-23,Urban,Recreation & Culture,,,,,https://www.pbs.gov.pk/wp-content/uploads/2020/07/indices_and_growth_rates_historical-1.pdf (PBS historical indices; category unavailable)
2023-03-01,2023,March,3,FY2022-23,Urban,Education,,,,,https://www.pbs.gov.pk/wp-content/uploads/2020/07/indices_and_growth_rates_historical-1.pdf (PBS historical indices; category unavailable)
2023-03-01,2023,March,3,FY2022-23,Urban,Restaurants & Hotels,,,,,https://www.pbs.gov.pk/wp-content/uploads/2020/07/indices_and_growth_rates_historical-1.pdf (PBS historical indices; category unavailable)
2023-03-01,2023,March,3,FY2022-23,Urban,Miscellaneous Goods & Services,,,,,https://www.pbs.gov.pk/wp-content/uploads/2020/07/indices_and_growth_rates_historical-1.pdf (PBS historical indices; category unavailable)
2023-03-01,2023,March,3,FY2022-23,Rural,Food & Non-Alcoholic Beverages,,,,,https://www.pbs.gov.pk/wp-content/uploads/2020/07/indices_and_growth_rates_historical-1.pdf (PBS historical indices; category unavailable)
2023-03-01,2023,March,3,FY2022-23,Rural,Alcoholic Beverages & Tobacco,,,,,https://www.pbs.gov.pk/wp-content/uploads/2020/07/indices_and_growth_rates_historical-1.pdf (PBS historical indices; category unavailable)
2023-03-01,2023,March,3,FY2022-23,Rural,Clothing & Footwear,,,,,https://www.pbs.gov.pk/wp-content/uploads/2020/07/indices_and_growth_rates_historical-1.pdf (PBS historical indices; category unavailable)
2023-03-01,2023,March,3,FY2022-23,Rural,"Housing, Water, Electricity, Gas & Fuels",,,,,https://www.pbs.gov.pk/wp-content/uploads/2020/07/indices_and_growth_rates_historical-1.pdf (PBS historical indices; category unavailable)
2023-03-01,2023,March,3,FY2022-23,Rural,Furnishing & Household Equipment Maintenance,,,,,https://www.pbs.gov.pk/wp-content/uploads/2020/07/indices_and_growth_rates_historical-1.pdf (PBS historical indices; category unavailable)
2023-03-01,2023,March,3,FY2022-23,Rural,Health,,,,,https://www.pbs.gov.pk/wp-content/uploads/2020/07/indices_and_growth_rates_historical-1.pdf (PBS historical indices; category unavailable)
2023-03-01,2023,March,3,FY2022-23,Rural,Transport,,,,,https://www.pbs.gov.pk/wp-content/uploads/2020/07/indices_and_growth_rates_historical-1.pdf (PBS historical indices; category unavailable)
2023-03-01,2023,March,3,FY2022-23,Rural,Communication,,,,,https://www.pbs.gov.pk/wp-content/uploads/2020/07/indices_and_growth_rates_historical-1.pdf (PBS historical indices; category unavailable)
2023-03-01,2023,March,3,FY2022-23,Rural,Recreation & Culture,,,,,https://www.pbs.gov.pk/wp-content/uploads/2020/07/indices_and_growth_rates_historical-1.pdf (PBS historical indices; category unavailable)
2023-03-01,2023,March,3,FY2022-23,Rural,Education,,,,,https://www.pbs.gov.pk/wp-content/uploads/2020/07/indices_and_growth_rates_historical-1.pdf (PBS historical indices; category unavailable)
2023-03-01,2023,March,3,FY2022-23,Rural,Restaurants & Hotels,,,,,https://www.pbs.gov.pk/wp-content/uploads/2020/07/indices_and_growth_rates_historical-1.pdf (PBS historical indices; category unavailable)
2023-03-01,2023,March,3,FY2022-23,Rural,Miscellaneous Goods & Services,,,,,https://www.pbs.gov.pk/wp-content/uploads/2020/07/indices_and_growth_rates_historical-1.pdf (PBS historical indices; category unavailable)
2023-04-01,2023,April,4,FY2022-23,National,Food & Non-Alcoholic Beverages,,,,,https://www.pbs.gov.pk/wp-content/uploads/2020/07/indices_and_growth_rates_historical-1.pdf (PBS historical indices; category unavailable)
2023-04-01,2023,April,4,FY2022-23,National,Alcoholic Beverages & Tobacco,,,,,https://www.pbs.gov.pk/wp-content/uploads/2020/07/indices_and_growth_rates_historical-1.pdf (PBS historical indices; category unavailable)
2023-04-01,2023,April,4,FY2022-23,National,Clothing & Footwear,,,,,https://www.pbs.gov.pk/wp-content/uploads/2020/07/indices_and_growth_rates_historical-1.pdf (PBS historical indices; category unavailable)
2023-04-01,2023,April,4,FY2022-23,National,"Housing, Water, Electricity, Gas & Fuels",,,,,https://www.pbs.gov.pk/wp-content/uploads/2020/07/indices_and_growth_rates_historical-1.pdf (PBS historical indices; category unavailable)
2023-04-01,2023,April,4,FY2022-23,National,Furnishing & Household Equipment Maintenance,,,,,https://www.pbs.gov.pk/wp-content/uploads/2020/07/indices_and_growth_rates_historical-1.pdf (PBS historical indices; category unavailable)
2023-04-01,2023,April,4,FY2022-23,National,Health,,,,,https://www.pbs.gov.pk/wp-content/uploads/2020/07/indices_and_growth_rates_historical-1.pdf (PBS historical indices; category unavailable)
2023-04-01,2023,April,4,FY2022-23,National,Transport,,,,,https://www.pbs.gov.pk/wp-content/uploads/2020/07/indices_and_growth_rates_historical-1.pdf (PBS historical indices; category unavailable)
2023-04-01,2023,April,4,FY2022-23,National,Communication,,,,,https://www.pbs.gov.pk/wp-content/uploads/2020/07/indices_and_growth_rates_historical-1.pdf (PBS historical indices; category unavailable)
2023-04-01,2023,April,4,FY2022-23,National,Recreation & Culture,,,,,https://www.pbs.gov.pk/wp-content/uploads/2020/07/indices_and_growth_rates_historical-1.pdf (PBS historical indices; category unavailable)
2023-04-01,2023,April,4,FY2022-23,National,Education,,,,,https://www.pbs.gov.pk/wp-content/uploads/2020/07/indices_and_growth_rates_historical-1.pdf (PBS historical indices; category unavailable)
2023-04-01,2023,April,4,FY2022-23,National,Restaurants & Hotels,,,,,https://www.pbs.gov.pk/wp-content/uploads/2020/07/indices_and_growth_rates_historical-1.pdf (PBS historical indices; category unavailable)
2023-04-01,2023,April,4,FY2022-23,National,Miscellaneous Goods & Services,,,,,https://www.pbs.gov.pk/wp-content/uploads/2020/07/indices_and_growth_rates_historical-1.pdf (PBS historical indices; category unavailable)
2023-04-01,2023,April,4,FY2022-23,Urban,Food & Non-Alcoholic Beverages,,,,,https://www.pbs.gov.pk/wp-content/uploads/2020/07/indices_and_growth_rates_historical-1.pdf (PBS historical indices; category unavailable)
2023-04-01,2023,April,4,FY2022-23,Urban,Alcoholic Beverages & Tobacco,,,,,https://www.pbs.gov.pk/wp-content/uploads/2020/07/indices_and_growth_rates_historical-1.pdf (PBS historical indices; category unavailable)
2023-04-01,2023,April,4,FY2022-23,Urban,Clothing & Footwear,,,,,https://www.pbs.gov.pk/wp-content/uploads/2020/07/indices_and_growth_rates_historical-1.pdf (PBS historical indices; category unavailable)
2023-04-01,2023,April,4,FY2022-23,Urban,"Housing, Water, Electricity, Gas & Fuels",,,,,https://www.pbs.gov.pk/wp-content/uploads/2020/07/indices_and_growth_rates_historical-1.pdf (PBS historical indices; category unavailable)
2023-04-01,2023,April,4,FY2022-23,Urban,Furnishing & Household Equipment Maintenance,,,,,https://www.pbs.gov.pk/wp-content/uploads/2020/07/indices_and_growth_rates_historical-1.pdf (PBS historical indices; category unavailable)
2023-04-01,2023,April,4,FY2022-23,Urban,Health,,,,,https://www.pbs.gov.pk/wp-content/uploads/2020/07/indices_and_growth_rates_historical-1.pdf (PBS historical indices; category unavailable)
2023-04-01,2023,April,4,FY2022-23,Urban,Transport,,,,,https://www.pbs.gov.pk/wp-content/uploads/2020/07/indices_and_growth_rates_historical-1.pdf (PBS historical indices; category unavailable)
2023-04-01,2023,April,4,FY2022-23,Urban,Communication,,,,,https://www.pbs.gov.pk/wp-content/uploads/2020/07/indices_and_growth_rates_historical-1.pdf (PBS historical indices; category unavailable)
2023-04-01,2023,April,4,FY2022-23,Urban,Recreation & Culture,,,,,https://www.pbs.gov.pk/wp-content/uploads/2020/07/indices_and_growth_rates_historical-1.pdf (PBS historical indices; category unavailable)
2023-04-01,2023,April,4,FY2022-23,Urban,Education,,,,,https://www.pbs.gov.pk/wp-content/uploads/2020/07/indices_and_growth_rates_historical-1.pdf (PBS historical indices; category unavailable)
2023-04-01,2023,April,4,FY2022-23,Urban,Restaurants & Hotels,,,,,https://www.pbs.gov.pk/wp-content/uploads/2020/07/indices_and_growth_rates_historical-1.pdf (PBS historical indices; category unavailable)
2023-04-01,2023,April,4,FY2022-23,Urban,Miscellaneous Goods & Services,,,,,https://www.pbs.gov.pk/wp-content/uploads/2020/07/indices_and_growth_rates_historical-1.pdf (PBS historical indices; category unavailable)
2023-04-01,2023,April,4,FY2022-23,Rural,Food & Non-Alcoholic Beverages,,,,,https://www.pbs.gov.pk/wp-content/uploads/2020/07/indices_and_growth_rates_historical-1.pdf (PBS historical indices; category unavailable)
2023-04-01,2023,April,4,FY2022-23,Rural,Alcoholic Beverages & Tobacco,,,,,https://www.pbs.gov.pk/wp-content/uploads/2020/07/indices_and_growth_rates_historical-1.pdf (PBS historical indices; category unavailable)
2023-04-01,2023,April,4,FY2022-23,Rural,Clothing & Footwear,,,,,https://www.pbs.gov.pk/wp-content/uploads/2020/07/indices_and_growth_rates_historical-1.pdf (PBS historical indices; category unavailable)
2023-04-01,2023,April,4,FY2022-23,Rural,"Housing, Water, Electricity, Gas & Fuels",,,,,https://www.pbs.gov.pk/wp-content/uploads/2020/07/indices_and_growth_rates_historical-1.pdf (PBS historical indices; category unavailable)
2023-04-01,2023,April,4,FY2022-23,Rural,Furnishing & Household Equipment Maintenance,,,,,https://www.pbs.gov.pk/wp-content/uploads/2020/07/indices_and_growth_rates_historical-1.pdf (PBS historical indices; category unavailable)
2023-04-01,2023,April,4,FY2022-23,Rural,Health,,,,,https://www.pbs.gov.pk/wp-content/uploads/2020/07/indices_and_growth_rates_historical-1.pdf (PBS historical indices; category unavailable)
2023-04-01,2023,April,4,FY2022-23,Rural,Transport,,,,,https://www.pbs.gov.pk/wp-content/uploads/2020/07/indices_and_growth_rates_historical-1.pdf (PBS historical indices; category unavailable)
2023-04-01,2023,April,4,FY2022-23,Rural,Communication,,,,,https://www.pbs.gov.pk/wp-content/uploads/2020/07/indices_and_growth_rates_historical-1.pdf (PBS historical indices; category unavailable)
2023-04-01,2023,April,4,FY2022-23,Rural,Recreation & Culture,,,,,https://www.pbs.gov.pk/wp-content/uploads/2020/07/indices_and_growth_rates_historical-1.pdf (PBS historical indices; category unavailable)
2023-04-01,2023,April,4,FY2022-23,Rural,Education,,,,,https://www.pbs.gov.pk/wp-content/uploads/2020/07/indices_and_growth_rates_historical-1.pdf (PBS historical indices; category unavailable)
2023-04-01,2023,April,4,FY2022-23,Rural,Restaurants & Hotels,,,,,https://www.pbs.gov.pk/wp-content/uploads/2020/07/indices_and_growth_rates_historical-1.pdf (PBS historical indices; category unavailable)
2023-04-01,2023,April,4,FY2022-23,Rural,Miscellaneous Goods & Services,,,,,https://www.pbs.gov.pk/wp-content/uploads/2020/07/indices_and_growth_rates_historical-1.pdf (PBS historical indices; category unavailable)
2023-05-01,2023,May,5,FY2022-23,National,Food & Non-Alcoholic Beverages,,,,,https://www.pbs.gov.pk/wp-content/uploads/2020/07/indices_and_growth_rates_historical-1.pdf (PBS historical indices; category unavailable)
2023-05-01,2023,May,5,FY2022-23,National,Alcoholic Beverages & Tobacco,,,,,https://www.pbs.gov.pk/wp-content/uploads/2020/07/indices_and_growth_rates_historical-1.pdf (PBS historical indices; category unavailable)
2023-05-01,2023,May,5,FY2022-23,National,Clothing & Footwear,,,,,https://www.pbs.gov.pk/wp-content/uploads/2020/07/indices_and_growth_rates_historical-1.pdf (PBS historical indices; category unavailable)
2023-05-01,2023,May,5,FY2022-23,National,"Housing, Water, Electricity, Gas & Fuels",,,,,https://www.pbs.gov.pk/wp-content/uploads/2020/07/indices_and_growth_rates_historical-1.pdf (PBS historical indices; category unavailable)
2023-05-01,2023,May,5,FY2022-23,National,Furnishing & Household Equipment Maintenance,,,,,https://www.pbs.gov.pk/wp-content/uploads/2020/07/indices_and_growth_rates_historical-1.pdf (PBS historical indices; category unavailable)
2023-05-01,2023,May,5,FY2022-23,National,Health,,,,,https://www.pbs.gov.pk/wp-content/uploads/2020/07/indices_and_growth_rates_historical-1.pdf (PBS historical indices; category unavailable)
2023-05-01,2023,May,5,FY2022-23,National,Transport,,,,,https://www.pbs.gov.pk/wp-content/uploads/2020/07/indices_and_growth_rates_historical-1.pdf (PBS historical indices; category unavailable)
2023-05-01,2023,May,5,FY2022-23,National,Communication,,,,,https://www.pbs.gov.pk/wp-content/uploads/2020/07/indices_and_growth_rates_historical-1.pdf (PBS historical indices; category unavailable)
2023-05-01,2023,May,5,FY2022-23,National,Recreation & Culture,,,,,https://www.pbs.gov.pk/wp-content/uploads/2020/07/indices_and_growth_rates_historical-1.pdf (PBS historical indices; category unavailable)
2023-05-01,2023,May,5,FY2022-23,National,Education,,,,,https://www.pbs.gov.pk/wp-content/uploads/2020/07/indices_and_growth_rates_historical-1.pdf (PBS historical indices; category unavailable)
2023-05-01,2023,May,5,FY2022-23,National,Restaurants & Hotels,,,,,https://www.pbs.gov.pk/wp-content/uploads/2020/07/indices_and_growth_rates_historical-1.pdf (PBS historical indices; category unavailable)
2023-05-01,2023,May,5,FY2022-23,National,Miscellaneous Goods & Services,,,,,https://www.pbs.gov.pk/wp-content/uploads/2020/07/indices_and_growth_rates_historical-1.pdf (PBS historical indices; category unavailable)
2023-05-01,2023,May,5,FY2022-23,Urban,Food & Non-Alcoholic Beverages,,,,,https://www.pbs.gov.pk/wp-content/uploads/2020/07/indices_and_growth_rates_historical-1.pdf (PBS historical indices; category unavailable)
2023-05-01,2023,May,5,FY2022-23,Urban,Alcoholic Beverages & Tobacco,,,,,https://www.pbs.gov.pk/wp-content/uploads/2020/07/indices_and_growth_rates_historical-1.pdf (PBS historical indices; category unavailable)
2023-05-01,2023,May,5,FY2022-23,Urban,Clothing & Footwear,,,,,https://www.pbs.gov.pk/wp-content/uploads/2020/07/indices_and_growth_rates_historical-1.pdf (PBS historical indices; category unavailable)
2023-05-01,2023,May,5,FY2022-23,Urban,"Housing, Water, Electricity, Gas & Fuels",,,,,https://www.pbs.gov.pk/wp-content/uploads/2020/07/indices_and_growth_rates_historical-1.pdf (PBS historical indices; category unavailable)
2023-05-01,2023,May,5,FY2022-23,Urban,Furnishing & Household Equipment Maintenance,,,,,https://www.pbs.gov.pk/wp-content/uploads/2020/07/indices_and_growth_rates_historical-1.pdf (PBS historical indices; category unavailable)
2023-05-01,2023,May,5,FY2022-23,Urban,Health,,,,,https://www.pbs.gov.pk/wp-content/uploads/2020/07/indices_and_growth_rates_historical-1.pdf (PBS historical indices; category unavailable)
2023-05-01,2023,May,5,FY2022-23,Urban,Transport,,,,,https://www.pbs.gov.pk/wp-content/uploads/2020/07/indices_and_growth_rates_historical-1.pdf (PBS historical indices; category unavailable)
2023-05-01,2023,May,5,FY2022-23,Urban,Communication,,,,,https://www.pbs.gov.pk/wp-content/uploads/2020/07/indices_and_growth_rates_historical-1.pdf (PBS historical indices; category unavailable)
2023-05-01,2023,May,5,FY2022-23,Urban,Recreation & Culture,,,,,https://www.pbs.gov.pk/wp-content/uploads/2020/07/indices_and_growth_rates_historical-1.pdf (PBS historical indices; category unavailable)
2023-05-01,2023,May,5,FY2022-23,Urban,Education,,,,,https://www.pbs.gov.pk/wp-content/uploads/2020/07/indices_and_growth_rates_historical-1.pdf (PBS historical indices; category unavailable)
2023-05-01,2023,May,5,FY2022-23,Urban,Restaurants & Hotels,,,,,https://www.pbs.gov.pk/wp-content/uploads/2020/07/indices_and_growth_rates_historical-1.pdf (PBS historical indices; category unavailable)
2023-05-01,2023,May,5,FY2022-23,Urban,Miscellaneous Goods & Services,,,,,https://www.pbs.gov.pk/wp-content/uploads/2020/07/indices_and_growth_rates_historical-1.pdf (PBS historical indices; category unavailable)
2023-05-01,2023,May,5,FY2022-23,Rural,Food & Non-Alcoholic Beverages,,,,,https://www.pbs.gov.pk/wp-content/uploads/2020/07/indices_and_growth_rates_historical-1.pdf (PBS historical indices; category unavailable)
2023-05-01,2023,May,5,FY2022-23,Rural,Alcoholic Beverages & Tobacco,,,,,https://www.pbs.gov.pk/wp-content/uploads/2020/07/indices_and_growth_rates_historical-1.pdf (PBS historical indices; category unavailable)
2023-05-01,2023,May,5,FY2022-23,Rural,Clothing & Footwear,,,,,https://www.pbs.gov.pk/wp-content/uploads/2020/07/indices_and_growth_rates_historical-1.pdf (PBS historical indices; category unavailable)
2023-05-01,2023,May,5,FY2022-23,Rural,"Housing, Water, Electricity, Gas & Fuels",,,,,https://www.pbs.gov.pk/wp-content/uploads/2020/07/indices_and_growth_rates_historical-1.pdf (PBS historical indices; category unavailable)
2023-05-01,2023,May,5,FY2022-23,Rural,Furnishing & Household Equipment Maintenance,,,,,https://www.pbs.gov.pk/wp-content/uploads/2020/07/indices_and_growth_rates_historical-1.pdf (PBS historical indices; category unavailable)
2023-05-01,2023,May,5,FY2022-23,Rural,Health,,,,,https://www.pbs.gov.pk/wp-content/uploads/2020/07/indices_and_growth_rates_historical-1.pdf (PBS historical indices; category unavailable)
2023-05-01,2023,May,5,FY2022-23,Rural,Transport,,,,,https://www.pbs.gov.pk/wp-content/uploads/2020/07/indices_and_growth_rates_historical-1.pdf (PBS historical indices; category unavailable)
2023-05-01,2023,May,5,FY2022-23,Rural,Communication,,,,,https://www.pbs.gov.pk/wp-content/uploads/2020/07/indices_and_growth_rates_historical-1.pdf (PBS historical indices; category unavailable)
2023-05-01,2023,May,5,FY2022-23,Rural,Recreation & Culture,,,,,https://www.pbs.gov.pk/wp-content/uploads/2020/07/indices_and_growth_rates_historical-1.pdf (PBS historical indices; category unavailable)
2023-05-01,2023,May,5,FY2022-23,Rural,Education,,,,,https://www.pbs.gov.pk/wp-content/uploads/2020/07/indices_and_growth_rates_historical-1.pdf (PBS historical indices; category unavailable)
2023-05-01,2023,May,5,FY2022-23,Rural,Restaurants & Hotels,,,,,https://www.pbs.gov.pk/wp-content/uploads/2020/07/indices_and_growth_rates_historical-1.pdf (PBS historical indices; category unavailable)
2023-05-01,2023,May,5,FY2022-23,Rural,Miscellaneous Goods & Services,,,,,https://www.pbs.gov.pk/wp-content/uploads/2020/07/indices_and_growth_rates_historical-1.pdf (PBS historical indices; category unavailable)
2023-06-01,2023,June,6,FY2022-23,National,Food & Non-Alcoholic Beverages,,,,,https://www.pbs.gov.pk/wp-content/uploads/2020/07/indices_and_growth_rates_historical-1.pdf (PBS historical indices; category unavailable)
2023-06-01,2023,June,6,FY2022-23,National,Alcoholic Beverages & Tobacco,,,,,https://www.pbs.gov.pk/wp-content/uploads/2020/07/indices_and_growth_rates_historical-1.pdf (PBS historical indices; category unavailable)
2023-06-01,2023,June,6,FY2022-23,National,Clothing & Footwear,,,,,https://www.pbs.gov.pk/wp-content/uploads/2020/07/indices_and_growth_rates_historical-1.pdf (PBS historical indices; category unavailable)
2023-06-01,2023,June,6,FY2022-23,National,"Housing, Water, Electricity, Gas & Fuels",,,,,https://www.pbs.gov.pk/wp-content/uploads/2020/07/indices_and_growth_rates_historical-1.pdf (PBS historical indices; category unavailable)
2023-06-01,2023,June,6,FY2022-23,National,Furnishing & Household Equipment Maintenance,,,,,https://www.pbs.gov.pk/wp-content/uploads/2020/07/indices_and_growth_rates_historical-1.pdf (PBS historical indices; category unavailable)
2023-06-01,2023,June,6,FY2022-23,National,Health,,,,,https://www.pbs.gov.pk/wp-content/uploads/2020/07/indices_and_growth_rates_historical-1.pdf (PBS historical indices; category unavailable)
2023-06-01,2023,June,6,FY2022-23,National,Transport,,,,,https://www.pbs.gov.pk/wp-content/uploads/2020/07/indices_and_growth_rates_historical-1.pdf (PBS historical indices; category unavailable)
2023-06-01,2023,June,6,FY2022-23,National,Communication,,,,,https://www.pbs.gov.pk/wp-content/uploads/2020/07/indices_and_growth_rates_historical-1.pdf (PBS historical indices; category unavailable)
2023-06-01,2023,June,6,FY2022-23,National,Recreation & Culture,,,,,https://www.pbs.gov.pk/wp-content/uploads/2020/07/indices_and_growth_rates_historical-1.pdf (PBS historical indices; category unavailable)
2023-06-01,2023,June,6,FY2022-23,National,Education,,,,,https://www.pbs.gov.pk/wp-content/uploads/2020/07/indices_and_growth_rates_historical-1.pdf (PBS historical indices; category unavailable)
2023-06-01,2023,June,6,FY2022-23,National,Restaurants & Hotels,,,,,https://www.pbs.gov.pk/wp-content/uploads/2020/07/indices_and_growth_rates_historical-1.pdf (PBS historical indices; category unavailable)
2023-06-01,2023,June,6,FY2022-23,National,Miscellaneous Goods & Services,,,,,https://www.pbs.gov.pk/wp-content/uploads/2020/07/indices_and_growth_rates_historical-1.pdf (PBS historical indices; category unavailable)
2023-06-01,2023,June,6,FY2022-23,Urban,Food & Non-Alcoholic Beverages,,,,,https://www.pbs.gov.pk/wp-content/uploads/2020/07/indices_and_growth_rates_historical-1.pdf (PBS historical indices; category unavailable)
2023-06-01,2023,June,6,FY2022-23,Urban,Alcoholic Beverages & Tobacco,,,,,https://www.pbs.gov.pk/wp-content/uploads/2020/07/indices_and_growth_rates_historical-1.pdf (PBS historical indices; category unavailable)
2023-06-01,2023,June,6,FY2022-23,Urban,Clothing & Footwear,,,,,https://www.pbs.gov.pk/wp-content/uploads/2020/07/indices_and_growth_rates_historical-1.pdf (PBS historical indices; category unavailable)
2023-06-01,2023,June,6,FY2022-23,Urban,"Housing, Water, Electricity, Gas & Fuels",,,,,https://www.pbs.gov.pk/wp-content/uploads/2020/07/indices_and_growth_rates_historical-1.pdf (PBS historical indices; category unavailable)
2023-06-01,2023,June,6,FY2022-23,Urban,Furnishing & Household Equipment Maintenance,,,,,https://www.pbs.gov.pk/wp-content/uploads/2020/07/indices_and_growth_rates_historical-1.pdf (PBS historical indices; category unavailable)
2023-06-01,2023,June,6,FY2022-23,Urban,Health,,,,,https://www.pbs.gov.pk/wp-content/uploads/2020/07/indices_and_growth_rates_historical-1.pdf (PBS historical indices; category unavailable)
2023-06-01,2023,June,6,FY2022-23,Urban,Transport,,,,,https://www.pbs.gov.pk/wp-content/uploads/2020/07/indices_and_growth_rates_historical-1.pdf (PBS historical indices; category unavailable)
2023-06-01,2023,June,6,FY2022-23,Urban,Communication,,,,,https://www.pbs.gov.pk/wp-content/uploads/2020/07/indices_and_growth_rates_historical-1.pdf (PBS historical indices; category unavailable)
2023-06-01,2023,June,6,FY2022-23,Urban,Recreation & Culture,,,,,https://www.pbs.gov.pk/wp-content/uploads/2020/07/indices_and_growth_rates_historical-1.pdf (PBS historical indices; category unavailable)
2023-06-01,2023,June,6,FY2022-23,Urban,Education,,,,,https://www.pbs.gov.pk/wp-content/uploads/2020/07/indices_and_growth_rates_historical-1.pdf (PBS historical indices; category unavailable)
2023-06-01,2023,June,6,FY2022-23,Urban,Restaurants & Hotels,,,,,https://www.pbs.gov.pk/wp-content/uploads/2020/07/indices_and_growth_rates_historical-1.pdf (PBS historical indices; category unavailable)
2023-06-01,2023,June,6,FY2022-23,Urban,Miscellaneous Goods & Services,,,,,https://www.pbs.gov.pk/wp-content/uploads/2020/07/indices_and_growth_rates_historical-1.pdf (PBS historical indices; category unavailable)
2023-06-01,2023,June,6,FY2022-23,Rural,Food & Non-Alcoholic Beverages,,,,,https://www.pbs.gov.pk/wp-content/uploads/2020/07/indices_and_growth_rates_historical-1.pdf (PBS historical indices; category unavailable)
2023-06-01,2023,June,6,FY2022-23,Rural,Alcoholic Beverages & Tobacco,,,,,https://www.pbs.gov.pk/wp-content/uploads/2020/07/indices_and_growth_rates_historical-1.pdf (PBS historical indices; category unavailable)
2023-06-01,2023,June,6,FY2022-23,Rural,Clothing & Footwear,,,,,https://www.pbs.gov.pk/wp-content/uploads/2020/07/indices_and_growth_rates_historical-1.pdf (PBS historical indices; category unavailable)
2023-06-01,2023,June,6,FY2022-23,Rural,"Housing, Water, Electricity, Gas & Fuels",,,,,https://www.pbs.gov.pk/wp-content/uploads/2020/07/indices_and_growth_rates_historical-1.pdf (PBS historical indices; category unavailable)
2023-06-01,2023,June,6,FY2022-23,Rural,Furnishing & Household Equipment Maintenance,,,,,https://www.pbs.gov.pk/wp-content/uploads/2020/07/indices_and_growth_rates_historical-1.pdf (PBS historical indices; category unavailable)
2023-06-01,2023,June,6,FY2022-23,Rural,Health,,,,,https://www.pbs.gov.pk/wp-content/uploads/2020/07/indices_and_growth_rates_historical-1.pdf (PBS historical indices; category unavailable)
2023-06-01,2023,June,6,FY2022-23,Rural,Transport,,,,,https://www.pbs.gov.pk/wp-content/uploads/2020/07/indices_and_growth_rates_historical-1.pdf (PBS historical indices; category unavailable)
2023-06-01,2023,June,6,FY2022-23,Rural,Communication,,,,,https://www.pbs.gov.pk/wp-content/uploads/2020/07/indices_and_growth_rates_historical-1.pdf (PBS historical indices; category unavailable)
2023-06-01,2023,June,6,FY2022-23,Rural,Recreation & Culture,,,,,https://www.pbs.gov.pk/wp-content/uploads/2020/07/indices_and_growth_rates_historical-1.pdf (PBS historical indices; category unavailable)
2023-06-01,2023,June,6,FY2022-23,Rural,Education,,,,,https://www.pbs.gov.pk/wp-content/uploads/2020/07/indices_and_growth_rates_historical-1.pdf (PBS historical indices; category unavailable)
2023-06-01,2023,June,6,FY2022-23,Rural,Restaurants & Hotels,,,,,https://www.pbs.gov.pk/wp-content/uploads/2020/07/indices_and_growth_rates_historical-1.pdf (PBS historical indices; category unavailable)
2023-06-01,2023,June,6,FY2022-23,Rural,Miscellaneous Goods & Services,,,,,https://www.pbs.gov.pk/wp-content/uploads/2020/07/indices_and_growth_rates_historical-1.pdf (PBS historical indices; category unavailable)
2023-07-01,2023,July,7,FY2023-24,National,Food & Non-Alcoholic Beverages,,,,,https://www.pbs.gov.pk/wp-content/uploads/2020/07/indices_and_growth_rates_historical-1.pdf (PBS historical indices; category unavailable)
2023-07-01,2023,July,7,FY2023-24,National,Alcoholic Beverages & Tobacco,,,,,https://www.pbs.gov.pk/wp-content/uploads/2020/07/indices_and_growth_rates_historical-1.pdf (PBS historical indices; category unavailable)
2023-07-01,2023,July,7,FY2023-24,National,Clothing & Footwear,,,,,https://www.pbs.gov.pk/wp-content/uploads/2020/07/indices_and_growth_rates_historical-1.pdf (PBS historical indices; category unavailable)
2023-07-01,2023,July,7,FY2023-24,National,"Housing, Water, Electricity, Gas & Fuels",,,,,https://www.pbs.gov.pk/wp-content/uploads/2020/07/indices_and_growth_rates_historical-1.pdf (PBS historical indices; category unavailable)
2023-07-01,2023,July,7,FY2023-24,National,Furnishing & Household Equipment Maintenance,,,,,https://www.pbs.gov.pk/wp-content/uploads/2020/07/indices_and_growth_rates_historical-1.pdf (PBS historical indices; category unavailable)
2023-07-01,2023,July,7,FY2023-24,National,Health,,,,,https://www.pbs.gov.pk/wp-content/uploads/2020/07/indices_and_growth_rates_historical-1.pdf (PBS historical indices; category unavailable)
2023-07-01,2023,July,7,FY2023-24,National,Transport,,,,,https://www.pbs.gov.pk/wp-content/uploads/2020/07/indices_and_growth_rates_historical-1.pdf (PBS historical indices; category unavailable)
2023-07-01,2023,July,7,FY2023-24,National,Communication,,,,,https://www.pbs.gov.pk/wp-content/uploads/2020/07/indices_and_growth_rates_historical-1.pdf (PBS historical indices; category unavailable)
2023-07-01,2023,July,7,FY2023-24,National,Recreation & Culture,,,,,https://www.pbs.gov.pk/wp-content/uploads/2020/07/indices_and_growth_rates_historical-1.pdf (PBS historical indices; category unavailable)
2023-07-01,2023,July,7,FY2023-24,National,Education,,,,,https://www.pbs.gov.pk/wp-content/uploads/2020/07/indices_and_growth_rates_historical-1.pdf (PBS historical indices; category unavailable)
2023-07-01,2023,July,7,FY2023-24,National,Restaurants & Hotels,,,,,https://www.pbs.gov.pk/wp-content/uploads/2020/07/indices_and_growth_rates_historical-1.pdf (PBS historical indices; category unavailable)
2023-07-01,2023,July,7,FY2023-24,National,Miscellaneous Goods & Services,,,,,https://www.pbs.gov.pk/wp-content/uploads/2020/07/indices_and_growth_rates_historical-1.pdf (PBS historical indices; category unavailable)
2023-07-01,2023,July,7,FY2023-24,Urban,Food & Non-Alcoholic Beverages,,,,,https://www.pbs.gov.pk/wp-content/uploads/2020/07/indices_and_growth_rates_historical-1.pdf (PBS historical indices; category unavailable)
2023-07-01,2023,July,7,FY2023-24,Urban,Alcoholic Beverages & Tobacco,,,,,https://www.pbs.gov.pk/wp-content/uploads/2020/07/indices_and_growth_rates_historical-1.pdf (PBS historical indices; category unavailable)
2023-07-01,2023,July,7,FY2023-24,Urban,Clothing & Footwear,,,,,https://www.pbs.gov.pk/wp-content/uploads/2020/07/indices_and_growth_rates_historical-1.pdf (PBS historical indices; category unavailable)
2023-07-01,2023,July,7,FY2023-24,Urban,"Housing, Water, Electricity, Gas & Fuels",,,,,https://www.pbs.gov.pk/wp-content/uploads/2020/07/indices_and_growth_rates_historical-1.pdf (PBS historical indices; category unavailable)
2023-07-01,2023,July,7,FY2023-24,Urban,Furnishing & Household Equipment Maintenance,,,,,https://www.pbs.gov.pk/wp-content/uploads/2020/07/indices_and_growth_rates_historical-1.pdf (PBS historical indices; category unavailable)
2023-07-01,2023,July,7,FY2023-24,Urban,Health,,,,,https://www.pbs.gov.pk/wp-content/uploads/2020/07/indices_and_growth_rates_historical-1.pdf (PBS historical indices; category unavailable)
2023-07-01,2023,July,7,FY2023-24,Urban,Transport,,,,,https://www.pbs.gov.pk/wp-content/uploads/2020/07/indices_and_growth_rates_historical-1.pdf (PBS historical indices; category unavailable)
2023-07-01,2023,July,7,FY2023-24,Urban,Communication,,,,,https://www.pbs.gov.pk/wp-content/uploads/2020/07/indices_and_growth_rates_historical-1.pdf (PBS historical indices; category unavailable)
2023-07-01,2023,July,7,FY2023-24,Urban,Recreation & Culture,,,,,https://www.pbs.gov.pk/wp-content/uploads/2020/07/indices_and_growth_rates_historical-1.pdf (PBS historical indices; category unavailable)
2023-07-01,2023,July,7,FY2023-24,Urban,Education,,,,,https://www.pbs.gov.pk/wp-content/uploads/2020/07/indices_and_growth_rates_historical-1.pdf (PBS historical indices; category unavailable)
2023-07-01,2023,July,7,FY2023-24,Urban,Restaurants & Hotels,,,,,https://www.pbs.gov.pk/wp-content/uploads/2020/07/indices_and_growth_rates_historical-1.pdf (PBS historical indices; category unavailable)
2023-07-01,2023,July,7,FY2023-24,Urban,Miscellaneous Goods & Services,,,,,https://www.pbs.gov.pk/wp-content/uploads/2020/07/indices_and_growth_rates_historical-1.pdf (PBS historical indices; category unavailable)
2023-07-01,2023,July,7,FY2023-24,Rural,Food & Non-Alcoholic Beverages,,,,,https://www.pbs.gov.pk/wp-content/uploads/2020/07/indices_and_growth_rates_historical-1.pdf (PBS historical indices; category unavailable)
2023-07-01,2023,July,7,FY2023-24,Rural,Alcoholic Beverages & Tobacco,,,,,https://www.pbs.gov.pk/wp-content/uploads/2020/07/indices_and_growth_rates_historical-1.pdf (PBS historical indices; category unavailable)
2023-07-01,2023,July,7,FY2023-24,Rural,Clothing & Footwear,,,,,https://www.pbs.gov.pk/wp-content/uploads/2020/07/indices_and_growth_rates_historical-1.pdf (PBS historical indices; category unavailable)
2023-07-01,2023,July,7,FY2023-24,Rural,"Housing, Water, Electricity, Gas & Fuels",,,,,https://www.pbs.gov.pk/wp-content/uploads/2020/07/indices_and_growth_rates_historical-1.pdf (PBS historical indices; category unavailable)
2023-07-01,2023,July,7,FY2023-24,Rural,Furnishing & Household Equipment Maintenance,,,,,https://www.pbs.gov.pk/wp-content/uploads/2020/07/indices_and_growth_rates_historical-1.pdf (PBS historical indices; category unavailable)
2023-07-01,2023,July,7,FY2023-24,Rural,Health,,,,,https://www.pbs.gov.pk/wp-content/uploads/2020/07/indices_and_growth_rates_historical-1.pdf (PBS historical indices; category unavailable)
2023-07-01,2023,July,7,FY2023-24,Rural,Transport,,,,,https://www.pbs.gov.pk/wp-content/uploads/2020/07/indices_and_growth_rates_historical-1.pdf (PBS historical indices; category unavailable)
2023-07-01,2023,July,7,FY2023-24,Rural,Communication,,,,,https://www.pbs.gov.pk/wp-content/uploads/2020/07/indices_and_growth_rates_historical-1.pdf (PBS historical indices; category unavailable)
2023-07-01,2023,July,7,FY2023-24,Rural,Recreation & Culture,,,,,https://www.pbs.gov.pk/wp-content/uploads/2020/07/indices_and_growth_rates_historical-1.pdf (PBS historical indices; category unavailable)
2023-07-01,2023,July,7,FY2023-24,Rural,Education,,,,,https://www.pbs.gov.pk/wp-content/uploads/2020/07/indices_and_growth_rates_historical-1.pdf (PBS historical indices; category unavailable)
2023-07-01,2023,July,7,FY2023-24,Rural,Restaurants & Hotels,,,,,https://www.pbs.gov.pk/wp-content/uploads/2020/07/indices_and_growth_rates_historical-1.pdf (PBS historical indices; category unavailable)
2023-07-01,2023,July,7,FY2023-24,Rural,Miscellaneous Goods & Services,,,,,https://www.pbs.gov.pk/wp-content/uploads/2020/07/indices_and_growth_rates_historical-1.pdf (PBS historical indices; category unavailable)
2023-08-01,2023,August,8,FY2023-24,National,Food & Non-Alcoholic Beverages,,,,,https://www.pbs.gov.pk/wp-content/uploads/2020/07/indices_and_growth_rates_historical-1.pdf (PBS historical indices; category unavailable)
2023-08-01,2023,August,8,FY2023-24,National,Alcoholic Beverages & Tobacco,,,,,https://www.pbs.gov.pk/wp-content/uploads/2020/07/indices_and_growth_rates_historical-1.pdf (PBS historical indices; category unavailable)
2023-08-01,2023,August,8,FY2023-24,National,Clothing & Footwear,,,,,https://www.pbs.gov.pk/wp-content/uploads/2020/07/indices_and_growth_rates_historical-1.pdf (PBS historical indices; category unavailable)
2023-08-01,2023,August,8,FY2023-24,National,"Housing, Water, Electricity, Gas & Fuels",,,,,https://www.pbs.gov.pk/wp-content/uploads/2020/07/indices_and_growth_rates_historical-1.pdf (PBS historical indices; category unavailable)
2023-08-01,2023,August,8,FY2023-24,National,Furnishing & Household Equipment Maintenance,,,,,https://www.pbs.gov.pk/wp-content/uploads/2020/07/indices_and_growth_rates_historical-1.pdf (PBS historical indices; category unavailable)
2023-08-01,2023,August,8,FY2023-24,National,Health,,,,,https://www.pbs.gov.pk/wp-content/uploads/2020/07/indices_and_growth_rates_historical-1.pdf (PBS historical indices; category unavailable)
2023-08-01,2023,August,8,FY2023-24,National,Transport,,,,,https://www.pbs.gov.pk/wp-content/uploads/2020/07/indices_and_growth_rates_historical-1.pdf (PBS historical indices; category unavailable)
2023-08-01,2023,August,8,FY2023-24,National,Communication,,,,,https://www.pbs.gov.pk/wp-content/uploads/2020/07/indices_and_growth_rates_historical-1.pdf (PBS historical indices; category unavailable)
2023-08-01,2023,August,8,FY2023-24,National,Recreation & Culture,,,,,https://www.pbs.gov.pk/wp-content/uploads/2020/07/indices_and_growth_rates_historical-1.pdf (PBS historical indices; category unavailable)
2023-08-01,2023,August,8,FY2023-24,National,Education,,,,,https://www.pbs.gov.pk/wp-content/uploads/2020/07/indices_and_growth_rates_historical-1.pdf (PBS historical indices; category unavailable)
2023-08-01,2023,August,8,FY2023-24,National,Restaurants & Hotels,,,,,https://www.pbs.gov.pk/wp-content/uploads/2020/07/indices_and_growth_rates_historical-1.pdf (PBS historical indices; category unavailable)
2023-08-01,2023,August,8,FY2023-24,National,Miscellaneous Goods & Services,,,,,https://www.pbs.gov.pk/wp-content/uploads/2020/07/indices_and_growth_rates_historical-1.pdf (PBS historical indices; category unavailable)
2023-08-01,2023,August,8,FY2023-24,Urban,Food & Non-Alcoholic Beverages,,,,,https://www.pbs.gov.pk/wp-content/uploads/2020/07/indices_and_growth_rates_historical-1.pdf (PBS historical indices; category unavailable)
2023-08-01,2023,August,8,FY2023-24,Urban,Alcoholic Beverages & Tobacco,,,,,https://www.pbs.gov.pk/wp-content/uploads/2020/07/indices_and_growth_rates_historical-1.pdf (PBS historical indices; category unavailable)
2023-08-01,2023,August,8,FY2023-24,Urban,Clothing & Footwear,,,,,https://www.pbs.gov.pk/wp-content/uploads/2020/07/indices_and_growth_rates_historical-1.pdf (PBS historical indices; category unavailable)
2023-08-01,2023,August,8,FY2023-24,Urban,"Housing, Water, Electricity, Gas & Fuels",,,,,https://www.pbs.gov.pk/wp-content/uploads/2020/07/indices_and_growth_rates_historical-1.pdf (PBS historical indices; category unavailable)
2023-08-01,2023,August,8,FY2023-24,Urban,Furnishing & Household Equipment Maintenance,,,,,https://www.pbs.gov.pk/wp-content/uploads/2020/07/indices_and_growth_rates_historical-1.pdf (PBS historical indices; category unavailable)
2023-08-01,2023,August,8,FY2023-24,Urban,Health,,,,,https://www.pbs.gov.pk/wp-content/uploads/2020/07/indices_and_growth_rates_historical-1.pdf (PBS historical indices; category unavailable)
2023-08-01,2023,August,8,FY2023-24,Urban,Transport,,,,,https://www.pbs.gov.pk/wp-content/uploads/2020/07/indices_and_growth_rates_historical-1.pdf (PBS historical indices; category unavailable)
2023-08-01,2023,August,8,FY2023-24,Urban,Communication,,,,,https://www.pbs.gov.pk/wp-content/uploads/2020/07/indices_and_growth_rates_historical-1.pdf (PBS historical indices; category unavailable)
2023-08-01,2023,August,8,FY2023-24,Urban,Recreation & Culture,,,,,https://www.pbs.gov.pk/wp-content/uploads/2020/07/indices_and_growth_rates_historical-1.pdf (PBS historical indices; category unavailable)
2023-08-01,2023,August,8,FY2023-24,Urban,Education,,,,,https://www.pbs.gov.pk/wp-content/uploads/2020/07/indices_and_growth_rates_historical-1.pdf (PBS historical indices; category unavailable)
2023-08-01,2023,August,8,FY2023-24,Urban,Restaurants & Hotels,,,,,https://www.pbs.gov.pk/wp-content/uploads/2020/07/indices_and_growth_rates_historical-1.pdf (PBS historical indices; category unavailable)
2023-08-01,2023,August,8,FY2023-24,Urban,Miscellaneous Goods & Services,,,,,https://www.pbs.gov.pk/wp-content/uploads/2020/07/indices_and_growth_rates_historical-1.pdf (PBS historical indices; category unavailable)
2023-08-01,2023,August,8,FY2023-24,Rural,Food & Non-Alcoholic Beverages,,,,,https://www.pbs.gov.pk/wp-content/uploads/2020/07/indices_and_growth_rates_historical-1.pdf (PBS historical indices; category unavailable)
2023-08-01,2023,August,8,FY2023-24,Rural,Alcoholic Beverages & Tobacco,,,,,https://www.pbs.gov.pk/wp-content/uploads/2020/07/indices_and_growth_rates_historical-1.pdf (PBS historical indices; category unavailable)
2023-08-01,2023,August,8,FY2023-24,Rural,Clothing & Footwear,,,,,https://www.pbs.gov.pk/wp-content/uploads/2020/07/indices_and_growth_rates_historical-1.pdf (PBS historical indices; category unavailable)
2023-08-01,2023,August,8,FY2023-24,Rural,"Housing, Water, Electricity, Gas & Fuels",,,,,https://www.pbs.gov.pk/wp-content/uploads/2020/07/indices_and_growth_rates_historical-1.pdf (PBS historical indices; category unavailable)
2023-08-01,2023,August,8,FY2023-24,Rural,Furnishing & Household Equipment Maintenance,,,,,https://www.pbs.gov.pk/wp-content/uploads/2020/07/indices_and_growth_rates_historical-1.pdf (PBS historical indices; category unavailable)
2023-08-01,2023,August,8,FY2023-24,Rural,Health,,,,,https://www.pbs.gov.pk/wp-content/uploads/2020/07/indices_and_growth_rates_historical-1.pdf (PBS historical indices; category unavailable)
2023-08-01,2023,August,8,FY2023-24,Rural,Transport,,,,,https://www.pbs.gov.pk/wp-content/uploads/2020/07/indices_and_growth_rates_historical-1.pdf (PBS historical indices; category unavailable)
2023-08-01,2023,August,8,FY2023-24,Rural,Communication,,,,,https://www.pbs.gov.pk/wp-content/uploads/2020/07/indices_and_growth_rates_historical-1.pdf (PBS historical indices; category unavailable)
2023-08-01,2023,August,8,FY2023-24,Rural,Recreation & Culture,,,,,https://www.pbs.gov.pk/wp-content/uploads/2020/07/indices_and_growth_rates_historical-1.pdf (PBS historical indices; category unavailable)
2023-08-01,2023,August,8,FY2023-24,Rural,Education,,,,,https://www.pbs.gov.pk/wp-content/uploads/2020/07/indices_and_growth_rates_historical-1.pdf (PBS historical indices; category unavailable)
2023-08-01,2023,August,8,FY2023-24,Rural,Restaurants & Hotels,,,,,https://www.pbs.gov.pk/wp-content/uploads/2020/07/indices_and_growth_rates_historical-1.pdf (PBS historical indices; category unavailable)
2023-08-01,2023,August,8,FY2023-24,Rural,Miscellaneous Goods & Services,,,,,https://www.pbs.gov.pk/wp-content/uploads/2020/07/indices_and_growth_rates_historical-1.pdf (PBS historical indices; category unavailable)
2023-09-01,2023,September,9,FY2023-24,National,Food & Non-Alcoholic Beverages,,,,,https://www.pbs.gov.pk/wp-content/uploads/2020/07/indices_and_growth_rates_historical-1.pdf (PBS historical indices; category unavailable)
2023-09-01,2023,September,9,FY2023-24,National,Alcoholic Beverages & Tobacco,,,,,https://www.pbs.gov.pk/wp-content/uploads/2020/07/indices_and_growth_rates_historical-1.pdf (PBS historical indices; category unavailable)
2023-09-01,2023,September,9,FY2023-24,National,Clothing & Footwear,,,,,https://www.pbs.gov.pk/wp-content/uploads/2020/07/indices_and_growth_rates_historical-1.pdf (PBS historical indices; category unavailable)
2023-09-01,2023,September,9,FY2023-24,National,"Housing, Water, Electricity, Gas & Fuels",,,,,https://www.pbs.gov.pk/wp-content/uploads/2020/07/indices_and_growth_rates_historical-1.pdf (PBS historical indices; category unavailable)
2023-09-01,2023,September,9,FY2023-24,National,Furnishing & Household Equipment Maintenance,,,,,https://www.pbs.gov.pk/wp-content/uploads/2020/07/indices_and_growth_rates_historical-1.pdf (PBS historical indices; category unavailable)
2023-09-01,2023,September,9,FY2023-24,National,Health,,,,,https://www.pbs.gov.pk/wp-content/uploads/2020/07/indices_and_growth_rates_historical-1.pdf (PBS historical indices; category unavailable)
2023-09-01,2023,September,9,FY2023-24,National,Transport,,,,,https://www.pbs.gov.pk/wp-content/uploads/2020/07/indices_and_growth_rates_historical-1.pdf (PBS historical indices; category unavailable)
2023-09-01,2023,September,9,FY2023-24,National,Communication,,,,,https://www.pbs.gov.pk/wp-content/uploads/2020/07/indices_and_growth_rates_historical-1.pdf (PBS historical indices; category unavailable)
2023-09-01,2023,September,9,FY2023-24,National,Recreation & Culture,,,,,https://www.pbs.gov.pk/wp-content/uploads/2020/07/indices_and_growth_rates_historical-1.pdf (PBS historical indices; category unavailable)
2023-09-01,2023,September,9,FY2023-24,National,Education,,,,,https://www.pbs.gov.pk/wp-content/uploads/2020/07/indices_and_growth_rates_historical-1.pdf (PBS historical indices; category unavailable)
2023-09-01,2023,September,9,FY2023-24,National,Restaurants & Hotels,,,,,https://www.pbs.gov.pk/wp-content/uploads/2020/07/indices_and_growth_rates_historical-1.pdf (PBS historical indices; category unavailable)
2023-09-01,2023,September,9,FY2023-24,National,Miscellaneous Goods & Services,,,,,https://www.pbs.gov.pk/wp-content/uploads/2020/07/indices_and_growth_rates_historical-1.pdf (PBS historical indices; category unavailable)
2023-09-01,2023,September,9,FY2023-24,Urban,Food & Non-Alcoholic Beverages,,,,,https://www.pbs.gov.pk/wp-content/uploads/2020/07/indices_and_growth_rates_historical-1.pdf (PBS historical indices; category unavailable)
2023-09-01,2023,September,9,FY2023-24,Urban,Alcoholic Beverages & Tobacco,,,,,https://www.pbs.gov.pk/wp-content/uploads/2020/07/indices_and_growth_rates_historical-1.pdf (PBS historical indices; category unavailable)
2023-09-01,2023,September,9,FY2023-24,Urban,Clothing & Footwear,,,,,https://www.pbs.gov.pk/wp-content/uploads/2020/07/indices_and_growth_rates_historical-1.pdf (PBS historical indices; category unavailable)
2023-09-01,2023,September,9,FY2023-24,Urban,"Housing, Water, Electricity, Gas & Fuels",,,,,https://www.pbs.gov.pk/wp-content/uploads/2020/07/indices_and_growth_rates_historical-1.pdf (PBS historical indices; category unavailable)
2023-09-01,2023,September,9,FY2023-24,Urban,Furnishing & Household Equipment Maintenance,,,,,https://www.pbs.gov.pk/wp-content/uploads/2020/07/indices_and_growth_rates_historical-1.pdf (PBS historical indices; category unavailable)
2023-09-01,2023,September,9,FY2023-24,Urban,Health,,,,,https://www.pbs.gov.pk/wp-content/uploads/2020/07/indices_and_growth_rates_historical-1.pdf (PBS historical indices; category unavailable)
2023-09-01,2023,September,9,FY2023-24,Urban,Transport,,,,,https://www.pbs.gov.pk/wp-content/uploads/2020/07/indices_and_growth_rates_historical-1.pdf (PBS historical indices; category unavailable)
2023-09-01,2023,September,9,FY2023-24,Urban,Communication,,,,,https://www.pbs.gov.pk/wp-content/uploads/2020/07/indices_and_growth_rates_historical-1.pdf (PBS historical indices; category unavailable)
2023-09-01,2023,September,9,FY2023-24,Urban,Recreation & Culture,,,,,https://www.pbs.gov.pk/wp-content/uploads/2020/07/indices_and_growth_rates_historical-1.pdf (PBS historical indices; category unavailable)
2023-09-01,2023,September,9,FY2023-24,Urban,Education,,,,,https://www.pbs.gov.pk/wp-content/uploads/2020/07/indices_and_growth_rates_historical-1.pdf (PBS historical indices; category unavailable)
2023-09-01,2023,September,9,FY2023-24,Urban,Restaurants & Hotels,,,,,https://www.pbs.gov.pk/wp-content/uploads/2020/07/indices_and_growth_rates_historical-1.pdf (PBS historical indices; category unavailable)
2023-09-01,2023,September,9,FY2023-24,Urban,Miscellaneous Goods & Services,,,,,https://www.pbs.gov.pk/wp-content/uploads/2020/07/indices_and_growth_rates_historical-1.pdf (PBS historical indices; category unavailable)
2023-09-01,2023,September,9,FY2023-24,Rural,Food & Non-Alcoholic Beverages,,,,,https://www.pbs.gov.pk/wp-content/uploads/2020/07/indices_and_growth_rates_historical-1.pdf (PBS historical indices; category unavailable)
2023-09-01,2023,September,9,FY2023-24,Rural,Alcoholic Beverages & Tobacco,,,,,https://www.pbs.gov.pk/wp-content/uploads/2020/07/indices_and_growth_rates_historical-1.pdf (PBS historical indices; category unavailable)
2023-09-01,2023,September,9,FY2023-24,Rural,Clothing & Footwear,,,,,https://www.pbs.gov.pk/wp-content/uploads/2020/07/indices_and_growth_rates_historical-1.pdf (PBS historical indices; category unavailable)
2023-09-01,2023,September,9,FY2023-24,Rural,"Housing, Water, Electricity, Gas & Fuels",,,,,https://www.pbs.gov.pk/wp-content/uploads/2020/07/indices_and_growth_rates_historical-1.pdf (PBS historical indices; category unavailable)
2023-09-01,2023,September,9,FY2023-24,Rural,Furnishing & Household Equipment Maintenance,,,,,https://www.pbs.gov.pk/wp-content/uploads/2020/07/indices_and_growth_rates_historical-1.pdf (PBS historical indices; category unavailable)
2023-09-01,2023,September,9,FY2023-24,Rural,Health,,,,,https://www.pbs.gov.pk/wp-content/uploads/2020/07/indices_and_growth_rates_historical-1.pdf (PBS historical indices; category unavailable)
2023-09-01,2023,September,9,FY2023-24,Rural,Transport,,,,,https://www.pbs.gov.pk/wp-content/uploads/2020/07/indices_and_growth_rates_historical-1.pdf (PBS historical indices; category unavailable)
2023-09-01,2023,September,9,FY2023-24,Rural,Communication,,,,,https://www.pbs.gov.pk/wp-content/uploads/2020/07/indices_and_growth_rates_historical-1.pdf (PBS historical indices; category unavailable)
2023-09-01,2023,September,9,FY2023-24,Rural,Recreation & Culture,,,,,https://www.pbs.gov.pk/wp-content/uploads/2020/07/indices_and_growth_rates_historical-1.pdf (PBS historical indices; category unavailable)
2023-09-01,2023,September,9,FY2023-24,Rural,Education,,,,,https://www.pbs.gov.pk/wp-content/uploads/2020/07/indices_and_growth_rates_historical-1.pdf (PBS historical indices; category unavailable)
2023-09-01,2023,September,9,FY2023-24,Rural,Restaurants & Hotels,,,,,https://www.pbs.gov.pk/wp-content/uploads/2020/07/indices_and_growth_rates_historical-1.pdf (PBS historical indices; category unavailable)
2023-09-01,2023,September,9,FY2023-24,Rural,Miscellaneous Goods & Services,,,,,https://www.pbs.gov.pk/wp-content/uploads/2020/07/indices_and_growth_rates_historical-1.pdf (PBS historical indices; category unavailable)
2023-10-01,2023,October,10,FY2023-24,National,Food & Non-Alcoholic Beverages,,,,,https://www.pbs.gov.pk/wp-content/uploads/2020/07/indices_and_growth_rates_historical-1.pdf (PBS historical indices; category unavailable)
2023-10-01,2023,October,10,FY2023-24,National,Alcoholic Beverages & Tobacco,,,,,https://www.pbs.gov.pk/wp-content/uploads/2020/07/indices_and_growth_rates_historical-1.pdf (PBS historical indices; category unavailable)
2023-10-01,2023,October,10,FY2023-24,National,Clothing & Footwear,,,,,https://www.pbs.gov.pk/wp-content/uploads/2020/07/indices_and_growth_rates_historical-1.pdf (PBS historical indices; category unavailable)
2023-10-01,2023,October,10,FY2023-24,National,"Housing, Water, Electricity, Gas & Fuels",,,,,https://www.pbs.gov.pk/wp-content/uploads/2020/07/indices_and_growth_rates_historical-1.pdf (PBS historical indices; category unavailable)
2023-10-01,2023,October,10,FY2023-24,National,Furnishing & Household Equipment Maintenance,,,,,https://www.pbs.gov.pk/wp-content/uploads/2020/07/indices_and_growth_rates_historical-1.pdf (PBS historical indices; category unavailable)
2023-10-01,2023,October,10,FY2023-24,National,Health,,,,,https://www.pbs.gov.pk/wp-content/uploads/2020/07/indices_and_growth_rates_historical-1.pdf (PBS historical indices; category unavailable)
2023-10-01,2023,October,10,FY2023-24,National,Transport,,,,,https://www.pbs.gov.pk/wp-content/uploads/2020/07/indices_and_growth_rates_historical-1.pdf (PBS historical indices; category unavailable)
2023-10-01,2023,October,10,FY2023-24,National,Communication,,,,,https://www.pbs.gov.pk/wp-content/uploads/2020/07/indices_and_growth_rates_historical-1.pdf (PBS historical indices; category unavailable)
2023-10-01,2023,October,10,FY2023-24,National,Recreation & Culture,,,,,https://www.pbs.gov.pk/wp-content/uploads/2020/07/indices_and_growth_rates_historical-1.pdf (PBS historical indices; category unavailable)
2023-10-01,2023,October,10,FY2023-24,National,Education,,,,,https://www.pbs.gov.pk/wp-content/uploads/2020/07/indices_and_growth_rates_historical-1.pdf (PBS historical indices; category unavailable)
2023-10-01,2023,October,10,FY2023-24,National,Restaurants & Hotels,,,,,https://www.pbs.gov.pk/wp-content/uploads/2020/07/indices_and_growth_rates_historical-1.pdf (PBS historical indices; category unavailable)
2023-10-01,2023,October,10,FY2023-24,National,Miscellaneous Goods & Services,,,,,https://www.pbs.gov.pk/wp-content/uploads/2020/07/indices_and_growth_rates_historical-1.pdf (PBS historical indices; category unavailable)
2023-10-01,2023,October,10,FY2023-24,Urban,Food & Non-Alcoholic Beverages,,,,,https://www.pbs.gov.pk/wp-content/uploads/2020/07/indices_and_growth_rates_historical-1.pdf (PBS historical indices; category unavailable)
2023-10-01,2023,October,10,FY2023-24,Urban,Alcoholic Beverages & Tobacco,,,,,https://www.pbs.gov.pk/wp-content/uploads/2020/07/indices_and_growth_rates_historical-1.pdf (PBS historical indices; category unavailable)
2023-10-01,2023,October,10,FY2023-24,Urban,Clothing & Footwear,,,,,https://www.pbs.gov.pk/wp-content/uploads/2020/07/indices_and_growth_rates_historical-1.pdf (PBS historical indices; category unavailable)
2023-10-01,2023,October,10,FY2023-24,Urban,"Housing, Water, Electricity, Gas & Fuels",,,,,https://www.pbs.gov.pk/wp-content/uploads/2020/07/indices_and_growth_rates_historical-1.pdf (PBS historical indices; category unavailable)
2023-10-01,2023,October,10,FY2023-24,Urban,Furnishing & Household Equipment Maintenance,,,,,https://www.pbs.gov.pk/wp-content/uploads/2020/07/indices_and_growth_rates_historical-1.pdf (PBS historical indices; category unavailable)
2023-10-01,2023,October,10,FY2023-24,Urban,Health,,,,,https://www.pbs.gov.pk/wp-content/uploads/2020/07/indices_and_growth_rates_historical-1.pdf (PBS historical indices; category unavailable)
2023-10-01,2023,October,10,FY2023-24,Urban,Transport,,,,,https://www.pbs.gov.pk/wp-content/uploads/2020/07/indices_and_growth_rates_historical-1.pdf (PBS historical indices; category unavailable)
2023-10-01,2023,October,10,FY2023-24,Urban,Communication,,,,,https://www.pbs.gov.pk/wp-content/uploads/2020/07/indices_and_growth_rates_historical-1.pdf (PBS historical indices; category unavailable)
2023-10-01,2023,October,10,FY2023-24,Urban,Recreation & Culture,,,,,https://www.pbs.gov.pk/wp-content/uploads/2020/07/indices_and_growth_rates_historical-1.pdf (PBS historical indices; category unavailable)
2023-10-01,2023,October,10,FY2023-24,Urban,Education,,,,,https://www.pbs.gov.pk/wp-content/uploads/2020/07/indices_and_growth_rates_historical-1.pdf (PBS historical indices; category unavailable)
2023-10-01,2023,October,10,FY2023-24,Urban,Restaurants & Hotels,,,,,https://www.pbs.gov.pk/wp-content/uploads/2020/07/indices_and_growth_rates_historical-1.pdf (PBS historical indices; category unavailable)
2023-10-01,2023,October,10,FY2023-24,Urban,Miscellaneous Goods & Services,,,,,https://www.pbs.gov.pk/wp-content/uploads/2020/07/indices_and_growth_rates_historical-1.pdf (PBS historical indices; category unavailable)
2023-10-01,2023,October,10,FY2023-24,Rural,Food & Non-Alcoholic Beverages,,,,,https://www.pbs.gov.pk/wp-content/uploads/2020/07/indices_and_growth_rates_historical-1.pdf (PBS historical indices; category unavailable)
2023-10-01,2023,October,10,FY2023-24,Rural,Alcoholic Beverages & Tobacco,,,,,https://www.pbs.gov.pk/wp-content/uploads/2020/07/indices_and_growth_rates_historical-1.pdf (PBS historical indices; category unavailable)
2023-10-01,2023,October,10,FY2023-24,Rural,Clothing & Footwear,,,,,https://www.pbs.gov.pk/wp-content/uploads/2020/07/indices_and_growth_rates_historical-1.pdf (PBS historical indices; category unavailable)
2023-10-01,2023,October,10,FY2023-24,Rural,"Housing, Water, Electricity, Gas & Fuels",,,,,https://www.pbs.gov.pk/wp-content/uploads/2020/07/indices_and_growth_rates_historical-1.pdf (PBS historical indices; category unavailable)
2023-10-01,2023,October,10,FY2023-24,Rural,Furnishing & Household Equipment Maintenance,,,,,https://www.pbs.gov.pk/wp-content/uploads/2020/07/indices_and_growth_rates_historical-1.pdf (PBS historical indices; category unavailable)
2023-10-01,2023,October,10,FY2023-24,Rural,Health,,,,,https://www.pbs.gov.pk/wp-content/uploads/2020/07/indices_and_growth_rates_historical-1.pdf (PBS historical indices; category unavailable)
2023-10-01,2023,October,10,FY2023-24,Rural,Transport,,,,,https://www.pbs.gov.pk/wp-content/uploads/2020/07/indices_and_growth_rates_historical-1.pdf (PBS historical indices; category unavailable)
2023-10-01,2023,October,10,FY2023-24,Rural,Communication,,,,,https://www.pbs.gov.pk/wp-content/uploads/2020/07/indices_and_growth_rates_historical-1.pdf (PBS historical indices; category unavailable)
2023-10-01,2023,October,10,FY2023-24,Rural,Recreation & Culture,,,,,https://www.pbs.gov.pk/wp-content/uploads/2020/07/indices_and_growth_rates_historical-1.pdf (PBS historical indices; category unavailable)
2023-10-01,2023,October,10,FY2023-24,Rural,Education,,,,,https://www.pbs.gov.pk/wp-content/uploads/2020/07/indices_and_growth_rates_historical-1.pdf (PBS historical indices; category unavailable)
2023-10-01,2023,October,10,FY2023-24,Rural,Restaurants & Hotels,,,,,https://www.pbs.gov.pk/wp-content/uploads/2020/07/indices_and_growth_rates_historical-1.pdf (PBS historical indices; category unavailable)
2023-10-01,2023,October,10,FY2023-24,Rural,Miscellaneous Goods & Services,,,,,https://www.pbs.gov.pk/wp-content/uploads/2020/07/indices_and_growth_rates_historical-1.pdf (PBS historical indices; category unavailable)
2023-11-01,2023,November,11,FY2023-24,National,Food & Non-Alcoholic Beverages,,,,,https://www.pbs.gov.pk/wp-content/uploads/2020/07/indices_and_growth_rates_historical-1.pdf (PBS historical indices; category unavailable)
2023-11-01,2023,November,11,FY2023-24,National,Alcoholic Beverages & Tobacco,,,,,https://www.pbs.gov.pk/wp-content/uploads/2020/07/indices_and_growth_rates_historical-1.pdf (PBS historical indices; category unavailable)
2023-11-01,2023,November,11,FY2023-24,National,Clothing & Footwear,,,,,https://www.pbs.gov.pk/wp-content/uploads/2020/07/indices_and_growth_rates_historical-1.pdf (PBS historical indices; category unavailable)
2023-11-01,2023,November,11,FY2023-24,National,"Housing, Water, Electricity, Gas & Fuels",,,,,https://www.pbs.gov.pk/wp-content/uploads/2020/07/indices_and_growth_rates_historical-1.pdf (PBS historical indices; category unavailable)
2023-11-01,2023,November,11,FY2023-24,National,Furnishing & Household Equipment Maintenance,,,,,https://www.pbs.gov.pk/wp-content/uploads/2020/07/indices_and_growth_rates_historical-1.pdf (PBS historical indices; category unavailable)
2023-11-01,2023,November,11,FY2023-24,National,Health,,,,,https://www.pbs.gov.pk/wp-content/uploads/2020/07/indices_and_growth_rates_historical-1.pdf (PBS historical indices; category unavailable)
2023-11-01,2023,November,11,FY2023-24,National,Transport,,,,,https://www.pbs.gov.pk/wp-content/uploads/2020/07/indices_and_growth_rates_historical-1.pdf (PBS historical indices; category unavailable)
2023-11-01,2023,November,11,FY2023-24,National,Communication,,,,,https://www.pbs.gov.pk/wp-content/uploads/2020/07/indices_and_growth_rates_historical-1.pdf (PBS historical indices; category unavailable)
2023-11-01,2023,November,11,FY2023-24,National,Recreation & Culture,,,,,https://www.pbs.gov.pk/wp-content/uploads/2020/07/indices_and_growth_rates_historical-1.pdf (PBS historical indices; category unavailable)
2023-11-01,2023,November,11,FY2023-24,National,Education,,,,,https://www.pbs.gov.pk/wp-content/uploads/2020/07/indices_and_growth_rates_historical-1.pdf (PBS historical indices; category unavailable)
2023-11-01,2023,November,11,FY2023-24,National,Restaurants & Hotels,,,,,https://www.pbs.gov.pk/wp-content/uploads/2020/07/indices_and_growth_rates_historical-1.pdf (PBS historical indices; category unavailable)
2023-11-01,2023,November,11,FY2023-24,National,Miscellaneous Goods & Services,,,,,https://www.pbs.gov.pk/wp-content/uploads/2020/07/indices_and_growth_rates_historical-1.pdf (PBS historical indices; category unavailable)
2023-11-01,2023,November,11,FY2023-24,Urban,Food & Non-Alcoholic Beverages,,,,,https://www.pbs.gov.pk/wp-content/uploads/2020/07/indices_and_growth_rates_historical-1.pdf (PBS historical indices; category unavailable)
2023-11-01,2023,November,11,FY2023-24,Urban,Alcoholic Beverages & Tobacco,,,,,https://www.pbs.gov.pk/wp-content/uploads/2020/07/indices_and_growth_rates_historical-1.pdf (PBS historical indices; category unavailable)
2023-11-01,2023,November,11,FY2023-24,Urban,Clothing & Footwear,,,,,https://www.pbs.gov.pk/wp-content/uploads/2020/07/indices_and_growth_rates_historical-1.pdf (PBS historical indices; category unavailable)
2023-11-01,2023,November,11,FY2023-24,Urban,"Housing, Water, Electricity, Gas & Fuels",,,,,https://www.pbs.gov.pk/wp-content/uploads/2020/07/indices_and_growth_rates_historical-1.pdf (PBS historical indices; category unavailable)
2023-11-01,2023,November,11,FY2023-24,Urban,Furnishing & Household Equipment Maintenance,,,,,https://www.pbs.gov.pk/wp-content/uploads/2020/07/indices_and_growth_rates_historical-1.pdf (PBS historical indices; category unavailable)
2023-11-01,2023,November,11,FY2023-24,Urban,Health,,,,,https://www.pbs.gov.pk/wp-content/uploads/2020/07/indices_and_growth_rates_historical-1.pdf (PBS historical indices; category unavailable)
2023-11-01,2023,November,11,FY2023-24,Urban,Transport,,,,,https://www.pbs.gov.pk/wp-content/uploads/2020/07/indices_and_growth_rates_historical-1.pdf (PBS historical indices; category unavailable)
2023-11-01,2023,November,11,FY2023-24,Urban,Communication,,,,,https://www.pbs.gov.pk/wp-content/uploads/2020/07/indices_and_growth_rates_historical-1.pdf (PBS historical indices; category unavailable)
2023-11-01,2023,November,11,FY2023-24,Urban,Recreation & Culture,,,,,https://www.pbs.gov.pk/wp-content/uploads/2020/07/indices_and_growth_rates_historical-1.pdf (PBS historical indices; category unavailable)
2023-11-01,2023,November,11,FY2023-24,Urban,Education,,,,,https://www.pbs.gov.pk/wp-content/uploads/2020/07/indices_and_growth_rates_historical-1.pdf (PBS historical indices; category unavailable)
2023-11-01,2023,November,11,FY2023-24,Urban,Restaurants & Hotels,,,,,https://www.pbs.gov.pk/wp-content/uploads/2020/07/indices_and_growth_rates_historical-1.pdf (PBS historical indices; category unavailable)
2023-11-01,2023,November,11,FY2023-24,Urban,Miscellaneous Goods & Services,,,,,https://www.pbs.gov.pk/wp-content/uploads/2020/07/indices_and_growth_rates_historical-1.pdf (PBS historical indices; category unavailable)
2023-11-01,2023,November,11,FY2023-24,Rural,Food & Non-Alcoholic Beverages,,,,,https://www.pbs.gov.pk/wp-content/uploads/2020/07/indices_and_growth_rates_historical-1.pdf (PBS historical indices; category unavailable)
2023-11-01,2023,November,11,FY2023-24,Rural,Alcoholic Beverages & Tobacco,,,,,https://www.pbs.gov.pk/wp-content/uploads/2020/07/indices_and_growth_rates_historical-1.pdf (PBS historical indices; category unavailable)
2023-11-01,2023,November,11,FY2023-24,Rural,Clothing & Footwear,,,,,https://www.pbs.gov.pk/wp-content/uploads/2020/07/indices_and_growth_rates_historical-1.pdf (PBS historical indices; category unavailable)
2023-11-01,2023,November,11,FY2023-24,Rural,"Housing, Water, Electricity, Gas & Fuels",,,,,https://www.pbs.gov.pk/wp-content/uploads/2020/07/indices_and_growth_rates_historical-1.pdf (PBS historical indices; category unavailable)
2023-11-01,2023,November,11,FY2023-24,Rural,Furnishing & Household Equipment Maintenance,,,,,https://www.pbs.gov.pk/wp-content/uploads/2020/07/indices_and_growth_rates_historical-1.pdf (PBS historical indices; category unavailable)
2023-11-01,2023,November,11,FY2023-24,Rural,Health,,,,,https://www.pbs.gov.pk/wp-content/uploads/2020/07/indices_and_growth_rates_historical-1.pdf (PBS historical indices; category unavailable)
2023-11-01,2023,November,11,FY2023-24,Rural,Transport,,,,,https://www.pbs.gov.pk/wp-content/uploads/2020/07/indices_and_growth_rates_historical-1.pdf (PBS historical indices; category unavailable)
2023-11-01,2023,November,11,FY2023-24,Rural,Communication,,,,,https://www.pbs.gov.pk/wp-content/uploads/2020/07/indices_and_growth_rates_historical-1.pdf (PBS historical indices; category unavailable)
2023-11-01,2023,November,11,FY2023-24,Rural,Recreation & Culture,,,,,https://www.pbs.gov.pk/wp-content/uploads/2020/07/indices_and_growth_rates_historical-1.pdf (PBS historical indices; category unavailable)
2023-11-01,2023,November,11,FY2023-24,Rural,Education,,,,,https://www.pbs.gov.pk/wp-content/uploads/2020/07/indices_and_growth_rates_historical-1.pdf (PBS historical indices; category unavailable)
2023-11-01,2023,November,11,FY2023-24,Rural,Restaurants & Hotels,,,,,https://www.pbs.gov.pk/wp-content/uploads/2020/07/indices_and_growth_rates_historical-1.pdf (PBS historical indices; category unavailable)
2023-11-01,2023,November,11,FY2023-24,Rural,Miscellaneous Goods & Services,,,,,https://www.pbs.gov.pk/wp-content/uploads/2020/07/indices_and_growth_rates_historical-1.pdf (PBS historical indices; category unavailable)
2023-12-01,2023,December,12,FY2023-24,National,Food & Non-Alcoholic Beverages,,,,,https://www.pbs.gov.pk/wp-content/uploads/2020/07/indices_and_growth_rates_historical-1.pdf (PBS historical indices; category unavailable)
2023-12-01,2023,December,12,FY2023-24,National,Alcoholic Beverages & Tobacco,,,,,https://www.pbs.gov.pk/wp-content/uploads/2020/07/indices_and_growth_rates_historical-1.pdf (PBS historical indices; category unavailable)
2023-12-01,2023,December,12,FY2023-24,National,Clothing & Footwear,,,,,https://www.pbs.gov.pk/wp-content/uploads/2020/07/indices_and_growth_rates_historical-1.pdf (PBS historical indices; category unavailable)
2023-12-01,2023,December,12,FY2023-24,National,"Housing, Water, Electricity, Gas & Fuels",,,,,https://www.pbs.gov.pk/wp-content/uploads/2020/07/indices_and_growth_rates_historical-1.pdf (PBS historical indices; category unavailable)
2023-12-01,2023,December,12,FY2023-24,National,Furnishing & Household Equipment Maintenance,,,,,https://www.pbs.gov.pk/wp-content/uploads/2020/07/indices_and_growth_rates_historical-1.pdf (PBS historical indices; category unavailable)
2023-12-01,2023,December,12,FY2023-24,National,Health,,,,,https://www.pbs.gov.pk/wp-content/uploads/2020/07/indices_and_growth_rates_historical-1.pdf (PBS historical indices; category unavailable)
2023-12-01,2023,December,12,FY2023-24,National,Transport,,,,,https://www.pbs.gov.pk/wp-content/uploads/2020/07/indices_and_growth_rates_historical-1.pdf (PBS historical indices; category unavailable)
2023-12-01,2023,December,12,FY2023-24,National,Communication,,,,,https://www.pbs.gov.pk/wp-content/uploads/2020/07/indices_and_growth_rates_historical-1.pdf (PBS historical indices; category unavailable)
2023-12-01,2023,December,12,FY2023-24,National,Recreation & Culture,,,,,https://www.pbs.gov.pk/wp-content/uploads/2020/07/indices_and_growth_rates_historical-1.pdf (PBS historical indices; category unavailable)
2023-12-01,2023,December,12,FY2023-24,National,Education,,,,,https://www.pbs.gov.pk/wp-content/uploads/2020/07/indices_and_growth_rates_historical-1.pdf (PBS historical indices; category unavailable)
2023-12-01,2023,December,12,FY2023-24,National,Restaurants & Hotels,,,,,https://www.pbs.gov.pk/wp-content/uploads/2020/07/indices_and_growth_rates_historical-1.pdf (PBS historical indices; category unavailable)
2023-12-01,2023,December,12,FY2023-24,National,Miscellaneous Goods & Services,,,,,https://www.pbs.gov.pk/wp-content/uploads/2020/07/indices_and_growth_rates_historical-1.pdf (PBS historical indices; category unavailable)
2023-12-01,2023,December,12,FY2023-24,Urban,Food & Non-Alcoholic Beverages,,,,,https://www.pbs.gov.pk/wp-content/uploads/2020/07/indices_and_growth_rates_historical-1.pdf (PBS historical indices; category unavailable)
2023-12-01,2023,December,12,FY2023-24,Urban,Alcoholic Beverages & Tobacco,,,,,https://www.pbs.gov.pk/wp-content/uploads/2020/07/indices_and_growth_rates_historical-1.pdf (PBS historical indices; category unavailable)
2023-12-01,2023,December,12,FY2023-24,Urban,Clothing & Footwear,,,,,https://www.pbs.gov.pk/wp-content/uploads/2020/07/indices_and_growth_rates_historical-1.pdf (PBS historical indices; category unavailable)
2023-12-01,2023,December,12,FY2023-24,Urban,"Housing, Water, Electricity, Gas & Fuels",,,,,https://www.pbs.gov.pk/wp-content/uploads/2020/07/indices_and_growth_rates_historical-1.pdf (PBS historical indices; category unavailable)
2023-12-01,2023,December,12,FY2023-24,Urban,Furnishing & Household Equipment Maintenance,,,,,https://www.pbs.gov.pk/wp-content/uploads/2020/07/indices_and_growth_rates_historical-1.pdf (PBS historical indices; category unavailable)
2023-12-01,2023,December,12,FY2023-24,Urban,Health,,,,,https://www.pbs.gov.pk/wp-content/uploads/2020/07/indices_and_growth_rates_historical-1.pdf (PBS historical indices; category unavailable)
2023-12-01,2023,December,12,FY2023-24,Urban,Transport,,,,,https://www.pbs.gov.pk/wp-content/uploads/2020/07/indices_and_growth_rates_historical-1.pdf (PBS historical indices; category unavailable)
2023-12-01,2023,December,12,FY2023-24,Urban,Communication,,,,,https://www.pbs.gov.pk/wp-content/uploads/2020/07/indices_and_growth_rates_historical-1.pdf (PBS historical indices; category unavailable)
2023-12-01,2023,December,12,FY2023-24,Urban,Recreation & Culture,,,,,https://www.pbs.gov.pk/wp-content/uploads/2020/07/indices_and_growth_rates_historical-1.pdf (PBS historical indices; category unavailable)
2023-12-01,2023,December,12,FY2023-24,Urban,Education,,,,,https://www.pbs.gov.pk/wp-content/uploads/2020/07/indices_and_growth_rates_historical-1.pdf (PBS historical indices; category unavailable)
2023-12-01,2023,December,12,FY2023-24,Urban,Restaurants & Hotels,,,,,https://www.pbs.gov.pk/wp-content/uploads/2020/07/indices_and_growth_rates_historical-1.pdf (PBS historical indices; category unavailable)
2023-12-01,2023,December,12,FY2023-24,Urban,Miscellaneous Goods & Services,,,,,https://www.pbs.gov.pk/wp-content/uploads/2020/07/indices_and_growth_rates_historical-1.pdf (PBS historical indices; category unavailable)
2023-12-01,2023,December,12,FY2023-24,Rural,Food & Non-Alcoholic Beverages,,,,,https://www.pbs.gov.pk/wp-content/uploads/2020/07/indices_and_growth_rates_historical-1.pdf (PBS historical indices; category unavailable)
2023-12-01,2023,December,12,FY2023-24,Rural,Alcoholic Beverages & Tobacco,,,,,https://www.pbs.gov.pk/wp-content/uploads/2020/07/indices_and_growth_rates_historical-1.pdf (PBS historical indices; category unavailable)
2023-12-01,2023,December,12,FY2023-24,Rural,Clothing & Footwear,,,,,https://www.pbs.gov.pk/wp-content/uploads/2020/07/indices_and_growth_rates_historical-1.pdf (PBS historical indices; category unavailable)
2023-12-01,2023,December,12,FY2023-24,Rural,"Housing, Water, Electricity, Gas & Fuels",,,,,https://www.pbs.gov.pk/wp-content/uploads/2020/07/indices_and_growth_rates_historical-1.pdf (PBS historical indices; category unavailable)
2023-12-01,2023,December,12,FY2023-24,Rural,Furnishing & Household Equipment Maintenance,,,,,https://www.pbs.gov.pk/wp-content/uploads/2020/07/indices_and_growth_rates_historical-1.pdf (PBS historical indices; category unavailable)
2023-12-01,2023,December,12,FY2023-24,Rural,Health,,,,,https://www.pbs.gov.pk/wp-content/uploads/2020/07/indices_and_growth_rates_historical-1.pdf (PBS historical indices; category unavailable)
2023-12-01,2023,December,12,FY2023-24,Rural,Transport,,,,,https://www.pbs.gov.pk/wp-content/uploads/2020/07/indices_and_growth_rates_historical-1.pdf (PBS historical indices; category unavailable)
2023-12-01,2023,December,12,FY2023-24,Rural,Communication,,,,,https://www.pbs.gov.pk/wp-content/uploads/2020/07/indices_and_growth_rates_historical-1.pdf (PBS historical indices; category unavailable)
2023-12-01,2023,December,12,FY2023-24,Rural,Recreation & Culture,,,,,https://www.pbs.gov.pk/wp-content/uploads/2020/07/indices_and_growth_rates_historical-1.pdf (PBS historical indices; category unavailable)
2023-12-01,2023,December,12,FY2023-24,Rural,Education,,,,,https://www.pbs.gov.pk/wp-content/uploads/2020/07/indices_and_growth_rates_historical-1.pdf (PBS historical indices; category unavailable)
2023-12-01,2023,December,12,FY2023-24,Rural,Restaurants & Hotels,,,,,https://www.pbs.gov.pk/wp-content/uploads/2020/07/indices_and_growth_rates_historical-1.pdf (PBS historical indices; category unavailable)
2023-12-01,2023,December,12,FY2023-24,Rural,Miscellaneous Goods & Services,,,,,https://www.pbs.gov.pk/wp-content/uploads/2020/07/indices_and_growth_rates_historical-1.pdf (PBS historical indices; category unavailable)
2024-01-01,2024,January,1,FY2023-24,National,Food & Non-Alcoholic Beverages,,,,,https://www.pbs.gov.pk/wp-content/uploads/2020/07/indices_and_growth_rates_historical-1.pdf (PBS historical indices; category unavailable)
2024-01-01,2024,January,1,FY2023-24,National,Alcoholic Beverages & Tobacco,,,,,https://www.pbs.gov.pk/wp-content/uploads/2020/07/indices_and_growth_rates_historical-1.pdf (PBS historical indices; category unavailable)
2024-01-01,2024,January,1,FY2023-24,National,Clothing & Footwear,,,,,https://www.pbs.gov.pk/wp-content/uploads/2020/07/indices_and_growth_rates_historical-1.pdf (PBS historical indices; category unavailable)
2024-01-01,2024,January,1,FY2023-24,National,"Housing, Water, Electricity, Gas & Fuels",,,,,https://www.pbs.gov.pk/wp-content/uploads/2020/07/indices_and_growth_rates_historical-1.pdf (PBS historical indices; category unavailable)
2024-01-01,2024,January,1,FY2023-24,National,Furnishing & Household Equipment Maintenance,,,,,https://www.pbs.gov.pk/wp-content/uploads/2020/07/indices_and_growth_rates_historical-1.pdf (PBS historical indices; category unavailable)
2024-01-01,2024,January,1,FY2023-24,National,Health,,,,,https://www.pbs.gov.pk/wp-content/uploads/2020/07/indices_and_growth_rates_historical-1.pdf (PBS historical indices; category unavailable)
2024-01-01,2024,January,1,FY2023-24,National,Transport,,,,,https://www.pbs.gov.pk/wp-content/uploads/2020/07/indices_and_growth_rates_historical-1.pdf (PBS historical indices; category unavailable)
2024-01-01,2024,January,1,FY2023-24,National,Communication,,,,,https://www.pbs.gov.pk/wp-content/uploads/2020/07/indices_and_growth_rates_historical-1.pdf (PBS historical indices; category unavailable)
2024-01-01,2024,January,1,FY2023-24,National,Recreation & Culture,,,,,https://www.pbs.gov.pk/wp-content/uploads/2020/07/indices_and_growth_rates_historical-1.pdf (PBS historical indices; category unavailable)
2024-01-01,2024,January,1,FY2023-24,National,Education,,,,,https://www.pbs.gov.pk/wp-content/uploads/2020/07/indices_and_growth_rates_historical-1.pdf (PBS historical indices; category unavailable)
2024-01-01,2024,January,1,FY2023-24,National,Restaurants & Hotels,,,,,https://www.pbs.gov.pk/wp-content/uploads/2020/07/indices_and_growth_rates_historical-1.pdf (PBS historical indices; category unavailable)
2024-01-01,2024,January,1,FY2023-24,National,Miscellaneous Goods & Services,,,,,https://www.pbs.gov.pk/wp-content/uploads/2020/07/indices_and_growth_rates_historical-1.pdf (PBS historical indices; category unavailable)
2024-01-01,2024,January,1,FY2023-24,Urban,Food & Non-Alcoholic Beverages,,,,,https://www.pbs.gov.pk/wp-content/uploads/2020/07/indices_and_growth_rates_historical-1.pdf (PBS historical indices; category unavailable)
2024-01-01,2024,January,1,FY2023-24,Urban,Alcoholic Beverages & Tobacco,,,,,https://www.pbs.gov.pk/wp-content/uploads/2020/07/indices_and_growth_rates_historical-1.pdf (PBS historical indices; category unavailable)
2024-01-01,2024,January,1,FY2023-24,Urban,Clothing & Footwear,,,,,https://www.pbs.gov.pk/wp-content/uploads/2020/07/indices_and_growth_rates_historical-1.pdf (PBS historical indices; category unavailable)
2024-01-01,2024,January,1,FY2023-24,Urban,"Housing, Water, Electricity, Gas & Fuels",,,,,https://www.pbs.gov.pk/wp-content/uploads/2020/07/indices_and_growth_rates_historical-1.pdf (PBS historical indices; category unavailable)
2024-01-01,2024,January,1,FY2023-24,Urban,Furnishing & Household Equipment Maintenance,,,,,https://www.pbs.gov.pk/wp-content/uploads/2020/07/indices_and_growth_rates_historical-1.pdf (PBS historical indices; category unavailable)
2024-01-01,2024,January,1,FY2023-24,Urban,Health,,,,,https://www.pbs.gov.pk/wp-content/uploads/2020/07/indices_and_growth_rates_historical-1.pdf (PBS historical indices; category unavailable)
2024-01-01,2024,January,1,FY2023-24,Urban,Transport,,,,,https://www.pbs.gov.pk/wp-content/uploads/2020/07/indices_and_growth_rates_historical-1.pdf (PBS historical indices; category unavailable)
2024-01-01,2024,January,1,FY2023-24,Urban,Communication,,,,,https://www.pbs.gov.pk/wp-content/uploads/2020/07/indices_and_growth_rates_historical-1.pdf (PBS historical indices; category unavailable)
2024-01-01,2024,January,1,FY2023-24,Urban,Recreation & Culture,,,,,https://www.pbs.gov.pk/wp-content/uploads/2020/07/indices_and_growth_rates_historical-1.pdf (PBS historical indices; category unavailable)
2024-01-01,2024,January,1,FY2023-24,Urban,Education,,,,,https://www.pbs.gov.pk/wp-content/uploads/2020/07/indices_and_growth_rates_historical-1.pdf (PBS historical indices; category unavailable)
2024-01-01,2024,January,1,FY2023-24,Urban,Restaurants & Hotels,,,,,https://www.pbs.gov.pk/wp-content/uploads/2020/07/indices_and_growth_rates_historical-1.pdf (PBS historical indices; category unavailable)
2024-01-01,2024,January,1,FY2023-24,Urban,Miscellaneous Goods & Services,,,,,https://www.pbs.gov.pk/wp-content/uploads/2020/07/indices_and_growth_rates_historical-1.pdf (PBS historical indices; category unavailable)
2024-01-01,2024,January,1,FY2023-24,Rural,Food & Non-Alcoholic Beverages,,,,,https://www.pbs.gov.pk/wp-content/uploads/2020/07/indices_and_growth_rates_historical-1.pdf (PBS historical indices; category unavailable)
2024-01-01,2024,January,1,FY2023-24,Rural,Alcoholic Beverages & Tobacco,,,,,https://www.pbs.gov.pk/wp-content/uploads/2020/07/indices_and_growth_rates_historical-1.pdf (PBS historical indices; category unavailable)
2024-01-01,2024,January,1,FY2023-24,Rural,Clothing & Footwear,,,,,https://www.pbs.gov.pk/wp-content/uploads/2020/07/indices_and_growth_rates_historical-1.pdf (PBS historical indices; category unavailable)
2024-01-01,2024,January,1,FY2023-24,Rural,"Housing, Water, Electricity, Gas & Fuels",,,,,https://www.pbs.gov.pk/wp-content/uploads/2020/07/indices_and_growth_rates_historical-1.pdf (PBS historical indices; category unavailable)
2024-01-01,2024,January,1,FY2023-24,Rural,Furnishing & Household Equipment Maintenance,,,,,https://www.pbs.gov.pk/wp-content/uploads/2020/07/indices_and_growth_rates_historical-1.pdf (PBS historical indices; category unavailable)
2024-01-01,2024,January,1,FY2023-24,Rural,Health,,,,,https://www.pbs.gov.pk/wp-content/uploads/2020/07/indices_and_growth_rates_historical-1.pdf (PBS historical indices; category unavailable)
2024-01-01,2024,January,1,FY2023-24,Rural,Transport,,,,,https://www.pbs.gov.pk/wp-content/uploads/2020/07/indices_and_growth_rates_historical-1.pdf (PBS historical indices; category unavailable)
2024-01-01,2024,January,1,FY2023-24,Rural,Communication,,,,,https://www.pbs.gov.pk/wp-content/uploads/2020/07/indices_and_growth_rates_historical-1.pdf (PBS historical indices; category unavailable)
2024-01-01,2024,January,1,FY2023-24,Rural,Recreation & Culture,,,,,https://www.pbs.gov.pk/wp-content/uploads/2020/07/indices_and_growth_rates_historical-1.pdf (PBS historical indices; category unavailable)
2024-01-01,2024,January,1,FY2023-24,Rural,Education,,,,,https://www.pbs.gov.pk/wp-content/uploads/2020/07/indices_and_growth_rates_historical-1.pdf (PBS historical indices; category unavailable)
2024-01-01,2024,January,1,FY2023-24,Rural,Restaurants & Hotels,,,,,https://www.pbs.gov.pk/wp-content/uploads/2020/07/indices_and_growth_rates_historical-1.pdf (PBS historical indices; category unavailable)
2024-01-01,2024,January,1,FY2023-24,Rural,Miscellaneous Goods & Services,,,,,https://www.pbs.gov.pk/wp-content/uploads/2020/07/indices_and_growth_rates_historical-1.pdf (PBS historical indices; category unavailable)
2024-02-01,2024,February,2,FY2023-24,National,Food & Non-Alcoholic Beverages,,,,,https://www.pbs.gov.pk/wp-content/uploads/2020/07/indices_and_growth_rates_historical-1.pdf (PBS historical indices; category unavailable)
2024-02-01,2024,February,2,FY2023-24,National,Alcoholic Beverages & Tobacco,,,,,https://www.pbs.gov.pk/wp-content/uploads/2020/07/indices_and_growth_rates_historical-1.pdf (PBS historical indices; category unavailable)
2024-02-01,2024,February,2,FY2023-24,National,Clothing & Footwear,,,,,https://www.pbs.gov.pk/wp-content/uploads/2020/07/indices_and_growth_rates_historical-1.pdf (PBS historical indices; category unavailable)
2024-02-01,2024,February,2,FY2023-24,National,"Housing, Water, Electricity, Gas & Fuels",,,,,https://www.pbs.gov.pk/wp-content/uploads/2020/07/indices_and_growth_rates_historical-1.pdf (PBS historical indices; category unavailable)
2024-02-01,2024,February,2,FY2023-24,National,Furnishing & Household Equipment Maintenance,,,,,https://www.pbs.gov.pk/wp-content/uploads/2020/07/indices_and_growth_rates_historical-1.pdf (PBS historical indices; category unavailable)
2024-02-01,2024,February,2,FY2023-24,National,Health,,,,,https://www.pbs.gov.pk/wp-content/uploads/2020/07/indices_and_growth_rates_historical-1.pdf (PBS historical indices; category unavailable)
2024-02-01,2024,February,2,FY2023-24,National,Transport,,,,,https://www.pbs.gov.pk/wp-content/uploads/2020/07/indices_and_growth_rates_historical-1.pdf (PBS historical indices; category unavailable)
2024-02-01,2024,February,2,FY2023-24,National,Communication,,,,,https://www.pbs.gov.pk/wp-content/uploads/2020/07/indices_and_growth_rates_historical-1.pdf (PBS historical indices; category unavailable)
2024-02-01,2024,February,2,FY2023-24,National,Recreation & Culture,,,,,https://www.pbs.gov.pk/wp-content/uploads/2020/07/indices_and_growth_rates_historical-1.pdf (PBS historical indices; category unavailable)
2024-02-01,2024,February,2,FY2023-24,National,Education,,,,,https://www.pbs.gov.pk/wp-content/uploads/2020/07/indices_and_growth_rates_historical-1.pdf (PBS historical indices; category unavailable)
2024-02-01,2024,February,2,FY2023-24,National,Restaurants & Hotels,,,,,https://www.pbs.gov.pk/wp-content/uploads/2020/07/indices_and_growth_rates_historical-1.pdf (PBS historical indices; category unavailable)
2024-02-01,2024,February,2,FY2023-24,National,Miscellaneous Goods & Services,,,,,https://www.pbs.gov.pk/wp-content/uploads/2020/07/indices_and_growth_rates_historical-1.pdf (PBS historical indices; category unavailable)
2024-02-01,2024,February,2,FY2023-24,Urban,Food & Non-Alcoholic Beverages,,,,,https://www.pbs.gov.pk/wp-content/uploads/2020/07/indices_and_growth_rates_historical-1.pdf (PBS historical indices; category unavailable)
2024-02-01,2024,February,2,FY2023-24,Urban,Alcoholic Beverages & Tobacco,,,,,https://www.pbs.gov.pk/wp-content/uploads/2020/07/indices_and_growth_rates_historical-1.pdf (PBS historical indices; category unavailable)
2024-02-01,2024,February,2,FY2023-24,Urban,Clothing & Footwear,,,,,https://www.pbs.gov.pk/wp-content/uploads/2020/07/indices_and_growth_rates_historical-1.pdf (PBS historical indices; category unavailable)
2024-02-01,2024,February,2,FY2023-24,Urban,"Housing, Water, Electricity, Gas & Fuels",,,,,https://www.pbs.gov.pk/wp-content/uploads/2020/07/indices_and_growth_rates_historical-1.pdf (PBS historical indices; category unavailable)
2024-02-01,2024,February,2,FY2023-24,Urban,Furnishing & Household Equipment Maintenance,,,,,https://www.pbs.gov.pk/wp-content/uploads/2020/07/indices_and_growth_rates_historical-1.pdf (PBS historical indices; category unavailable)
2024-02-01,2024,February,2,FY2023-24,Urban,Health,,,,,https://www.pbs.gov.pk/wp-content/uploads/2020/07/indices_and_growth_rates_historical-1.pdf (PBS historical indices; category unavailable)
2024-02-01,2024,February,2,FY2023-24,Urban,Transport,,,,,https://www.pbs.gov.pk/wp-content/uploads/2020/07/indices_and_growth_rates_historical-1.pdf (PBS historical indices; category unavailable)
2024-02-01,2024,February,2,FY2023-24,Urban,Communication,,,,,https://www.pbs.gov.pk/wp-content/uploads/2020/07/indices_and_growth_rates_historical-1.pdf (PBS historical indices; category unavailable)
2024-02-01,2024,February,2,FY2023-24,Urban,Recreation & Culture,,,,,https://www.pbs.gov.pk/wp-content/uploads/2020/07/indices_and_growth_rates_historical-1.pdf (PBS historical indices; category unavailable)
2024-02-01,2024,February,2,FY2023-24,Urban,Education,,,,,https://www.pbs.gov.pk/wp-content/uploads/2020/07/indices_and_growth_rates_historical-1.pdf (PBS historical indices; category unavailable)
2024-02-01,2024,February,2,FY2023-24,Urban,Restaurants & Hotels,,,,,https://www.pbs.gov.pk/wp-content/uploads/2020/07/indices_and_growth_rates_historical-1.pdf (PBS historical indices; category unavailable)
2024-02-01,2024,February,2,FY2023-24,Urban,Miscellaneous Goods & Services,,,,,https://www.pbs.gov.pk/wp-content/uploads/2020/07/indices_and_growth_rates_historical-1.pdf (PBS historical indices; category unavailable)
2024-02-01,2024,February,2,FY2023-24,Rural,Food & Non-Alcoholic Beverages,,,,,https://www.pbs.gov.pk/wp-content/uploads/2020/07/indices_and_growth_rates_historical-1.pdf (PBS historical indices; category unavailable)
2024-02-01,2024,February,2,FY2023-24,Rural,Alcoholic Beverages & Tobacco,,,,,https://www.pbs.gov.pk/wp-content/uploads/2020/07/indices_and_growth_rates_historical-1.pdf (PBS historical indices; category unavailable)
2024-02-01,2024,February,2,FY2023-24,Rural,Clothing & Footwear,,,,,https://www.pbs.gov.pk/wp-content/uploads/2020/07/indices_and_growth_rates_historical-1.pdf (PBS historical indices; category unavailable)
2024-02-01,2024,February,2,FY2023-24,Rural,"Housing, Water, Electricity, Gas & Fuels",,,,,https://www.pbs.gov.pk/wp-content/uploads/2020/07/indices_and_growth_rates_historical-1.pdf (PBS historical indices; category unavailable)
2024-02-01,2024,February,2,FY2023-24,Rural,Furnishing & Household Equipment Maintenance,,,,,https://www.pbs.gov.pk/wp-content/uploads/2020/07/indices_and_growth_rates_historical-1.pdf (PBS historical indices; category unavailable)
2024-02-01,2024,February,2,FY2023-24,Rural,Health,,,,,https://www.pbs.gov.pk/wp-content/uploads/2020/07/indices_and_growth_rates_historical-1.pdf (PBS historical indices; category unavailable)
2024-02-01,2024,February,2,FY2023-24,Rural,Transport,,,,,https://www.pbs.gov.pk/wp-content/uploads/2020/07/indices_and_growth_rates_historical-1.pdf (PBS historical indices; category unavailable)
2024-02-01,2024,February,2,FY2023-24,Rural,Communication,,,,,https://www.pbs.gov.pk/wp-content/uploads/2020/07/indices_and_growth_rates_historical-1.pdf (PBS historical indices; category unavailable)
2024-02-01,2024,February,2,FY2023-24,Rural,Recreation & Culture,,,,,https://www.pbs.gov.pk/wp-content/uploads/2020/07/indices_and_growth_rates_historical-1.pdf (PBS historical indices; category unavailable)
2024-02-01,2024,February,2,FY2023-24,Rural,Education,,,,,https://www.pbs.gov.pk/wp-content/uploads/2020/07/indices_and_growth_rates_historical-1.pdf (PBS historical indices; category unavailable)
2024-02-01,2024,February,2,FY2023-24,Rural,Restaurants & Hotels,,,,,https://www.pbs.gov.pk/wp-content/uploads/2020/07/indices_and_growth_rates_historical-1.pdf (PBS historical indices; category unavailable)
2024-02-01,2024,February,2,FY2023-24,Rural,Miscellaneous Goods & Services,,,,,https://www.pbs.gov.pk/wp-content/uploads/2020/07/indices_and_growth_rates_historical-1.pdf (PBS historical indices; category unavailable)
2024-03-01,2024,March,3,FY2023-24,National,Food & Non-Alcoholic Beverages,,,,,https://www.pbs.gov.pk/wp-content/uploads/2020/07/indices_and_growth_rates_historical-1.pdf (PBS historical indices; category unavailable)
2024-03-01,2024,March,3,FY2023-24,National,Alcoholic Beverages & Tobacco,,,,,https://www.pbs.gov.pk/wp-content/uploads/2020/07/indices_and_growth_rates_historical-1.pdf (PBS historical indices; category unavailable)
2024-03-01,2024,March,3,FY2023-24,National,Clothing & Footwear,,,,,https://www.pbs.gov.pk/wp-content/uploads/2020/07/indices_and_growth_rates_historical-1.pdf (PBS historical indices; category unavailable)
2024-03-01,2024,March,3,FY2023-24,National,"Housing, Water, Electricity, Gas & Fuels",,,,,https://www.pbs.gov.pk/wp-content/uploads/2020/07/indices_and_growth_rates_historical-1.pdf (PBS historical indices; category unavailable)
2024-03-01,2024,March,3,FY2023-24,National,Furnishing & Household Equipment Maintenance,,,,,https://www.pbs.gov.pk/wp-content/uploads/2020/07/indices_and_growth_rates_historical-1.pdf (PBS historical indices; category unavailable)
2024-03-01,2024,March,3,FY2023-24,National,Health,,,,,https://www.pbs.gov.pk/wp-content/uploads/2020/07/indices_and_growth_rates_historical-1.pdf (PBS historical indices; category unavailable)
2024-03-01,2024,March,3,FY2023-24,National,Transport,,,,,https://www.pbs.gov.pk/wp-content/uploads/2020/07/indices_and_growth_rates_historical-1.pdf (PBS historical indices; category unavailable)
2024-03-01,2024,March,3,FY2023-24,National,Communication,,,,,https://www.pbs.gov.pk/wp-content/uploads/2020/07/indices_and_growth_rates_historical-1.pdf (PBS historical indices; category unavailable)
2024-03-01,2024,March,3,FY2023-24,National,Recreation & Culture,,,,,https://www.pbs.gov.pk/wp-content/uploads/2020/07/indices_and_growth_rates_historical-1.pdf (PBS historical indices; category unavailable)
2024-03-01,2024,March,3,FY2023-24,National,Education,,,,,https://www.pbs.gov.pk/wp-content/uploads/2020/07/indices_and_growth_rates_historical-1.pdf (PBS historical indices; category unavailable)
2024-03-01,2024,March,3,FY2023-24,National,Restaurants & Hotels,,,,,https://www.pbs.gov.pk/wp-content/uploads/2020/07/indices_and_growth_rates_historical-1.pdf (PBS historical indices; category unavailable)
2024-03-01,2024,March,3,FY2023-24,National,Miscellaneous Goods & Services,,,,,https://www.pbs.gov.pk/wp-content/uploads/2020/07/indices_and_growth_rates_historical-1.pdf (PBS historical indices; category unavailable)
2024-03-01,2024,March,3,FY2023-24,Urban,Food & Non-Alcoholic Beverages,,,,,https://www.pbs.gov.pk/wp-content/uploads/2020/07/indices_and_growth_rates_historical-1.pdf (PBS historical indices; category unavailable)
2024-03-01,2024,March,3,FY2023-24,Urban,Alcoholic Beverages & Tobacco,,,,,https://www.pbs.gov.pk/wp-content/uploads/2020/07/indices_and_growth_rates_historical-1.pdf (PBS historical indices; category unavailable)
2024-03-01,2024,March,3,FY2023-24,Urban,Clothing & Footwear,,,,,https://www.pbs.gov.pk/wp-content/uploads/2020/07/indices_and_growth_rates_historical-1.pdf (PBS historical indices; category unavailable)
2024-03-01,2024,March,3,FY2023-24,Urban,"Housing, Water, Electricity, Gas & Fuels",,,,,https://www.pbs.gov.pk/wp-content/uploads/2020/07/indices_and_growth_rates_historical-1.pdf (PBS historical indices; category unavailable)
2024-03-01,2024,March,3,FY2023-24,Urban,Furnishing & Household Equipment Maintenance,,,,,https://www.pbs.gov.pk/wp-content/uploads/2020/07/indices_and_growth_rates_historical-1.pdf (PBS historical indices; category unavailable)
2024-03-01,2024,March,3,FY2023-24,Urban,Health,,,,,https://www.pbs.gov.pk/wp-content/uploads/2020/07/indices_and_growth_rates_historical-1.pdf (PBS historical indices; category unavailable)
2024-03-01,2024,March,3,FY2023-24,Urban,Transport,,,,,https://www.pbs.gov.pk/wp-content/uploads/2020/07/indices_and_growth_rates_historical-1.pdf (PBS historical indices; category unavailable)
2024-03-01,2024,March,3,FY2023-24,Urban,Communication,,,,,https://www.pbs.gov.pk/wp-content/uploads/2020/07/indices_and_growth_rates_historical-1.pdf (PBS historical indices; category unavailable)
2024-03-01,2024,March,3,FY2023-24,Urban,Recreation & Culture,,,,,https://www.pbs.gov.pk/wp-content/uploads/2020/07/indices_and_growth_rates_historical-1.pdf (PBS historical indices; category unavailable)
2024-03-01,2024,March,3,FY2023-24,Urban,Education,,,,,https://www.pbs.gov.pk/wp-content/uploads/2020/07/indices_and_growth_rates_historical-1.pdf (PBS historical indices; category unavailable)
2024-03-01,2024,March,3,FY2023-24,Urban,Restaurants & Hotels,,,,,https://www.pbs.gov.pk/wp-content/uploads/2020/07/indices_and_growth_rates_historical-1.pdf (PBS historical indices; category unavailable)
2024-03-01,2024,March,3,FY2023-24,Urban,Miscellaneous Goods & Services,,,,,https://www.pbs.gov.pk/wp-content/uploads/2020/07/indices_and_growth_rates_historical-1.pdf (PBS historical indices; category unavailable)
2024-03-01,2024,March,3,FY2023-24,Rural,Food & Non-Alcoholic Beverages,,,,,https://www.pbs.gov.pk/wp-content/uploads/2020/07/indices_and_growth_rates_historical-1.pdf (PBS historical indices; category unavailable)
2024-03-01,2024,March,3,FY2023-24,Rural,Alcoholic Beverages & Tobacco,,,,,https://www.pbs.gov.pk/wp-content/uploads/2020/07/indices_and_growth_rates_historical-1.pdf (PBS historical indices; category unavailable)
2024-03-01,2024,March,3,FY2023-24,Rural,Clothing & Footwear,,,,,https://www.pbs.gov.pk/wp-content/uploads/2020/07/indices_and_growth_rates_historical-1.pdf (PBS historical indices; category unavailable)
2024-03-01,2024,March,3,FY2023-24,Rural,"Housing, Water, Electricity, Gas & Fuels",,,,,https://www.pbs.gov.pk/wp-content/uploads/2020/07/indices_and_growth_rates_historical-1.pdf (PBS historical indices; category unavailable)
2024-03-01,2024,March,3,FY2023-24,Rural,Furnishing & Household Equipment Maintenance,,,,,https://www.pbs.gov.pk/wp-content/uploads/2020/07/indices_and_growth_rates_historical-1.pdf (PBS historical indices; category unavailable)
2024-03-01,2024,March,3,FY2023-24,Rural,Health,,,,,https://www.pbs.gov.pk/wp-content/uploads/2020/07/indices_and_growth_rates_historical-1.pdf (PBS historical indices; category unavailable)
2024-03-01,2024,March,3,FY2023-24,Rural,Transport,,,,,https://www.pbs.gov.pk/wp-content/uploads/2020/07/indices_and_growth_rates_historical-1.pdf (PBS historical indices; category unavailable)
2024-03-01,2024,March,3,FY2023-24,Rural,Communication,,,,,https://www.pbs.gov.pk/wp-content/uploads/2020/07/indices_and_growth_rates_historical-1.pdf (PBS historical indices; category unavailable)
2024-03-01,2024,March,3,FY2023-24,Rural,Recreation & Culture,,,,,https://www.pbs.gov.pk/wp-content/uploads/2020/07/indices_and_growth_rates_historical-1.pdf (PBS historical indices; category unavailable)
2024-03-01,2024,March,3,FY2023-24,Rural,Education,,,,,https://www.pbs.gov.pk/wp-content/uploads/2020/07/indices_and_growth_rates_historical-1.pdf (PBS historical indices; category unavailable)
2024-03-01,2024,March,3,FY2023-24,Rural,Restaurants & Hotels,,,,,https://www.pbs.gov.pk/wp-content/uploads/2020/07/indices_and_growth_rates_historical-1.pdf (PBS historical indices; category unavailable)
2024-03-01,2024,March,3,FY2023-24,Rural,Miscellaneous Goods & Services,,,,,https://www.pbs.gov.pk/wp-content/uploads/2020/07/indices_and_growth_rates_historical-1.pdf (PBS historical indices; category unavailable)
2024-04-01,2024,April,4,FY2023-24,National,Food & Non-Alcoholic Beverages,,,,,https://www.pbs.gov.pk/wp-content/uploads/2020/07/indices_and_growth_rates_historical-1.pdf (PBS historical indices; category unavailable)
2024-04-01,2024,April,4,FY2023-24,National,Alcoholic Beverages & Tobacco,,,,,https://www.pbs.gov.pk/wp-content/uploads/2020/07/indices_and_growth_rates_historical-1.pdf (PBS historical indices; category unavailable)
2024-04-01,2024,April,4,FY2023-24,National,Clothing & Footwear,,,,,https://www.pbs.gov.pk/wp-content/uploads/2020/07/indices_and_growth_rates_historical-1.pdf (PBS historical indices; category unavailable)
2024-04-01,2024,April,4,FY2023-24,National,"Housing, Water, Electricity, Gas & Fuels",,,,,https://www.pbs.gov.pk/wp-content/uploads/2020/07/indices_and_growth_rates_historical-1.pdf (PBS historical indices; category unavailable)
2024-04-01,2024,April,4,FY2023-24,National,Furnishing & Household Equipment Maintenance,,,,,https://www.pbs.gov.pk/wp-content/uploads/2020/07/indices_and_growth_rates_historical-1.pdf (PBS historical indices; category unavailable)
2024-04-01,2024,April,4,FY2023-24,National,Health,,,,,https://www.pbs.gov.pk/wp-content/uploads/2020/07/indices_and_growth_rates_historical-1.pdf (PBS historical indices; category unavailable)
2024-04-01,2024,April,4,FY2023-24,National,Transport,,,,,https://www.pbs.gov.pk/wp-content/uploads/2020/07/indices_and_growth_rates_historical-1.pdf (PBS historical indices; category unavailable)
2024-04-01,2024,April,4,FY2023-24,National,Communication,,,,,https://www.pbs.gov.pk/wp-content/uploads/2020/07/indices_and_growth_rates_historical-1.pdf (PBS historical indices; category unavailable)
2024-04-01,2024,April,4,FY2023-24,National,Recreation & Culture,,,,,https://www.pbs.gov.pk/wp-content/uploads/2020/07/indices_and_growth_rates_historical-1.pdf (PBS historical indices; category unavailable)
2024-04-01,2024,April,4,FY2023-24,National,Education,,,,,https://www.pbs.gov.pk/wp-content/uploads/2020/07/indices_and_growth_rates_historical-1.pdf (PBS historical indices; category unavailable)
2024-04-01,2024,April,4,FY2023-24,National,Restaurants & Hotels,,,,,https://www.pbs.gov.pk/wp-content/uploads/2020/07/indices_and_growth_rates_historical-1.pdf (PBS historical indices; category unavailable)
2024-04-01,2024,April,4,FY2023-24,National,Miscellaneous Goods & Services,,,,,https://www.pbs.gov.pk/wp-content/uploads/2020/07/indices_and_growth_rates_historical-1.pdf (PBS historical indices; category unavailable)
2024-04-01,2024,April,4,FY2023-24,Urban,Food & Non-Alcoholic Beverages,,,,,https://www.pbs.gov.pk/wp-content/uploads/2020/07/indices_and_growth_rates_historical-1.pdf (PBS historical indices; category unavailable)
2024-04-01,2024,April,4,FY2023-24,Urban,Alcoholic Beverages & Tobacco,,,,,https://www.pbs.gov.pk/wp-content/uploads/2020/07/indices_and_growth_rates_historical-1.pdf (PBS historical indices; category unavailable)
2024-04-01,2024,April,4,FY2023-24,Urban,Clothing & Footwear,,,,,https://www.pbs.gov.pk/wp-content/uploads/2020/07/indices_and_growth_rates_historical-1.pdf (PBS historical indices; category unavailable)
2024-04-01,2024,April,4,FY2023-24,Urban,"Housing, Water, Electricity, Gas & Fuels",,,,,https://www.pbs.gov.pk/wp-content/uploads/2020/07/indices_and_growth_rates_historical-1.pdf (PBS historical indices; category unavailable)
2024-04-01,2024,April,4,FY2023-24,Urban,Furnishing & Household Equipment Maintenance,,,,,https://www.pbs.gov.pk/wp-content/uploads/2020/07/indices_and_growth_rates_historical-1.pdf (PBS historical indices; category unavailable)
2024-04-01,2024,April,4,FY2023-24,Urban,Health,,,,,https://www.pbs.gov.pk/wp-content/uploads/2020/07/indices_and_growth_rates_historical-1.pdf (PBS historical indices; category unavailable)
2024-04-01,2024,April,4,FY2023-24,Urban,Transport,,,,,https://www.pbs.gov.pk/wp-content/uploads/2020/07/indices_and_growth_rates_historical-1.pdf (PBS historical indices; category unavailable)
2024-04-01,2024,April,4,FY2023-24,Urban,Communication,,,,,https://www.pbs.gov.pk/wp-content/uploads/2020/07/indices_and_growth_rates_historical-1.pdf (PBS historical indices; category unavailable)
2024-04-01,2024,April,4,FY2023-24,Urban,Recreation & Culture,,,,,https://www.pbs.gov.pk/wp-content/uploads/2020/07/indices_and_growth_rates_historical-1.pdf (PBS historical indices; category unavailable)
2024-04-01,2024,April,4,FY2023-24,Urban,Education,,,,,https://www.pbs.gov.pk/wp-content/uploads/2020/07/indices_and_growth_rates_historical-1.pdf (PBS historical indices; category unavailable)
2024-04-01,2024,April,4,FY2023-24,Urban,Restaurants & Hotels,,,,,https://www.pbs.gov.pk/wp-content/uploads/2020/07/indices_and_growth_rates_historical-1.pdf (PBS historical indices; category unavailable)
2024-04-01,2024,April,4,FY2023-24,Urban,Miscellaneous Goods & Services,,,,,https://www.pbs.gov.pk/wp-content/uploads/2020/07/indices_and_growth_rates_historical-1.pdf (PBS historical indices; category unavailable)
2024-04-01,2024,April,4,FY2023-24,Rural,Food & Non-Alcoholic Beverages,,,,,https://www.pbs.gov.pk/wp-content/uploads/2020/07/indices_and_growth_rates_historical-1.pdf (PBS historical indices; category unavailable)
2024-04-01,2024,April,4,FY2023-24,Rural,Alcoholic Beverages & Tobacco,,,,,https://www.pbs.gov.pk/wp-content/uploads/2020/07/indices_and_growth_rates_historical-1.pdf (PBS historical indices; category unavailable)
2024-04-01,2024,April,4,FY2023-24,Rural,Clothing & Footwear,,,,,https://www.pbs.gov.pk/wp-content/uploads/2020/07/indices_and_growth_rates_historical-1.pdf (PBS historical indices; category unavailable)
2024-04-01,2024,April,4,FY2023-24,Rural,"Housing, Water, Electricity, Gas & Fuels",,,,,https://www.pbs.gov.pk/wp-content/uploads/2020/07/indices_and_growth_rates_historical-1.pdf (PBS historical indices; category unavailable)
2024-04-01,2024,April,4,FY2023-24,Rural,Furnishing & Household Equipment Maintenance,,,,,https://www.pbs.gov.pk/wp-content/uploads/2020/07/indices_and_growth_rates_historical-1.pdf (PBS historical indices; category unavailable)
2024-04-01,2024,April,4,FY2023-24,Rural,Health,,,,,https://www.pbs.gov.pk/wp-content/uploads/2020/07/indices_and_growth_rates_historical-1.pdf (PBS historical indices; category unavailable)
2024-04-01,2024,April,4,FY2023-24,Rural,Transport,,,,,https://www.pbs.gov.pk/wp-content/uploads/2020/07/indices_and_growth_rates_historical-1.pdf (PBS historical indices; category unavailable)
2024-04-01,2024,April,4,FY2023-24,Rural,Communication,,,,,https://www.pbs.gov.pk/wp-content/uploads/2020/07/indices_and_growth_rates_historical-1.pdf (PBS historical indices; category unavailable)
2024-04-01,2024,April,4,FY2023-24,Rural,Recreation & Culture,,,,,https://www.pbs.gov.pk/wp-content/uploads/2020/07/indices_and_growth_rates_historical-1.pdf (PBS historical indices; category unavailable)
2024-04-01,2024,April,4,FY2023-24,Rural,Education,,,,,https://www.pbs.gov.pk/wp-content/uploads/2020/07/indices_and_growth_rates_historical-1.pdf (PBS historical indices; category unavailable)
2024-04-01,2024,April,4,FY2023-24,Rural,Restaurants & Hotels,,,,,https://www.pbs.gov.pk/wp-content/uploads/2020/07/indices_and_growth_rates_historical-1.pdf (PBS historical indices; category unavailable)
2024-04-01,2024,April,4,FY2023-24,Rural,Miscellaneous Goods & Services,,,,,https://www.pbs.gov.pk/wp-content/uploads/2020/07/indices_and_growth_rates_historical-1.pdf (PBS historical indices; category unavailable)
2024-05-01,2024,May,5,FY2023-24,National,Food & Non-Alcoholic Beverages,,,,,https://www.pbs.gov.pk/wp-content/uploads/2020/07/indices_and_growth_rates_historical-1.pdf (PBS historical indices; category unavailable)
2024-05-01,2024,May,5,FY2023-24,National,Alcoholic Beverages & Tobacco,,,,,https://www.pbs.gov.pk/wp-content/uploads/2020/07/indices_and_growth_rates_historical-1.pdf (PBS historical indices; category unavailable)
2024-05-01,2024,May,5,FY2023-24,National,Clothing & Footwear,,,,,https://www.pbs.gov.pk/wp-content/uploads/2020/07/indices_and_growth_rates_historical-1.pdf (PBS historical indices; category unavailable)
2024-05-01,2024,May,5,FY2023-24,National,"Housing, Water, Electricity, Gas & Fuels",,,,,https://www.pbs.gov.pk/wp-content/uploads/2020/07/indices_and_growth_rates_historical-1.pdf (PBS historical indices; category unavailable)
2024-05-01,2024,May,5,FY2023-24,National,Furnishing & Household Equipment Maintenance,,,,,https://www.pbs.gov.pk/wp-content/uploads/2020/07/indices_and_growth_rates_historical-1.pdf (PBS historical indices; category unavailable)
2024-05-01,2024,May,5,FY2023-24,National,Health,,,,,https://www.pbs.gov.pk/wp-content/uploads/2020/07/indices_and_growth_rates_historical-1.pdf (PBS historical indices; category unavailable)
2024-05-01,2024,May,5,FY2023-24,National,Transport,,,,,https://www.pbs.gov.pk/wp-content/uploads/2020/07/indices_and_growth_rates_historical-1.pdf (PBS historical indices; category unavailable)
2024-05-01,2024,May,5,FY2023-24,National,Communication,,,,,https://www.pbs.gov.pk/wp-content/uploads/2020/07/indices_and_growth_rates_historical-1.pdf (PBS historical indices; category unavailable)
2024-05-01,2024,May,5,FY2023-24,National,Recreation & Culture,,,,,https://www.pbs.gov.pk/wp-content/uploads/2020/07/indices_and_growth_rates_historical-1.pdf (PBS historical indices; category unavailable)
2024-05-01,2024,May,5,FY2023-24,National,Education,,,,,https://www.pbs.gov.pk/wp-content/uploads/2020/07/indices_and_growth_rates_historical-1.pdf (PBS historical indices; category unavailable)
2024-05-01,2024,May,5,FY2023-24,National,Restaurants & Hotels,,,,,https://www.pbs.gov.pk/wp-content/uploads/2020/07/indices_and_growth_rates_historical-1.pdf (PBS historical indices; category unavailable)
2024-05-01,2024,May,5,FY2023-24,National,Miscellaneous Goods & Services,,,,,https://www.pbs.gov.pk/wp-content/uploads/2020/07/indices_and_growth_rates_historical-1.pdf (PBS historical indices; category unavailable)
2024-05-01,2024,May,5,FY2023-24,Urban,Food & Non-Alcoholic Beverages,,,,,https://www.pbs.gov.pk/wp-content/uploads/2020/07/indices_and_growth_rates_historical-1.pdf (PBS historical indices; category unavailable)
2024-05-01,2024,May,5,FY2023-24,Urban,Alcoholic Beverages & Tobacco,,,,,https://www.pbs.gov.pk/wp-content/uploads/2020/07/indices_and_growth_rates_historical-1.pdf (PBS historical indices; category unavailable)
2024-05-01,2024,May,5,FY2023-24,Urban,Clothing & Footwear,,,,,https://www.pbs.gov.pk/wp-content/uploads/2020/07/indices_and_growth_rates_historical-1.pdf (PBS historical indices; category unavailable)
2024-05-01,2024,May,5,FY2023-24,Urban,"Housing, Water, Electricity, Gas & Fuels",,,,,https://www.pbs.gov.pk/wp-content/uploads/2020/07/indices_and_growth_rates_historical-1.pdf (PBS historical indices; category unavailable)
2024-05-01,2024,May,5,FY2023-24,Urban,Furnishing & Household Equipment Maintenance,,,,,https://www.pbs.gov.pk/wp-content/uploads/2020/07/indices_and_growth_rates_historical-1.pdf (PBS historical indices; category unavailable)
2024-05-01,2024,May,5,FY2023-24,Urban,Health,,,,,https://www.pbs.gov.pk/wp-content/uploads/2020/07/indices_and_growth_rates_historical-1.pdf (PBS historical indices; category unavailable)
2024-05-01,2024,May,5,FY2023-24,Urban,Transport,,,,,https://www.pbs.gov.pk/wp-content/uploads/2020/07/indices_and_growth_rates_historical-1.pdf (PBS historical indices; category unavailable)
2024-05-01,2024,May,5,FY2023-24,Urban,Communication,,,,,https://www.pbs.gov.pk/wp-content/uploads/2020/07/indices_and_growth_rates_historical-1.pdf (PBS historical indices; category unavailable)
2024-05-01,2024,May,5,FY2023-24,Urban,Recreation & Culture,,,,,https://www.pbs.gov.pk/wp-content/uploads/2020/07/indices_and_growth_rates_historical-1.pdf (PBS historical indices; category unavailable)
2024-05-01,2024,May,5,FY2023-24,Urban,Education,,,,,https://www.pbs.gov.pk/wp-content/uploads/2020/07/indices_and_growth_rates_historical-1.pdf (PBS historical indices; category unavailable)
2024-05-01,2024,May,5,FY2023-24,Urban,Restaurants & Hotels,,,,,https://www.pbs.gov.pk/wp-content/uploads/2020/07/indices_and_growth_rates_historical-1.pdf (PBS historical indices; category unavailable)
2024-05-01,2024,May,5,FY2023-24,Urban,Miscellaneous Goods & Services,,,,,https://www.pbs.gov.pk/wp-content/uploads/2020/07/indices_and_growth_rates_historical-1.pdf (PBS historical indices; category unavailable)
2024-05-01,2024,May,5,FY2023-24,Rural,Food & Non-Alcoholic Beverages,,,,,https://www.pbs.gov.pk/wp-content/uploads/2020/07/indices_and_growth_rates_historical-1.pdf (PBS historical indices; category unavailable)
2024-05-01,2024,May,5,FY2023-24,Rural,Alcoholic Beverages & Tobacco,,,,,https://www.pbs.gov.pk/wp-content/uploads/2020/07/indices_and_growth_rates_historical-1.pdf (PBS historical indices; category unavailable)
2024-05-01,2024,May,5,FY2023-24,Rural,Clothing & Footwear,,,,,https://www.pbs.gov.pk/wp-content/uploads/2020/07/indices_and_growth_rates_historical-1.pdf (PBS historical indices; category unavailable)
2024-05-01,2024,May,5,FY2023-24,Rural,"Housing, Water, Electricity, Gas & Fuels",,,,,https://www.pbs.gov.pk/wp-content/uploads/2020/07/indices_and_growth_rates_historical-1.pdf (PBS historical indices; category unavailable)
2024-05-01,2024,May,5,FY2023-24,Rural,Furnishing & Household Equipment Maintenance,,,,,https://www.pbs.gov.pk/wp-content/uploads/2020/07/indices_and_growth_rates_historical-1.pdf (PBS historical indices; category unavailable)
2024-05-01,2024,May,5,FY2023-24,Rural,Health,,,,,https://www.pbs.gov.pk/wp-content/uploads/2020/07/indices_and_growth_rates_historical-1.pdf (PBS historical indices; category unavailable)
2024-05-01,2024,May,5,FY2023-24,Rural,Transport,,,,,https://www.pbs.gov.pk/wp-content/uploads/2020/07/indices_and_growth_rates_historical-1.pdf (PBS historical indices; category unavailable)
2024-05-01,2024,May,5,FY2023-24,Rural,Communication,,,,,https://www.pbs.gov.pk/wp-content/uploads/2020/07/indices_and_growth_rates_historical-1.pdf (PBS historical indices; category unavailable)
2024-05-01,2024,May,5,FY2023-24,Rural,Recreation & Culture,,,,,https://www.pbs.gov.pk/wp-content/uploads/2020/07/indices_and_growth_rates_historical-1.pdf (PBS historical indices; category unavailable)
2024-05-01,2024,May,5,FY2023-24,Rural,Education,,,,,https://www.pbs.gov.pk/wp-content/uploads/2020/07/indices_and_growth_rates_historical-1.pdf (PBS historical indices; category unavailable)
2024-05-01,2024,May,5,FY2023-24,Rural,Restaurants & Hotels,,,,,https://www.pbs.gov.pk/wp-content/uploads/2020/07/indices_and_growth_rates_historical-1.pdf (PBS historical indices; category unavailable)
2024-05-01,2024,May,5,FY2023-24,Rural,Miscellaneous Goods & Services,,,,,https://www.pbs.gov.pk/wp-content/uploads/2020/07/indices_and_growth_rates_historical-1.pdf (PBS historical indices; category unavailable)
2024-06-01,2024,June,6,FY2023-24,National,Food & Non-Alcoholic Beverages,,,,,https://www.pbs.gov.pk/wp-content/uploads/2020/07/indices_and_growth_rates_historical-1.pdf (PBS historical indices; category unavailable)
2024-06-01,2024,June,6,FY2023-24,National,Alcoholic Beverages & Tobacco,,,,,https://www.pbs.gov.pk/wp-content/uploads/2020/07/indices_and_growth_rates_historical-1.pdf (PBS historical indices; category unavailable)
2024-06-01,2024,June,6,FY2023-24,National,Clothing & Footwear,,,,,https://www.pbs.gov.pk/wp-content/uploads/2020/07/indices_and_growth_rates_historical-1.pdf (PBS historical indices; category unavailable)
2024-06-01,2024,June,6,FY2023-24,National,"Housing, Water, Electricity, Gas & Fuels",,,,,https://www.pbs.gov.pk/wp-content/uploads/2020/07/indices_and_growth_rates_historical-1.pdf (PBS historical indices; category unavailable)
2024-06-01,2024,June,6,FY2023-24,National,Furnishing & Household Equipment Maintenance,,,,,https://www.pbs.gov.pk/wp-content/uploads/2020/07/indices_and_growth_rates_historical-1.pdf (PBS historical indices; category unavailable)
2024-06-01,2024,June,6,FY2023-24,National,Health,,,,,https://www.pbs.gov.pk/wp-content/uploads/2020/07/indices_and_growth_rates_historical-1.pdf (PBS historical indices; category unavailable)
2024-06-01,2024,June,6,FY2023-24,National,Transport,,,,,https://www.pbs.gov.pk/wp-content/uploads/2020/07/indices_and_growth_rates_historical-1.pdf (PBS historical indices; category unavailable)
2024-06-01,2024,June,6,FY2023-24,National,Communication,,,,,https://www.pbs.gov.pk/wp-content/uploads/2020/07/indices_and_growth_rates_historical-1.pdf (PBS historical indices; category unavailable)
2024-06-01,2024,June,6,FY2023-24,National,Recreation & Culture,,,,,https://www.pbs.gov.pk/wp-content/uploads/2020/07/indices_and_growth_rates_historical-1.pdf (PBS historical indices; category unavailable)
2024-06-01,2024,June,6,FY2023-24,National,Education,,,,,https://www.pbs.gov.pk/wp-content/uploads/2020/07/indices_and_growth_rates_historical-1.pdf (PBS historical indices; category unavailable)
2024-06-01,2024,June,6,FY2023-24,National,Restaurants & Hotels,,,,,https://www.pbs.gov.pk/wp-content/uploads/2020/07/indices_and_growth_rates_historical-1.pdf (PBS historical indices; category unavailable)
2024-06-01,2024,June,6,FY2023-24,National,Miscellaneous Goods & Services,,,,,https://www.pbs.gov.pk/wp-content/uploads/2020/07/indices_and_growth_rates_historical-1.pdf (PBS historical indices; category unavailable)
2024-06-01,2024,June,6,FY2023-24,Urban,Food & Non-Alcoholic Beverages,,,,,https://www.pbs.gov.pk/wp-content/uploads/2020/07/indices_and_growth_rates_historical-1.pdf (PBS historical indices; category unavailable)
2024-06-01,2024,June,6,FY2023-24,Urban,Alcoholic Beverages & Tobacco,,,,,https://www.pbs.gov.pk/wp-content/uploads/2020/07/indices_and_growth_rates_historical-1.pdf (PBS historical indices; category unavailable)
2024-06-01,2024,June,6,FY2023-24,Urban,Clothing & Footwear,,,,,https://www.pbs.gov.pk/wp-content/uploads/2020/07/indices_and_growth_rates_historical-1.pdf (PBS historical indices; category unavailable)
2024-06-01,2024,June,6,FY2023-24,Urban,"Housing, Water, Electricity, Gas & Fuels",,,,,https://www.pbs.gov.pk/wp-content/uploads/2020/07/indices_and_growth_rates_historical-1.pdf (PBS historical indices; category unavailable)
2024-06-01,2024,June,6,FY2023-24,Urban,Furnishing & Household Equipment Maintenance,,,,,https://www.pbs.gov.pk/wp-content/uploads/2020/07/indices_and_growth_rates_historical-1.pdf (PBS historical indices; category unavailable)
2024-06-01,2024,June,6,FY2023-24,Urban,Health,,,,,https://www.pbs.gov.pk/wp-content/uploads/2020/07/indices_and_growth_rates_historical-1.pdf (PBS historical indices; category unavailable)
2024-06-01,2024,June,6,FY2023-24,Urban,Transport,,,,,https://www.pbs.gov.pk/wp-content/uploads/2020/07/indices_and_growth_rates_historical-1.pdf (PBS historical indices; category unavailable)
2024-06-01,2024,June,6,FY2023-24,Urban,Communication,,,,,https://www.pbs.gov.pk/wp-content/uploads/2020/07/indices_and_growth_rates_historical-1.pdf (PBS historical indices; category unavailable)
2024-06-01,2024,June,6,FY2023-24,Urban,Recreation & Culture,,,,,https://www.pbs.gov.pk/wp-content/uploads/2020/07/indices_and_growth_rates_historical-1.pdf (PBS historical indices; category unavailable)
2024-06-01,2024,June,6,FY2023-24,Urban,Education,,,,,https://www.pbs.gov.pk/wp-content/uploads/2020/07/indices_and_growth_rates_historical-1.pdf (PBS historical indices; category unavailable)
2024-06-01,2024,June,6,FY2023-24,Urban,Restaurants & Hotels,,,,,https://www.pbs.gov.pk/wp-content/uploads/2020/07/indices_and_growth_rates_historical-1.pdf (PBS historical indices; category unavailable)
2024-06-01,2024,June,6,FY2023-24,Urban,Miscellaneous Goods & Services,,,,,https://www.pbs.gov.pk/wp-content/uploads/2020/07/indices_and_growth_rates_historical-1.pdf (PBS historical indices; category unavailable)
2024-06-01,2024,June,6,FY2023-24,Rural,Food & Non-Alcoholic Beverages,,,,,https://www.pbs.gov.pk/wp-content/uploads/2020/07/indices_and_growth_rates_historical-1.pdf (PBS historical indices; category unavailable)
2024-06-01,2024,June,6,FY2023-24,Rural,Alcoholic Beverages & Tobacco,,,,,https://www.pbs.gov.pk/wp-content/uploads/2020/07/indices_and_growth_rates_historical-1.pdf (PBS historical indices; category unavailable)
2024-06-01,2024,June,6,FY2023-24,Rural,Clothing & Footwear,,,,,https://www.pbs.gov.pk/wp-content/uploads/2020/07/indices_and_growth_rates_historical-1.pdf (PBS historical indices; category unavailable)
2024-06-01,2024,June,6,FY2023-24,Rural,"Housing, Water, Electricity, Gas & Fuels",,,,,https://www.pbs.gov.pk/wp-content/uploads/2020/07/indices_and_growth_rates_historical-1.pdf (PBS historical indices; category unavailable)
2024-06-01,2024,June,6,FY2023-24,Rural,Furnishing & Household Equipment Maintenance,,,,,https://www.pbs.gov.pk/wp-content/uploads/2020/07/indices_and_growth_rates_historical-1.pdf (PBS historical indices; category unavailable)
2024-06-01,2024,June,6,FY2023-24,Rural,Health,,,,,https://www.pbs.gov.pk/wp-content/uploads/2020/07/indices_and_growth_rates_historical-1.pdf (PBS historical indices; category unavailable)
2024-06-01,2024,June,6,FY2023-24,Rural,Transport,,,,,https://www.pbs.gov.pk/wp-content/uploads/2020/07/indices_and_growth_rates_historical-1.pdf (PBS historical indices; category unavailable)
2024-06-01,2024,June,6,FY2023-24,Rural,Communication,,,,,https://www.pbs.gov.pk/wp-content/uploads/2020/07/indices_and_growth_rates_historical-1.pdf (PBS historical indices; category unavailable)
2024-06-01,2024,June,6,FY2023-24,Rural,Recreation & Culture,,,,,https://www.pbs.gov.pk/wp-content/uploads/2020/07/indices_and_growth_rates_historical-1.pdf (PBS historical indices; category unavailable)
2024-06-01,2024,June,6,FY2023-24,Rural,Education,,,,,https://www.pbs.gov.pk/wp-content/uploads/2020/07/indices_and_growth_rates_historical-1.pdf (PBS historical indices; category unavailable)
2024-06-01,2024,June,6,FY2023-24,Rural,Restaurants & Hotels,,,,,https://www.pbs.gov.pk/wp-content/uploads/2020/07/indices_and_growth_rates_historical-1.pdf (PBS historical indices; category unavailable)
2024-06-01,2024,June,6,FY2023-24,Rural,Miscellaneous Goods & Services,,,,,https://www.pbs.gov.pk/wp-content/uploads/2020/07/indices_and_growth_rates_historical-1.pdf (PBS historical indices; category unavailable)
2024-07-01,2024,July,7,FY2024-25,National,Food & Non-Alcoholic Beverages,,,,,https://www.pbs.gov.pk/wp-content/uploads/2020/07/indices_and_growth_rates_historical-1.pdf (PBS historical indices; category unavailable)
2024-07-01,2024,July,7,FY2024-25,National,Alcoholic Beverages & Tobacco,,,,,https://www.pbs.gov.pk/wp-content/uploads/2020/07/indices_and_growth_rates_historical-1.pdf (PBS historical indices; category unavailable)
2024-07-01,2024,July,7,FY2024-25,National,Clothing & Footwear,,,,,https://www.pbs.gov.pk/wp-content/uploads/2020/07/indices_and_growth_rates_historical-1.pdf (PBS historical indices; category unavailable)
2024-07-01,2024,July,7,FY2024-25,National,"Housing, Water, Electricity, Gas & Fuels",,,,,https://www.pbs.gov.pk/wp-content/uploads/2020/07/indices_and_growth_rates_historical-1.pdf (PBS historical indices; category unavailable)
2024-07-01,2024,July,7,FY2024-25,National,Furnishing & Household Equipment Maintenance,,,,,https://www.pbs.gov.pk/wp-content/uploads/2020/07/indices_and_growth_rates_historical-1.pdf (PBS historical indices; category unavailable)
2024-07-01,2024,July,7,FY2024-25,National,Health,,,,,https://www.pbs.gov.pk/wp-content/uploads/2020/07/indices_and_growth_rates_historical-1.pdf (PBS historical indices; category unavailable)
2024-07-01,2024,July,7,FY2024-25,National,Transport,,,,,https://www.pbs.gov.pk/wp-content/uploads/2020/07/indices_and_growth_rates_historical-1.pdf (PBS historical indices; category unavailable)
2024-07-01,2024,July,7,FY2024-25,National,Communication,,,,,https://www.pbs.gov.pk/wp-content/uploads/2020/07/indices_and_growth_rates_historical-1.pdf (PBS historical indices; category unavailable)
2024-07-01,2024,July,7,FY2024-25,National,Recreation & Culture,,,,,https://www.pbs.gov.pk/wp-content/uploads/2020/07/indices_and_growth_rates_historical-1.pdf (PBS historical indices; category unavailable)
2024-07-01,2024,July,7,FY2024-25,National,Education,,,,,https://www.pbs.gov.pk/wp-content/uploads/2020/07/indices_and_growth_rates_historical-1.pdf (PBS historical indices; category unavailable)
2024-07-01,2024,July,7,FY2024-25,National,Restaurants & Hotels,,,,,https://www.pbs.gov.pk/wp-content/uploads/2020/07/indices_and_growth_rates_historical-1.pdf (PBS historical indices; category unavailable)
2024-07-01,2024,July,7,FY2024-25,National,Miscellaneous Goods & Services,,,,,https://www.pbs.gov.pk/wp-content/uploads/2020/07/indices_and_growth_rates_historical-1.pdf (PBS historical indices; category unavailable)
2024-07-01,2024,July,7,FY2024-25,Urban,Food & Non-Alcoholic Beverages,,,,,https://www.pbs.gov.pk/wp-content/uploads/2020/07/indices_and_growth_rates_historical-1.pdf (PBS historical indices; category unavailable)
2024-07-01,2024,July,7,FY2024-25,Urban,Alcoholic Beverages & Tobacco,,,,,https://www.pbs.gov.pk/wp-content/uploads/2020/07/indices_and_growth_rates_historical-1.pdf (PBS historical indices; category unavailable)
2024-07-01,2024,July,7,FY2024-25,Urban,Clothing & Footwear,,,,,https://www.pbs.gov.pk/wp-content/uploads/2020/07/indices_and_growth_rates_historical-1.pdf (PBS historical indices; category unavailable)
2024-07-01,2024,July,7,FY2024-25,Urban,"Housing, Water, Electricity, Gas & Fuels",,,,,https://www.pbs.gov.pk/wp-content/uploads/2020/07/indices_and_growth_rates_historical-1.pdf (PBS historical indices; category unavailable)
2024-07-01,2024,July,7,FY2024-25,Urban,Furnishing & Household Equipment Maintenance,,,,,https://www.pbs.gov.pk/wp-content/uploads/2020/07/indices_and_growth_rates_historical-1.pdf (PBS historical indices; category unavailable)
2024-07-01,2024,July,7,FY2024-25,Urban,Health,,,,,https://www.pbs.gov.pk/wp-content/uploads/2020/07/indices_and_growth_rates_historical-1.pdf (PBS historical indices; category unavailable)
2024-07-01,2024,July,7,FY2024-25,Urban,Transport,,,,,https://www.pbs.gov.pk/wp-content/uploads/2020/07/indices_and_growth_rates_historical-1.pdf (PBS historical indices; category unavailable)
2024-07-01,2024,July,7,FY2024-25,Urban,Communication,,,,,https://www.pbs.gov.pk/wp-content/uploads/2020/07/indices_and_growth_rates_historical-1.pdf (PBS historical indices; category unavailable)
2024-07-01,2024,July,7,FY2024-25,Urban,Recreation & Culture,,,,,https://www.pbs.gov.pk/wp-content/uploads/2020/07/indices_and_growth_rates_historical-1.pdf (PBS historical indices; category unavailable)
2024-07-01,2024,July,7,FY2024-25,Urban,Education,,,,,https://www.pbs.gov.pk/wp-content/uploads/2020/07/indices_and_growth_rates_historical-1.pdf (PBS historical indices; category unavailable)
2024-07-01,2024,July,7,FY2024-25,Urban,Restaurants & Hotels,,,,,https://www.pbs.gov.pk/wp-content/uploads/2020/07/indices_and_growth_rates_historical-1.pdf (PBS historical indices; category unavailable)
2024-07-01,2024,July,7,FY2024-25,Urban,Miscellaneous Goods & Services,,,,,https://www.pbs.gov.pk/wp-content/uploads/2020/07/indices_and_growth_rates_historical-1.pdf (PBS historical indices; category unavailable)
2024-07-01,2024,July,7,FY2024-25,Rural,Food & Non-Alcoholic Beverages,,,,,https://www.pbs.gov.pk/wp-content/uploads/2020/07/indices_and_growth_rates_historical-1.pdf (PBS historical indices; category unavailable)
2024-07-01,2024,July,7,FY2024-25,Rural,Alcoholic Beverages & Tobacco,,,,,https://www.pbs.gov.pk/wp-content/uploads/2020/07/indices_and_growth_rates_historical-1.pdf (PBS historical indices; category unavailable)
2024-07-01,2024,July,7,FY2024-25,Rural,Clothing & Footwear,,,,,https://www.pbs.gov.pk/wp-content/uploads/2020/07/indices_and_growth_rates_historical-1.pdf (PBS historical indices; category unavailable)
2024-07-01,2024,July,7,FY2024-25,Rural,"Housing, Water, Electricity, Gas & Fuels",,,,,https://www.pbs.gov.pk/wp-content/uploads/2020/07/indices_and_growth_rates_historical-1.pdf (PBS historical indices; category unavailable)
2024-07-01,2024,July,7,FY2024-25,Rural,Furnishing & Household Equipment Maintenance,,,,,https://www.pbs.gov.pk/wp-content/uploads/2020/07/indices_and_growth_rates_historical-1.pdf (PBS historical indices; category unavailable)
2024-07-01,2024,July,7,FY2024-25,Rural,Health,,,,,https://www.pbs.gov.pk/wp-content/uploads/2020/07/indices_and_growth_rates_historical-1.pdf (PBS historical indices; category unavailable)
2024-07-01,2024,July,7,FY2024-25,Rural,Transport,,,,,https://www.pbs.gov.pk/wp-content/uploads/2020/07/indices_and_growth_rates_historical-1.pdf (PBS historical indices; category unavailable)
2024-07-01,2024,July,7,FY2024-25,Rural,Communication,,,,,https://www.pbs.gov.pk/wp-content/uploads/2020/07/indices_and_growth_rates_historical-1.pdf (PBS historical indices; category unavailable)
2024-07-01,2024,July,7,FY2024-25,Rural,Recreation & Culture,,,,,https://www.pbs.gov.pk/wp-content/uploads/2020/07/indices_and_growth_rates_historical-1.pdf (PBS historical indices; category unavailable)
2024-07-01,2024,July,7,FY2024-25,Rural,Education,,,,,https://www.pbs.gov.pk/wp-content/uploads/2020/07/indices_and_growth_rates_historical-1.pdf (PBS historical indices; category unavailable)
2024-07-01,2024,July,7,FY2024-25,Rural,Restaurants & Hotels,,,,,https://www.pbs.gov.pk/wp-content/uploads/2020/07/indices_and_growth_rates_historical-1.pdf (PBS historical indices; category unavailable)
2024-07-01,2024,July,7,FY2024-25,Rural,Miscellaneous Goods & Services,,,,,https://www.pbs.gov.pk/wp-content/uploads/2020/07/indices_and_growth_rates_historical-1.pdf (PBS historical indices; category unavailable)
2024-08-01,2024,August,8,FY2024-25,National,Food & Non-Alcoholic Beverages,,,,,https://www.pbs.gov.pk/wp-content/uploads/2020/07/indices_and_growth_rates_historical-1.pdf (PBS historical indices; category unavailable)
2024-08-01,2024,August,8,FY2024-25,National,Alcoholic Beverages & Tobacco,,,,,https://www.pbs.gov.pk/wp-content/uploads/2020/07/indices_and_growth_rates_historical-1.pdf (PBS historical indices; category unavailable)
2024-08-01,2024,August,8,FY2024-25,National,Clothing & Footwear,,,,,https://www.pbs.gov.pk/wp-content/uploads/2020/07/indices_and_growth_rates_historical-1.pdf (PBS historical indices; category unavailable)
2024-08-01,2024,August,8,FY2024-25,National,"Housing, Water, Electricity, Gas & Fuels",,,,,https://www.pbs.gov.pk/wp-content/uploads/2020/07/indices_and_growth_rates_historical-1.pdf (PBS historical indices; category unavailable)
2024-08-01,2024,August,8,FY2024-25,National,Furnishing & Household Equipment Maintenance,,,,,https://www.pbs.gov.pk/wp-content/uploads/2020/07/indices_and_growth_rates_historical-1.pdf (PBS historical indices; category unavailable)
2024-08-01,2024,August,8,FY2024-25,National,Health,,,,,https://www.pbs.gov.pk/wp-content/uploads/2020/07/indices_and_growth_rates_historical-1.pdf (PBS historical indices; category unavailable)
2024-08-01,2024,August,8,FY2024-25,National,Transport,,,,,https://www.pbs.gov.pk/wp-content/uploads/2020/07/indices_and_growth_rates_historical-1.pdf (PBS historical indices; category unavailable)
2024-08-01,2024,August,8,FY2024-25,National,Communication,,,,,https://www.pbs.gov.pk/wp-content/uploads/2020/07/indices_and_growth_rates_historical-1.pdf (PBS historical indices; category unavailable)
2024-08-01,2024,August,8,FY2024-25,National,Recreation & Culture,,,,,https://www.pbs.gov.pk/wp-content/uploads/2020/07/indices_and_growth_rates_historical-1.pdf (PBS historical indices; category unavailable)
2024-08-01,2024,August,8,FY2024-25,National,Education,,,,,https://www.pbs.gov.pk/wp-content/uploads/2020/07/indices_and_growth_rates_historical-1.pdf (PBS historical indices; category unavailable)
2024-08-01,2024,August,8,FY2024-25,National,Restaurants & Hotels,,,,,https://www.pbs.gov.pk/wp-content/uploads/2020/07/indices_and_growth_rates_historical-1.pdf (PBS historical indices; category unavailable)
2024-08-01,2024,August,8,FY2024-25,National,Miscellaneous Goods & Services,,,,,https://www.pbs.gov.pk/wp-content/uploads/2020/07/indices_and_growth_rates_historical-1.pdf (PBS historical indices; category unavailable)
2024-08-01,2024,August,8,FY2024-25,Urban,Food & Non-Alcoholic Beverages,,,,,https://www.pbs.gov.pk/wp-content/uploads/2020/07/indices_and_growth_rates_historical-1.pdf (PBS historical indices; category unavailable)
2024-08-01,2024,August,8,FY2024-25,Urban,Alcoholic Beverages & Tobacco,,,,,https://www.pbs.gov.pk/wp-content/uploads/2020/07/indices_and_growth_rates_historical-1.pdf (PBS historical indices; category unavailable)
2024-08-01,2024,August,8,FY2024-25,Urban,Clothing & Footwear,,,,,https://www.pbs.gov.pk/wp-content/uploads/2020/07/indices_and_growth_rates_historical-1.pdf (PBS historical indices; category unavailable)
2024-08-01,2024,August,8,FY2024-25,Urban,"Housing, Water, Electricity, Gas & Fuels",,,,,https://www.pbs.gov.pk/wp-content/uploads/2020/07/indices_and_growth_rates_historical-1.pdf (PBS historical indices; category unavailable)
2024-08-01,2024,August,8,FY2024-25,Urban,Furnishing & Household Equipment Maintenance,,,,,https://www.pbs.gov.pk/wp-content/uploads/2020/07/indices_and_growth_rates_historical-1.pdf (PBS historical indices; category unavailable)
2024-08-01,2024,August,8,FY2024-25,Urban,Health,,,,,https://www.pbs.gov.pk/wp-content/uploads/2020/07/indices_and_growth_rates_historical-1.pdf (PBS historical indices; category unavailable)
2024-08-01,2024,August,8,FY2024-25,Urban,Transport,,,,,https://www.pbs.gov.pk/wp-content/uploads/2020/07/indices_and_growth_rates_historical-1.pdf (PBS historical indices; category unavailable)
2024-08-01,2024,August,8,FY2024-25,Urban,Communication,,,,,https://www.pbs.gov.pk/wp-content/uploads/2020/07/indices_and_growth_rates_historical-1.pdf (PBS historical indices; category unavailable)
2024-08-01,2024,August,8,FY2024-25,Urban,Recreation & Culture,,,,,https://www.pbs.gov.pk/wp-content/uploads/2020/07/indices_and_growth_rates_historical-1.pdf (PBS historical indices; category unavailable)
2024-08-01,2024,August,8,FY2024-25,Urban,Education,,,,,https://www.pbs.gov.pk/wp-content/uploads/2020/07/indices_and_growth_rates_historical-1.pdf (PBS historical indices; category unavailable)
2024-08-01,2024,August,8,FY2024-25,Urban,Restaurants & Hotels,,,,,https://www.pbs.gov.pk/wp-content/uploads/2020/07/indices_and_growth_rates_historical-1.pdf (PBS historical indices; category unavailable)
2024-08-01,2024,August,8,FY2024-25,Urban,Miscellaneous Goods & Services,,,,,https://www.pbs.gov.pk/wp-content/uploads/2020/07/indices_and_growth_rates_historical-1.pdf (PBS historical indices; category unavailable)
2024-08-01,2024,August,8,FY2024-25,Rural,Food & Non-Alcoholic Beverages,,,,,https://www.pbs.gov.pk/wp-content/uploads/2020/07/indices_and_growth_rates_historical-1.pdf (PBS historical indices; category unavailable)
2024-08-01,2024,August,8,FY2024-25,Rural,Alcoholic Beverages & Tobacco,,,,,https://www.pbs.gov.pk/wp-content/uploads/2020/07/indices_and_growth_rates_historical-1.pdf (PBS historical indices; category unavailable)
2024-08-01,2024,August,8,FY2024-25,Rural,Clothing & Footwear,,,,,https://www.pbs.gov.pk/wp-content/uploads/2020/07/indices_and_growth_rates_historical-1.pdf (PBS historical indices; category unavailable)
2024-08-01,2024,August,8,FY2024-25,Rural,"Housing, Water, Electricity, Gas & Fuels",,,,,https://www.pbs.gov.pk/wp-content/uploads/2020/07/indices_and_growth_rates_historical-1.pdf (PBS historical indices; category unavailable)
2024-08-01,2024,August,8,FY2024-25,Rural,Furnishing & Household Equipment Maintenance,,,,,https://www.pbs.gov.pk/wp-content/uploads/2020/07/indices_and_growth_rates_historical-1.pdf (PBS historical indices; category unavailable)
2024-08-01,2024,August,8,FY2024-25,Rural,Health,,,,,https://www.pbs.gov.pk/wp-content/uploads/2020/07/indices_and_growth_rates_historical-1.pdf (PBS historical indices; category unavailable)
2024-08-01,2024,August,8,FY2024-25,Rural,Transport,,,,,https://www.pbs.gov.pk/wp-content/uploads/2020/07/indices_and_growth_rates_historical-1.pdf (PBS historical indices; category unavailable)
2024-08-01,2024,August,8,FY2024-25,Rural,Communication,,,,,https://www.pbs.gov.pk/wp-content/uploads/2020/07/indices_and_growth_rates_historical-1.pdf (PBS historical indices; category unavailable)
2024-08-01,2024,August,8,FY2024-25,Rural,Recreation & Culture,,,,,https://www.pbs.gov.pk/wp-content/uploads/2020/07/indices_and_growth_rates_historical-1.pdf (PBS historical indices; category unavailable)
2024-08-01,2024,August,8,FY2024-25,Rural,Education,,,,,https://www.pbs.gov.pk/wp-content/uploads/2020/07/indices_and_growth_rates_historical-1.pdf (PBS historical indices; category unavailable)
2024-08-01,2024,August,8,FY2024-25,Rural,Restaurants & Hotels,,,,,https://www.pbs.gov.pk/wp-content/uploads/2020/07/indices_and_growth_rates_historical-1.pdf (PBS historical indices; category unavailable)
2024-08-01,2024,August,8,FY2024-25,Rural,Miscellaneous Goods & Services,,,,,https://www.pbs.gov.pk/wp-content/uploads/2020/07/indices_and_growth_rates_historical-1.pdf (PBS historical indices; category unavailable)
2024-09-01,2024,September,9,FY2024-25,National,Food & Non-Alcoholic Beverages,,,,,https://www.pbs.gov.pk/wp-content/uploads/2020/07/indices_and_growth_rates_historical-1.pdf (PBS historical indices; category unavailable)
2024-09-01,2024,September,9,FY2024-25,National,Alcoholic Beverages & Tobacco,,,,,https://www.pbs.gov.pk/wp-content/uploads/2020/07/indices_and_growth_rates_historical-1.pdf (PBS historical indices; category unavailable)
2024-09-01,2024,September,9,FY2024-25,National,Clothing & Footwear,,,,,https://www.pbs.gov.pk/wp-content/uploads/2020/07/indices_and_growth_rates_historical-1.pdf (PBS historical indices; category unavailable)
2024-09-01,2024,September,9,FY2024-25,National,"Housing, Water, Electricity, Gas & Fuels",,,,,https://www.pbs.gov.pk/wp-content/uploads/2020/07/indices_and_growth_rates_historical-1.pdf (PBS historical indices; category unavailable)
2024-09-01,2024,September,9,FY2024-25,National,Furnishing & Household Equipment Maintenance,,,,,https://www.pbs.gov.pk/wp-content/uploads/2020/07/indices_and_growth_rates_historical-1.pdf (PBS historical indices; category unavailable)
2024-09-01,2024,September,9,FY2024-25,National,Health,,,,,https://www.pbs.gov.pk/wp-content/uploads/2020/07/indices_and_growth_rates_historical-1.pdf (PBS historical indices; category unavailable)
2024-09-01,2024,September,9,FY2024-25,National,Transport,,,,,https://www.pbs.gov.pk/wp-content/uploads/2020/07/indices_and_growth_rates_historical-1.pdf (PBS historical indices; category unavailable)
2024-09-01,2024,September,9,FY2024-25,National,Communication,,,,,https://www.pbs.gov.pk/wp-content/uploads/2020/07/indices_and_growth_rates_historical-1.pdf (PBS historical indices; category unavailable)
2024-09-01,2024,September,9,FY2024-25,National,Recreation & Culture,,,,,https://www.pbs.gov.pk/wp-content/uploads/2020/07/indices_and_growth_rates_historical-1.pdf (PBS historical indices; category unavailable)
2024-09-01,2024,September,9,FY2024-25,National,Education,,,,,https://www.pbs.gov.pk/wp-content/uploads/2020/07/indices_and_growth_rates_historical-1.pdf (PBS historical indices; category unavailable)
2024-09-01,2024,September,9,FY2024-25,National,Restaurants & Hotels,,,,,https://www.pbs.gov.pk/wp-content/uploads/2020/07/indices_and_growth_rates_historical-1.pdf (PBS historical indices; category unavailable)
2024-09-01,2024,September,9,FY2024-25,National,Miscellaneous Goods & Services,,,,,https://www.pbs.gov.pk/wp-content/uploads/2020/07/indices_and_growth_rates_historical-1.pdf (PBS historical indices; category unavailable)
2024-09-01,2024,September,9,FY2024-25,Urban,Food & Non-Alcoholic Beverages,,,,,https://www.pbs.gov.pk/wp-content/uploads/2020/07/indices_and_growth_rates_historical-1.pdf (PBS historical indices; category unavailable)
2024-09-01,2024,September,9,FY2024-25,Urban,Alcoholic Beverages & Tobacco,,,,,https://www.pbs.gov.pk/wp-content/uploads/2020/07/indices_and_growth_rates_historical-1.pdf (PBS historical indices; category unavailable)
2024-09-01,2024,September,9,FY2024-25,Urban,Clothing & Footwear,,,,,https://www.pbs.gov.pk/wp-content/uploads/2020/07/indices_and_growth_rates_historical-1.pdf (PBS historical indices; category unavailable)
2024-09-01,2024,September,9,FY2024-25,Urban,"Housing, Water, Electricity, Gas & Fuels",,,,,https://www.pbs.gov.pk/wp-content/uploads/2020/07/indices_and_growth_rates_historical-1.pdf (PBS historical indices; category unavailable)
2024-09-01,2024,September,9,FY2024-25,Urban,Furnishing & Household Equipment Maintenance,,,,,https://www.pbs.gov.pk/wp-content/uploads/2020/07/indices_and_growth_rates_historical-1.pdf (PBS historical indices; category unavailable)
2024-09-01,2024,September,9,FY2024-25,Urban,Health,,,,,https://www.pbs.gov.pk/wp-content/uploads/2020/07/indices_and_growth_rates_historical-1.pdf (PBS historical indices; category unavailable)
2024-09-01,2024,September,9,FY2024-25,Urban,Transport,,,,,https://www.pbs.gov.pk/wp-content/uploads/2020/07/indices_and_growth_rates_historical-1.pdf (PBS historical indices; category unavailable)
2024-09-01,2024,September,9,FY2024-25,Urban,Communication,,,,,https://www.pbs.gov.pk/wp-content/uploads/2020/07/indices_and_growth_rates_historical-1.pdf (PBS historical indices; category unavailable)
2024-09-01,2024,September,9,FY2024-25,Urban,Recreation & Culture,,,,,https://www.pbs.gov.pk/wp-content/uploads/2020/07/indices_and_growth_rates_historical-1.pdf (PBS historical indices; category unavailable)
2024-09-01,2024,September,9,FY2024-25,Urban,Education,,,,,https://www.pbs.gov.pk/wp-content/uploads/2020/07/indices_and_growth_rates_historical-1.pdf (PBS historical indices; category unavailable)
2024-09-01,2024,September,9,FY2024-25,Urban,Restaurants & Hotels,,,,,https://www.pbs.gov.pk/wp-content/uploads/2020/07/indices_and_growth_rates_historical-1.pdf (PBS historical indices; category unavailable)
2024-09-01,2024,September,9,FY2024-25,Urban,Miscellaneous Goods & Services,,,,,https://www.pbs.gov.pk/wp-content/uploads/2020/07/indices_and_growth_rates_historical-1.pdf (PBS historical indices; category unavailable)
2024-09-01,2024,September,9,FY2024-25,Rural,Food & Non-Alcoholic Beverages,,,,,https://www.pbs.gov.pk/wp-content/uploads/2020/07/indices_and_growth_rates_historical-1.pdf (PBS historical indices; category unavailable)
2024-09-01,2024,September,9,FY2024-25,Rural,Alcoholic Beverages & Tobacco,,,,,https://www.pbs.gov.pk/wp-content/uploads/2020/07/indices_and_growth_rates_historical-1.pdf (PBS historical indices; category unavailable)
2024-09-01,2024,September,9,FY2024-25,Rural,Clothing & Footwear,,,,,https://www.pbs.gov.pk/wp-content/uploads/2020/07/indices_and_growth_rates_historical-1.pdf (PBS historical indices; category unavailable)
2024-09-01,2024,September,9,FY2024-25,Rural,"Housing, Water, Electricity, Gas & Fuels",,,,,https://www.pbs.gov.pk/wp-content/uploads/2020/07/indices_and_growth_rates_historical-1.pdf (PBS historical indices; category unavailable)
2024-09-01,2024,September,9,FY2024-25,Rural,Furnishing & Household Equipment Maintenance,,,,,https://www.pbs.gov.pk/wp-content/uploads/2020/07/indices_and_growth_rates_historical-1.pdf (PBS historical indices; category unavailable)
2024-09-01,2024,September,9,FY2024-25,Rural,Health,,,,,https://www.pbs.gov.pk/wp-content/uploads/2020/07/indices_and_growth_rates_historical-1.pdf (PBS historical indices; category unavailable)
2024-09-01,2024,September,9,FY2024-25,Rural,Transport,,,,,https://www.pbs.gov.pk/wp-content/uploads/2020/07/indices_and_growth_rates_historical-1.pdf (PBS historical indices; category unavailable)
2024-09-01,2024,September,9,FY2024-25,Rural,Communication,,,,,https://www.pbs.gov.pk/wp-content/uploads/2020/07/indices_and_growth_rates_historical-1.pdf (PBS historical indices; category unavailable)
2024-09-01,2024,September,9,FY2024-25,Rural,Recreation & Culture,,,,,https://www.pbs.gov.pk/wp-content/uploads/2020/07/indices_and_growth_rates_historical-1.pdf (PBS historical indices; category unavailable)
2024-09-01,2024,September,9,FY2024-25,Rural,Education,,,,,https://www.pbs.gov.pk/wp-content/uploads/2020/07/indices_and_growth_rates_historical-1.pdf (PBS historical indices; category unavailable)
2024-09-01,2024,September,9,FY2024-25,Rural,Restaurants & Hotels,,,,,https://www.pbs.gov.pk/wp-content/uploads/2020/07/indices_and_growth_rates_historical-1.pdf (PBS historical indices; category unavailable)
2024-09-01,2024,September,9,FY2024-25,Rural,Miscellaneous Goods & Services,,,,,https://www.pbs.gov.pk/wp-content/uploads/2020/07/indices_and_growth_rates_historical-1.pdf (PBS historical indices; category unavailable)
2024-10-01,2024,October,10,FY2024-25,National,Food & Non-Alcoholic Beverages,,,,,https://www.pbs.gov.pk/wp-content/uploads/2020/07/indices_and_growth_rates_historical-1.pdf (PBS historical indices; category unavailable)
2024-10-01,2024,October,10,FY2024-25,National,Alcoholic Beverages & Tobacco,,,,,https://www.pbs.gov.pk/wp-content/uploads/2020/07/indices_and_growth_rates_historical-1.pdf (PBS historical indices; category unavailable)
2024-10-01,2024,October,10,FY2024-25,National,Clothing & Footwear,,,,,https://www.pbs.gov.pk/wp-content/uploads/2020/07/indices_and_growth_rates_historical-1.pdf (PBS historical indices; category unavailable)
2024-10-01,2024,October,10,FY2024-25,National,"Housing, Water, Electricity, Gas & Fuels",,,,,https://www.pbs.gov.pk/wp-content/uploads/2020/07/indices_and_growth_rates_historical-1.pdf (PBS historical indices; category unavailable)
2024-10-01,2024,October,10,FY2024-25,National,Furnishing & Household Equipment Maintenance,,,,,https://www.pbs.gov.pk/wp-content/uploads/2020/07/indices_and_growth_rates_historical-1.pdf (PBS historical indices; category unavailable)
2024-10-01,2024,October,10,FY2024-25,National,Health,,,,,https://www.pbs.gov.pk/wp-content/uploads/2020/07/indices_and_growth_rates_historical-1.pdf (PBS historical indices; category unavailable)
2024-10-01,2024,October,10,FY2024-25,National,Transport,,,,,https://www.pbs.gov.pk/wp-content/uploads/2020/07/indices_and_growth_rates_historical-1.pdf (PBS historical indices; category unavailable)
2024-10-01,2024,October,10,FY2024-25,National,Communication,,,,,https://www.pbs.gov.pk/wp-content/uploads/2020/07/indices_and_growth_rates_historical-1.pdf (PBS historical indices; category unavailable)
2024-10-01,2024,October,10,FY2024-25,National,Recreation & Culture,,,,,https://www.pbs.gov.pk/wp-content/uploads/2020/07/indices_and_growth_rates_historical-1.pdf (PBS historical indices; category unavailable)
2024-10-01,2024,October,10,FY2024-25,National,Education,,,,,https://www.pbs.gov.pk/wp-content/uploads/2020/07/indices_and_growth_rates_historical-1.pdf (PBS historical indices; category unavailable)
2024-10-01,2024,October,10,FY2024-25,National,Restaurants & Hotels,,,,,https://www.pbs.gov.pk/wp-content/uploads/2020/07/indices_and_growth_rates_historical-1.pdf (PBS historical indices; category unavailable)
2024-10-01,2024,October,10,FY2024-25,National,Miscellaneous Goods & Services,,,,,https://www.pbs.gov.pk/wp-content/uploads/2020/07/indices_and_growth_rates_historical-1.pdf (PBS historical indices; category unavailable)
2024-10-01,2024,October,10,FY2024-25,Urban,Food & Non-Alcoholic Beverages,,,,,https://www.pbs.gov.pk/wp-content/uploads/2020/07/indices_and_growth_rates_historical-1.pdf (PBS historical indices; category unavailable)
2024-10-01,2024,October,10,FY2024-25,Urban,Alcoholic Beverages & Tobacco,,,,,https://www.pbs.gov.pk/wp-content/uploads/2020/07/indices_and_growth_rates_historical-1.pdf (PBS historical indices; category unavailable)
2024-10-01,2024,October,10,FY2024-25,Urban,Clothing & Footwear,,,,,https://www.pbs.gov.pk/wp-content/uploads/2020/07/indices_and_growth_rates_historical-1.pdf (PBS historical indices; category unavailable)
2024-10-01,2024,October,10,FY2024-25,Urban,"Housing, Water, Electricity, Gas & Fuels",,,,,https://www.pbs.gov.pk/wp-content/uploads/2020/07/indices_and_growth_rates_historical-1.pdf (PBS historical indices; category unavailable)
2024-10-01,2024,October,10,FY2024-25,Urban,Furnishing & Household Equipment Maintenance,,,,,https://www.pbs.gov.pk/wp-content/uploads/2020/07/indices_and_growth_rates_historical-1.pdf (PBS historical indices; category unavailable)
2024-10-01,2024,October,10,FY2024-25,Urban,Health,,,,,https://www.pbs.gov.pk/wp-content/uploads/2020/07/indices_and_growth_rates_historical-1.pdf (PBS historical indices; category unavailable)
2024-10-01,2024,October,10,FY2024-25,Urban,Transport,,,,,https://www.pbs.gov.pk/wp-content/uploads/2020/07/indices_and_growth_rates_historical-1.pdf (PBS historical indices; category unavailable)
2024-10-01,2024,October,10,FY2024-25,Urban,Communication,,,,,https://www.pbs.gov.pk/wp-content/uploads/2020/07/indices_and_growth_rates_historical-1.pdf (PBS historical indices; category unavailable)
2024-10-01,2024,October,10,FY2024-25,Urban,Recreation & Culture,,,,,https://www.pbs.gov.pk/wp-content/uploads/2020/07/indices_and_growth_rates_historical-1.pdf (PBS historical indices; category unavailable)
2024-10-01,2024,October,10,FY2024-25,Urban,Education,,,,,https://www.pbs.gov.pk/wp-content/uploads/2020/07/indices_and_growth_rates_historical-1.pdf (PBS historical indices; category unavailable)
2024-10-01,2024,October,10,FY2024-25,Urban,Restaurants & Hotels,,,,,https://www.pbs.gov.pk/wp-content/uploads/2020/07/indices_and_growth_rates_historical-1.pdf (PBS historical indices; category unavailable)
2024-10-01,2024,October,10,FY2024-25,Urban,Miscellaneous Goods & Services,,,,,https://www.pbs.gov.pk/wp-content/uploads/2020/07/indices_and_growth_rates_historical-1.pdf (PBS historical indices; category unavailable)
2024-10-01,2024,October,10,FY2024-25,Rural,Food & Non-Alcoholic Beverages,,,,,https://www.pbs.gov.pk/wp-content/uploads/2020/07/indices_and_growth_rates_historical-1.pdf (PBS historical indices; category unavailable)
2024-10-01,2024,October,10,FY2024-25,Rural,Alcoholic Beverages & Tobacco,,,,,https://www.pbs.gov.pk/wp-content/uploads/2020/07/indices_and_growth_rates_historical-1.pdf (PBS historical indices; category unavailable)
2024-10-01,2024,October,10,FY2024-25,Rural,Clothing & Footwear,,,,,https://www.pbs.gov.pk/wp-content/uploads/2020/07/indices_and_growth_rates_historical-1.pdf (PBS historical indices; category unavailable)
2024-10-01,2024,October,10,FY2024-25,Rural,"Housing, Water, Electricity, Gas & Fuels",,,,,https://www.pbs.gov.pk/wp-content/uploads/2020/07/indices_and_growth_rates_historical-1.pdf (PBS historical indices; category unavailable)
2024-10-01,2024,October,10,FY2024-25,Rural,Furnishing & Household Equipment Maintenance,,,,,https://www.pbs.gov.pk/wp-content/uploads/2020/07/indices_and_growth_rates_historical-1.pdf (PBS historical indices; category unavailable)
2024-10-01,2024,October,10,FY2024-25,Rural,Health,,,,,https://www.pbs.gov.pk/wp-content/uploads/2020/07/indices_and_growth_rates_historical-1.pdf (PBS historical indices; category unavailable)
2024-10-01,2024,October,10,FY2024-25,Rural,Transport,,,,,https://www.pbs.gov.pk/wp-content/uploads/2020/07/indices_and_growth_rates_historical-1.pdf (PBS historical indices; category unavailable)
2024-10-01,2024,October,10,FY2024-25,Rural,Communication,,,,,https://www.pbs.gov.pk/wp-content/uploads/2020/07/indices_and_growth_rates_historical-1.pdf (PBS historical indices; category unavailable)
2024-10-01,2024,October,10,FY2024-25,Rural,Recreation & Culture,,,,,https://www.pbs.gov.pk/wp-content/uploads/2020/07/indices_and_growth_rates_historical-1.pdf (PBS historical indices; category unavailable)
2024-10-01,2024,October,10,FY2024-25,Rural,Education,,,,,https://www.pbs.gov.pk/wp-content/uploads/2020/07/indices_and_growth_rates_historical-1.pdf (PBS historical indices; category unavailable)
2024-10-01,2024,October,10,FY2024-25,Rural,Restaurants & Hotels,,,,,https://www.pbs.gov.pk/wp-content/uploads/2020/07/indices_and_growth_rates_historical-1.pdf (PBS historical indices; category unavailable)
2024-10-01,2024,October,10,FY2024-25,Rural,Miscellaneous Goods & Services,,,,,https://www.pbs.gov.pk/wp-content/uploads/2020/07/indices_and_growth_rates_historical-1.pdf (PBS historical indices; category unavailable)
2024-11-01,2024,November,11,FY2024-25,National,Food & Non-Alcoholic Beverages,,,,,https://www.pbs.gov.pk/wp-content/uploads/2020/07/indices_and_growth_rates_historical-1.pdf (PBS historical indices; category unavailable)
2024-11-01,2024,November,11,FY2024-25,National,Alcoholic Beverages & Tobacco,,,,,https://www.pbs.gov.pk/wp-content/uploads/2020/07/indices_and_growth_rates_historical-1.pdf (PBS historical indices; category unavailable)
2024-11-01,2024,November,11,FY2024-25,National,Clothing & Footwear,,,,,https://www.pbs.gov.pk/wp-content/uploads/2020/07/indices_and_growth_rates_historical-1.pdf (PBS historical indices; category unavailable)
2024-11-01,2024,November,11,FY2024-25,National,"Housing, Water, Electricity, Gas & Fuels",,,,,https://www.pbs.gov.pk/wp-content/uploads/2020/07/indices_and_growth_rates_historical-1.pdf (PBS historical indices; category unavailable)
2024-11-01,2024,November,11,FY2024-25,National,Furnishing & Household Equipment Maintenance,,,,,https://www.pbs.gov.pk/wp-content/uploads/2020/07/indices_and_growth_rates_historical-1.pdf (PBS historical indices; category unavailable)
2024-11-01,2024,November,11,FY2024-25,National,Health,,,,,https://www.pbs.gov.pk/wp-content/uploads/2020/07/indices_and_growth_rates_historical-1.pdf (PBS historical indices; category unavailable)
2024-11-01,2024,November,11,FY2024-25,National,Transport,,,,,https://www.pbs.gov.pk/wp-content/uploads/2020/07/indices_and_growth_rates_historical-1.pdf (PBS historical indices; category unavailable)
2024-11-01,2024,November,11,FY2024-25,National,Communication,,,,,https://www.pbs.gov.pk/wp-content/uploads/2020/07/indices_and_growth_rates_historical-1.pdf (PBS historical indices; category unavailable)
2024-11-01,2024,November,11,FY2024-25,National,Recreation & Culture,,,,,https://www.pbs.gov.pk/wp-content/uploads/2020/07/indices_and_growth_rates_historical-1.pdf (PBS historical indices; category unavailable)
2024-11-01,2024,November,11,FY2024-25,National,Education,,,,,https://www.pbs.gov.pk/wp-content/uploads/2020/07/indices_and_growth_rates_historical-1.pdf (PBS historical indices; category unavailable)
2024-11-01,2024,November,11,FY2024-25,National,Restaurants & Hotels,,,,,https://www.pbs.gov.pk/wp-content/uploads/2020/07/indices_and_growth_rates_historical-1.pdf (PBS historical indices; category unavailable)
2024-11-01,2024,November,11,FY2024-25,National,Miscellaneous Goods & Services,,,,,https://www.pbs.gov.pk/wp-content/uploads/2020/07/indices_and_growth_rates_historical-1.pdf (PBS historical indices; category unavailable)
2024-11-01,2024,November,11,FY2024-25,Urban,Food & Non-Alcoholic Beverages,,,,,https://www.pbs.gov.pk/wp-content/uploads/2020/07/indices_and_growth_rates_historical-1.pdf (PBS historical indices; category unavailable)
2024-11-01,2024,November,11,FY2024-25,Urban,Alcoholic Beverages & Tobacco,,,,,https://www.pbs.gov.pk/wp-content/uploads/2020/07/indices_and_growth_rates_historical-1.pdf (PBS historical indices; category unavailable)
2024-11-01,2024,November,11,FY2024-25,Urban,Clothing & Footwear,,,,,https://www.pbs.gov.pk/wp-content/uploads/2020/07/indices_and_growth_rates_historical-1.pdf (PBS historical indices; category unavailable)
2024-11-01,2024,November,11,FY2024-25,Urban,"Housing, Water, Electricity, Gas & Fuels",,,,,https://www.pbs.gov.pk/wp-content/uploads/2020/07/indices_and_growth_rates_historical-1.pdf (PBS historical indices; category unavailable)
2024-11-01,2024,November,11,FY2024-25,Urban,Furnishing & Household Equipment Maintenance,,,,,https://www.pbs.gov.pk/wp-content/uploads/2020/07/indices_and_growth_rates_historical-1.pdf (PBS historical indices; category unavailable)
2024-11-01,2024,November,11,FY2024-25,Urban,Health,,,,,https://www.pbs.gov.pk/wp-content/uploads/2020/07/indices_and_growth_rates_historical-1.pdf (PBS historical indices; category unavailable)
2024-11-01,2024,November,11,FY2024-25,Urban,Transport,,,,,https://www.pbs.gov.pk/wp-content/uploads/2020/07/indices_and_growth_rates_historical-1.pdf (PBS historical indices; category unavailable)
2024-11-01,2024,November,11,FY2024-25,Urban,Communication,,,,,https://www.pbs.gov.pk/wp-content/uploads/2020/07/indices_and_growth_rates_historical-1.pdf (PBS historical indices; category unavailable)
2024-11-01,2024,November,11,FY2024-25,Urban,Recreation & Culture,,,,,https://www.pbs.gov.pk/wp-content/uploads/2020/07/indices_and_growth_rates_historical-1.pdf (PBS historical indices; category unavailable)
2024-11-01,2024,November,11,FY2024-25,Urban,Education,,,,,https://www.pbs.gov.pk/wp-content/uploads/2020/07/indices_and_growth_rates_historical-1.pdf (PBS historical indices; category unavailable)
2024-11-01,2024,November,11,FY2024-25,Urban,Restaurants & Hotels,,,,,https://www.pbs.gov.pk/wp-content/uploads/2020/07/indices_and_growth_rates_historical-1.pdf (PBS historical indices; category unavailable)
2024-11-01,2024,November,11,FY2024-25,Urban,Miscellaneous Goods & Services,,,,,https://www.pbs.gov.pk/wp-content/uploads/2020/07/indices_and_growth_rates_historical-1.pdf (PBS historical indices; category unavailable)
2024-11-01,2024,November,11,FY2024-25,Rural,Food & Non-Alcoholic Beverages,,,,,https://www.pbs.gov.pk/wp-content/uploads/2020/07/indices_and_growth_rates_historical-1.pdf (PBS historical indices; category unavailable)
2024-11-01,2024,November,11,FY2024-25,Rural,Alcoholic Beverages & Tobacco,,,,,https://www.pbs.gov.pk/wp-content/uploads/2020/07/indices_and_growth_rates_historical-1.pdf (PBS historical indices; category unavailable)
2024-11-01,2024,November,11,FY2024-25,Rural,Clothing & Footwear,,,,,https://www.pbs.gov.pk/wp-content/uploads/2020/07/indices_and_growth_rates_historical-1.pdf (PBS historical indices; category unavailable)
2024-11-01,2024,November,11,FY2024-25,Rural,"Housing, Water, Electricity, Gas & Fuels",,,,,https://www.pbs.gov.pk/wp-content/uploads/2020/07/indices_and_growth_rates_historical-1.pdf (PBS historical indices; category unavailable)
2024-11-01,2024,November,11,FY2024-25,Rural,Furnishing & Household Equipment Maintenance,,,,,https://www.pbs.gov.pk/wp-content/uploads/2020/07/indices_and_growth_rates_historical-1.pdf (PBS historical indices; category unavailable)
2024-11-01,2024,November,11,FY2024-25,Rural,Health,,,,,https://www.pbs.gov.pk/wp-content/uploads/2020/07/indices_and_growth_rates_historical-1.pdf (PBS historical indices; category unavailable)
2024-11-01,2024,November,11,FY2024-25,Rural,Transport,,,,,https://www.pbs.gov.pk/wp-content/uploads/2020/07/indices_and_growth_rates_historical-1.pdf (PBS historical indices; category unavailable)
2024-11-01,2024,November,11,FY2024-25,Rural,Communication,,,,,https://www.pbs.gov.pk/wp-content/uploads/2020/07/indices_and_growth_rates_historical-1.pdf (PBS historical indices; category unavailable)
2024-11-01,2024,November,11,FY2024-25,Rural,Recreation & Culture,,,,,https://www.pbs.gov.pk/wp-content/uploads/2020/07/indices_and_growth_rates_historical-1.pdf (PBS historical indices; category unavailable)
2024-11-01,2024,November,11,FY2024-25,Rural,Education,,,,,https://www.pbs.gov.pk/wp-content/uploads/2020/07/indices_and_growth_rates_historical-1.pdf (PBS historical indices; category unavailable)
2024-11-01,2024,November,11,FY2024-25,Rural,Restaurants & Hotels,,,,,https://www.pbs.gov.pk/wp-content/uploads/2020/07/indices_and_growth_rates_historical-1.pdf (PBS historical indices; category unavailable)
2024-11-01,2024,November,11,FY2024-25,Rural,Miscellaneous Goods & Services,,,,,https://www.pbs.gov.pk/wp-content/uploads/2020/07/indices_and_growth_rates_historical-1.pdf (PBS historical indices; category unavailable)
2024-12-01,2024,December,12,FY2024-25,National,Food & Non-Alcoholic Beverages,,,,,https://www.pbs.gov.pk/wp-content/uploads/2020/07/indices_and_growth_rates_historical-1.pdf (PBS historical indices; category unavailable)
2024-12-01,2024,December,12,FY2024-25,National,Alcoholic Beverages & Tobacco,,,,,https://www.pbs.gov.pk/wp-content/uploads/2020/07/indices_and_growth_rates_historical-1.pdf (PBS historical indices; category unavailable)
2024-12-01,2024,December,12,FY2024-25,National,Clothing & Footwear,,,,,https://www.pbs.gov.pk/wp-content/uploads/2020/07/indices_and_growth_rates_historical-1.pdf (PBS historical indices; category unavailable)
2024-12-01,2024,December,12,FY2024-25,National,"Housing, Water, Electricity, Gas & Fuels",,,,,https://www.pbs.gov.pk/wp-content/uploads/2020/07/indices_and_growth_rates_historical-1.pdf (PBS historical indices; category unavailable)
2024-12-01,2024,December,12,FY2024-25,National,Furnishing & Household Equipment Maintenance,,,,,https://www.pbs.gov.pk/wp-content/uploads/2020/07/indices_and_growth_rates_historical-1.pdf (PBS historical indices; category unavailable)
2024-12-01,2024,December,12,FY2024-25,National,Health,,,,,https://www.pbs.gov.pk/wp-content/uploads/2020/07/indices_and_growth_rates_historical-1.pdf (PBS historical indices; category unavailable)
2024-12-01,2024,December,12,FY2024-25,National,Transport,,,,,https://www.pbs.gov.pk/wp-content/uploads/2020/07/indices_and_growth_rates_historical-1.pdf (PBS historical indices; category unavailable)
2024-12-01,2024,December,12,FY2024-25,National,Communication,,,,,https://www.pbs.gov.pk/wp-content/uploads/2020/07/indices_and_growth_rates_historical-1.pdf (PBS historical indices; category unavailable)
2024-12-01,2024,December,12,FY2024-25,National,Recreation & Culture,,,,,https://www.pbs.gov.pk/wp-content/uploads/2020/07/indices_and_growth_rates_historical-1.pdf (PBS historical indices; category unavailable)
2024-12-01,2024,December,12,FY2024-25,National,Education,,,,,https://www.pbs.gov.pk/wp-content/uploads/2020/07/indices_and_growth_rates_historical-1.pdf (PBS historical indices; category unavailable)
2024-12-01,2024,December,12,FY2024-25,National,Restaurants & Hotels,,,,,https://www.pbs.gov.pk/wp-content/uploads/2020/07/indices_and_growth_rates_historical-1.pdf (PBS historical indices; category unavailable)
2024-12-01,2024,December,12,FY2024-25,National,Miscellaneous Goods & Services,,,,,https://www.pbs.gov.pk/wp-content/uploads/2020/07/indices_and_growth_rates_historical-1.pdf (PBS historical indices; category unavailable)
2024-12-01,2024,December,12,FY2024-25,Urban,Food & Non-Alcoholic Beverages,,,,,https://www.pbs.gov.pk/wp-content/uploads/2020/07/indices_and_growth_rates_historical-1.pdf (PBS historical indices; category unavailable)
2024-12-01,2024,December,12,FY2024-25,Urban,Alcoholic Beverages & Tobacco,,,,,https://www.pbs.gov.pk/wp-content/uploads/2020/07/indices_and_growth_rates_historical-1.pdf (PBS historical indices; category unavailable)
2024-12-01,2024,December,12,FY2024-25,Urban,Clothing & Footwear,,,,,https://www.pbs.gov.pk/wp-content/uploads/2020/07/indices_and_growth_rates_historical-1.pdf (PBS historical indices; category unavailable)
2024-12-01,2024,December,12,FY2024-25,Urban,"Housing, Water, Electricity, Gas & Fuels",,,,,https://www.pbs.gov.pk/wp-content/uploads/2020/07/indices_and_growth_rates_historical-1.pdf (PBS historical indices; category unavailable)
2024-12-01,2024,December,12,FY2024-25,Urban,Furnishing & Household Equipment Maintenance,,,,,https://www.pbs.gov.pk/wp-content/uploads/2020/07/indices_and_growth_rates_historical-1.pdf (PBS historical indices; category unavailable)
2024-12-01,2024,December,12,FY2024-25,Urban,Health,,,,,https://www.pbs.gov.pk/wp-content/uploads/2020/07/indices_and_growth_rates_historical-1.pdf (PBS historical indices; category unavailable)
2024-12-01,2024,December,12,FY2024-25,Urban,Transport,,,,,https://www.pbs.gov.pk/wp-content/uploads/2020/07/indices_and_growth_rates_historical-1.pdf (PBS historical indices; category unavailable)
2024-12-01,2024,December,12,FY2024-25,Urban,Communication,,,,,https://www.pbs.gov.pk/wp-content/uploads/2020/07/indices_and_growth_rates_historical-1.pdf (PBS historical indices; category unavailable)
2024-12-01,2024,December,12,FY2024-25,Urban,Recreation & Culture,,,,,https://www.pbs.gov.pk/wp-content/uploads/2020/07/indices_and_growth_rates_historical-1.pdf (PBS historical indices; category unavailable)
2024-12-01,2024,December,12,FY2024-25,Urban,Education,,,,,https://www.pbs.gov.pk/wp-content/uploads/2020/07/indices_and_growth_rates_historical-1.pdf (PBS historical indices; category unavailable)
2024-12-01,2024,December,12,FY2024-25,Urban,Restaurants & Hotels,,,,,https://www.pbs.gov.pk/wp-content/uploads/2020/07/indices_and_growth_rates_historical-1.pdf (PBS historical indices; category unavailable)
2024-12-01,2024,December,12,FY2024-25,Urban,Miscellaneous Goods & Services,,,,,https://www.pbs.gov.pk/wp-content/uploads/2020/07/indices_and_growth_rates_historical-1.pdf (PBS historical indices; category unavailable)
2024-12-01,2024,December,12,FY2024-25,Rural,Food & Non-Alcoholic Beverages,,,,,https://www.pbs.gov.pk/wp-content/uploads/2020/07/indices_and_growth_rates_historical-1.pdf (PBS historical indices; category unavailable)
2024-12-01,2024,December,12,FY2024-25,Rural,Alcoholic Beverages & Tobacco,,,,,https://www.pbs.gov.pk/wp-content/uploads/2020/07/indices_and_growth_rates_historical-1.pdf (PBS historical indices; category unavailable)
2024-12-01,2024,December,12,FY2024-25,Rural,Clothing & Footwear,,,,,https://www.pbs.gov.pk/wp-content/uploads/2020/07/indices_and_growth_rates_historical-1.pdf (PBS historical indices; category unavailable)
2024-12-01,2024,December,12,FY2024-25,Rural,"Housing, Water, Electricity, Gas & Fuels",,,,,https://www.pbs.gov.pk/wp-content/uploads/2020/07/indices_and_growth_rates_historical-1.pdf (PBS historical indices; category unavailable)
2024-12-01,2024,December,12,FY2024-25,Rural,Furnishing & Household Equipment Maintenance,,,,,https://www.pbs.gov.pk/wp-content/uploads/2020/07/indices_and_growth_rates_historical-1.pdf (PBS historical indices; category unavailable)
2024-12-01,2024,December,12,FY2024-25,Rural,Health,,,,,https://www.pbs.gov.pk/wp-content/uploads/2020/07/indices_and_growth_rates_historical-1.pdf (PBS historical indices; category unavailable)
2024-12-01,2024,December,12,FY2024-25,Rural,Transport,,,,,https://www.pbs.gov.pk/wp-content/uploads/2020/07/indices_and_growth_rates_historical-1.pdf (PBS historical indices; category unavailable)
2024-12-01,2024,December,12,FY2024-25,Rural,Communication,,,,,https://www.pbs.gov.pk/wp-content/uploads/2020/07/indices_and_growth_rates_historical-1.pdf (PBS historical indices; category unavailable)
2024-12-01,2024,December,12,FY2024-25,Rural,Recreation & Culture,,,,,https://www.pbs.gov.pk/wp-content/uploads/2020/07/indices_and_growth_rates_historical-1.pdf (PBS historical indices; category unavailable)
2024-12-01,2024,December,12,FY2024-25,Rural,Education,,,,,https://www.pbs.gov.pk/wp-content/uploads/2020/07/indices_and_growth_rates_historical-1.pdf (PBS historical indices; category unavailable)
2024-12-01,2024,December,12,FY2024-25,Rural,Restaurants & Hotels,,,,,https://www.pbs.gov.pk/wp-content/uploads/2020/07/indices_and_growth_rates_historical-1.pdf (PBS historical indices; category unavailable)
2024-12-01,2024,December,12,FY2024-25,Rural,Miscellaneous Goods & Services,,,,,https://www.pbs.gov.pk/wp-content/uploads/2020/07/indices_and_growth_rates_historical-1.pdf (PBS historical indices; category unavailable)
2025-01-01,2025,January,1,FY2024-25,National,Food & Non-Alcoholic Beverages,,,,,https://www.pbs.gov.pk/wp-content/uploads/2020/07/indices_and_growth_rates_historical-1.pdf (PBS historical indices; category unavailable)
2025-01-01,2025,January,1,FY2024-25,National,Alcoholic Beverages & Tobacco,,,,,https://www.pbs.gov.pk/wp-content/uploads/2020/07/indices_and_growth_rates_historical-1.pdf (PBS historical indices; category unavailable)
2025-01-01,2025,January,1,FY2024-25,National,Clothing & Footwear,,,,,https://www.pbs.gov.pk/wp-content/uploads/2020/07/indices_and_growth_rates_historical-1.pdf (PBS historical indices; category unavailable)
2025-01-01,2025,January,1,FY2024-25,National,"Housing, Water, Electricity, Gas & Fuels",,,,,https://www.pbs.gov.pk/wp-content/uploads/2020/07/indices_and_growth_rates_historical-1.pdf (PBS historical indices; category unavailable)
2025-01-01,2025,January,1,FY2024-25,National,Furnishing & Household Equipment Maintenance,,,,,https://www.pbs.gov.pk/wp-content/uploads/2020/07/indices_and_growth_rates_historical-1.pdf (PBS historical indices; category unavailable)
2025-01-01,2025,January,1,FY2024-25,National,Health,,,,,https://www.pbs.gov.pk/wp-content/uploads/2020/07/indices_and_growth_rates_historical-1.pdf (PBS historical indices; category unavailable)
2025-01-01,2025,January,1,FY2024-25,National,Transport,,,,,https://www.pbs.gov.pk/wp-content/uploads/2020/07/indices_and_growth_rates_historical-1.pdf (PBS historical indices; category unavailable)
2025-01-01,2025,January,1,FY2024-25,National,Communication,,,,,https://www.pbs.gov.pk/wp-content/uploads/2020/07/indices_and_growth_rates_historical-1.pdf (PBS historical indices; category unavailable)
2025-01-01,2025,January,1,FY2024-25,National,Recreation & Culture,,,,,https://www.pbs.gov.pk/wp-content/uploads/2020/07/indices_and_growth_rates_historical-1.pdf (PBS historical indices; category unavailable)
2025-01-01,2025,January,1,FY2024-25,National,Education,,,,,https://www.pbs.gov.pk/wp-content/uploads/2020/07/indices_and_growth_rates_historical-1.pdf (PBS historical indices; category unavailable)
2025-01-01,2025,January,1,FY2024-25,National,Restaurants & Hotels,,,,,https://www.pbs.gov.pk/wp-content/uploads/2020/07/indices_and_growth_rates_historical-1.pdf (PBS historical indices; category unavailable)
2025-01-01,2025,January,1,FY2024-25,National,Miscellaneous Goods & Services,,,,,https://www.pbs.gov.pk/wp-content/uploads/2020/07/indices_and_growth_rates_historical-1.pdf (PBS historical indices; category unavailable)
2025-01-01,2025,January,1,FY2024-25,Urban,Food & Non-Alcoholic Beverages,,,,,https://www.pbs.gov.pk/wp-content/uploads/2020/07/indices_and_growth_rates_historical-1.pdf (PBS historical indices; category unavailable)
2025-01-01,2025,January,1,FY2024-25,Urban,Alcoholic Beverages & Tobacco,,,,,https://www.pbs.gov.pk/wp-content/uploads/2020/07/indices_and_growth_rates_historical-1.pdf (PBS historical indices; category unavailable)
2025-01-01,2025,January,1,FY2024-25,Urban,Clothing & Footwear,,,,,https://www.pbs.gov.pk/wp-content/uploads/2020/07/indices_and_growth_rates_historical-1.pdf (PBS historical indices; category unavailable)
2025-01-01,2025,January,1,FY2024-25,Urban,"Housing, Water, Electricity, Gas & Fuels",,,,,https://www.pbs.gov.pk/wp-content/uploads/2020/07/indices_and_growth_rates_historical-1.pdf (PBS historical indices; category unavailable)
2025-01-01,2025,January,1,FY2024-25,Urban,Furnishing & Household Equipment Maintenance,,,,,https://www.pbs.gov.pk/wp-content/uploads/2020/07/indices_and_growth_rates_historical-1.pdf (PBS historical indices; category unavailable)
2025-01-01,2025,January,1,FY2024-25,Urban,Health,,,,,https://www.pbs.gov.pk/wp-content/uploads/2020/07/indices_and_growth_rates_historical-1.pdf (PBS historical indices; category unavailable)
2025-01-01,2025,January,1,FY2024-25,Urban,Transport,,,,,https://www.pbs.gov.pk/wp-content/uploads/2020/07/indices_and_growth_rates_historical-1.pdf (PBS historical indices; category unavailable)
2025-01-01,2025,January,1,FY2024-25,Urban,Communication,,,,,https://www.pbs.gov.pk/wp-content/uploads/2020/07/indices_and_growth_rates_historical-1.pdf (PBS historical indices; category unavailable)
2025-01-01,2025,January,1,FY2024-25,Urban,Recreation & Culture,,,,,https://www.pbs.gov.pk/wp-content/uploads/2020/07/indices_and_growth_rates_historical-1.pdf (PBS historical indices; category unavailable)
2025-01-01,2025,January,1,FY2024-25,Urban,Education,,,,,https://www.pbs.gov.pk/wp-content/uploads/2020/07/indices_and_growth_rates_historical-1.pdf (PBS historical indices; category unavailable)
2025-01-01,2025,January,1,FY2024-25,Urban,Restaurants & Hotels,,,,,https://www.pbs.gov.pk/wp-content/uploads/2020/07/indices_and_growth_rates_historical-1.pdf (PBS historical indices; category unavailable)
2025-01-01,2025,January,1,FY2024-25,Urban,Miscellaneous Goods & Services,,,,,https://www.pbs.gov.pk/wp-content/uploads/2020/07/indices_and_growth_rates_historical-1.pdf (PBS historical indices; category unavailable)
2025-01-01,2025,January,1,FY2024-25,Rural,Food & Non-Alcoholic Beverages,,,,,https://www.pbs.gov.pk/wp-content/uploads/2020/07/indices_and_growth_rates_historical-1.pdf (PBS historical indices; category unavailable)
2025-01-01,2025,January,1,FY2024-25,Rural,Alcoholic Beverages & Tobacco,,,,,https://www.pbs.gov.pk/wp-content/uploads/2020/07/indices_and_growth_rates_historical-1.pdf (PBS historical indices; category unavailable)
2025-01-01,2025,January,1,FY2024-25,Rural,Clothing & Footwear,,,,,https://www.pbs.gov.pk/wp-content/uploads/2020/07/indices_and_growth_rates_historical-1.pdf (PBS historical indices; category unavailable)
2025-01-01,2025,January,1,FY2024-25,Rural,"Housing, Water, Electricity, Gas & Fuels",,,,,https://www.pbs.gov.pk/wp-content/uploads/2020/07/indices_and_growth_rates_historical-1.pdf (PBS historical indices; category unavailable)
2025-01-01,2025,January,1,FY2024-25,Rural,Furnishing & Household Equipment Maintenance,,,,,https://www.pbs.gov.pk/wp-content/uploads/2020/07/indices_and_growth_rates_historical-1.pdf (PBS historical indices; category unavailable)
2025-01-01,2025,January,1,FY2024-25,Rural,Health,,,,,https://www.pbs.gov.pk/wp-content/uploads/2020/07/indices_and_growth_rates_historical-1.pdf (PBS historical indices; category unavailable)
2025-01-01,2025,January,1,FY2024-25,Rural,Transport,,,,,https://www.pbs.gov.pk/wp-content/uploads/2020/07/indices_and_growth_rates_historical-1.pdf (PBS historical indices; category unavailable)
2025-01-01,2025,January,1,FY2024-25,Rural,Communication,,,,,https://www.pbs.gov.pk/wp-content/uploads/2020/07/indices_and_growth_rates_historical-1.pdf (PBS historical indices; category unavailable)
2025-01-01,2025,January,1,FY2024-25,Rural,Recreation & Culture,,,,,https://www.pbs.gov.pk/wp-content/uploads/2020/07/indices_and_growth_rates_historical-1.pdf (PBS historical indices; category unavailable)
2025-01-01,2025,January,1,FY2024-25,Rural,Education,,,,,https://www.pbs.gov.pk/wp-content/uploads/2020/07/indices_and_growth_rates_historical-1.pdf (PBS historical indices; category unavailable)
2025-01-01,2025,January,1,FY2024-25,Rural,Restaurants & Hotels,,,,,https://www.pbs.gov.pk/wp-content/uploads/2020/07/indices_and_growth_rates_historical-1.pdf (PBS historical indices; category unavailable)
2025-01-01,2025,January,1,FY2024-25,Rural,Miscellaneous Goods & Services,,,,,https://www.pbs.gov.pk/wp-content/uploads/2020/07/indices_and_growth_rates_historical-1.pdf (PBS historical indices; category unavailable)
2025-02-01,2025,February,2,FY2024-25,National,Food & Non-Alcoholic Beverages,,,,,https://www.pbs.gov.pk/wp-content/uploads/2020/07/indices_and_growth_rates_historical-1.pdf (PBS historical indices; category unavailable)
2025-02-01,2025,February,2,FY2024-25,National,Alcoholic Beverages & Tobacco,,,,,https://www.pbs.gov.pk/wp-content/uploads/2020/07/indices_and_growth_rates_historical-1.pdf (PBS historical indices; category unavailable)
2025-02-01,2025,February,2,FY2024-25,National,Clothing & Footwear,,,,,https://www.pbs.gov.pk/wp-content/uploads/2020/07/indices_and_growth_rates_historical-1.pdf (PBS historical indices; category unavailable)
2025-02-01,2025,February,2,FY2024-25,National,"Housing, Water, Electricity, Gas & Fuels",,,,,https://www.pbs.gov.pk/wp-content/uploads/2020/07/indices_and_growth_rates_historical-1.pdf (PBS historical indices; category unavailable)
2025-02-01,2025,February,2,FY2024-25,National,Furnishing & Household Equipment Maintenance,,,,,https://www.pbs.gov.pk/wp-content/uploads/2020/07/indices_and_growth_rates_historical-1.pdf (PBS historical indices; category unavailable)
2025-02-01,2025,February,2,FY2024-25,National,Health,,,,,https://www.pbs.gov.pk/wp-content/uploads/2020/07/indices_and_growth_rates_historical-1.pdf (PBS historical indices; category unavailable)
2025-02-01,2025,February,2,FY2024-25,National,Transport,,,,,https://www.pbs.gov.pk/wp-content/uploads/2020/07/indices_and_growth_rates_historical-1.pdf (PBS historical indices; category unavailable)
2025-02-01,2025,February,2,FY2024-25,National,Communication,,,,,https://www.pbs.gov.pk/wp-content/uploads/2020/07/indices_and_growth_rates_historical-1.pdf (PBS historical indices; category unavailable)
2025-02-01,2025,February,2,FY2024-25,National,Recreation & Culture,,,,,https://www.pbs.gov.pk/wp-content/uploads/2020/07/indices_and_growth_rates_historical-1.pdf (PBS historical indices; category unavailable)
2025-02-01,2025,February,2,FY2024-25,National,Education,,,,,https://www.pbs.gov.pk/wp-content/uploads/2020/07/indices_and_growth_rates_historical-1.pdf (PBS historical indices; category unavailable)
2025-02-01,2025,February,2,FY2024-25,National,Restaurants & Hotels,,,,,https://www.pbs.gov.pk/wp-content/uploads/2020/07/indices_and_growth_rates_historical-1.pdf (PBS historical indices; category unavailable)
2025-02-01,2025,February,2,FY2024-25,National,Miscellaneous Goods & Services,,,,,https://www.pbs.gov.pk/wp-content/uploads/2020/07/indices_and_growth_rates_historical-1.pdf (PBS historical indices; category unavailable)
2025-02-01,2025,February,2,FY2024-25,Urban,Food & Non-Alcoholic Beverages,,,,,https://www.pbs.gov.pk/wp-content/uploads/2020/07/indices_and_growth_rates_historical-1.pdf (PBS historical indices; category unavailable)
2025-02-01,2025,February,2,FY2024-25,Urban,Alcoholic Beverages & Tobacco,,,,,https://www.pbs.gov.pk/wp-content/uploads/2020/07/indices_and_growth_rates_historical-1.pdf (PBS historical indices; category unavailable)
2025-02-01,2025,February,2,FY2024-25,Urban,Clothing & Footwear,,,,,https://www.pbs.gov.pk/wp-content/uploads/2020/07/indices_and_growth_rates_historical-1.pdf (PBS historical indices; category unavailable)
2025-02-01,2025,February,2,FY2024-25,Urban,"Housing, Water, Electricity, Gas & Fuels",,,,,https://www.pbs.gov.pk/wp-content/uploads/2020/07/indices_and_growth_rates_historical-1.pdf (PBS historical indices; category unavailable)
2025-02-01,2025,February,2,FY2024-25,Urban,Furnishing & Household Equipment Maintenance,,,,,https://www.pbs.gov.pk/wp-content/uploads/2020/07/indices_and_growth_rates_historical-1.pdf (PBS historical indices; category unavailable)
2025-02-01,2025,February,2,FY2024-25,Urban,Health,,,,,https://www.pbs.gov.pk/wp-content/uploads/2020/07/indices_and_growth_rates_historical-1.pdf (PBS historical indices; category unavailable)
2025-02-01,2025,February,2,FY2024-25,Urban,Transport,,,,,https://www.pbs.gov.pk/wp-content/uploads/2020/07/indices_and_growth_rates_historical-1.pdf (PBS historical indices; category unavailable)
2025-02-01,2025,February,2,FY2024-25,Urban,Communication,,,,,https://www.pbs.gov.pk/wp-content/uploads/2020/07/indices_and_growth_rates_historical-1.pdf (PBS historical indices; category unavailable)
2025-02-01,2025,February,2,FY2024-25,Urban,Recreation & Culture,,,,,https://www.pbs.gov.pk/wp-content/uploads/2020/07/indices_and_growth_rates_historical-1.pdf (PBS historical indices; category unavailable)
2025-02-01,2025,February,2,FY2024-25,Urban,Education,,,,,https://www.pbs.gov.pk/wp-content/uploads/2020/07/indices_and_growth_rates_historical-1.pdf (PBS historical indices; category unavailable)
2025-02-01,2025,February,2,FY2024-25,Urban,Restaurants & Hotels,,,,,https://www.pbs.gov.pk/wp-content/uploads/2020/07/indices_and_growth_rates_historical-1.pdf (PBS historical indices; category unavailable)
2025-02-01,2025,February,2,FY2024-25,Urban,Miscellaneous Goods & Services,,,,,https://www.pbs.gov.pk/wp-content/uploads/2020/07/indices_and_growth_rates_historical-1.pdf (PBS historical indices; category unavailable)
2025-02-01,2025,February,2,FY2024-25,Rural,Food & Non-Alcoholic Beverages,,,,,https://www.pbs.gov.pk/wp-content/uploads/2020/07/indices_and_growth_rates_historical-1.pdf (PBS historical indices; category unavailable)
2025-02-01,2025,February,2,FY2024-25,Rural,Alcoholic Beverages & Tobacco,,,,,https://www.pbs.gov.pk/wp-content/uploads/2020/07/indices_and_growth_rates_historical-1.pdf (PBS historical indices; category unavailable)
2025-02-01,2025,February,2,FY2024-25,Rural,Clothing & Footwear,,,,,https://www.pbs.gov.pk/wp-content/uploads/2020/07/indices_and_growth_rates_historical-1.pdf (PBS historical indices; category unavailable)
2025-02-01,2025,February,2,FY2024-25,Rural,"Housing, Water, Electricity, Gas & Fuels",,,,,https://www.pbs.gov.pk/wp-content/uploads/2020/07/indices_and_growth_rates_historical-1.pdf (PBS historical indices; category unavailable)
2025-02-01,2025,February,2,FY2024-25,Rural,Furnishing & Household Equipment Maintenance,,,,,https://www.pbs.gov.pk/wp-content/uploads/2020/07/indices_and_growth_rates_historical-1.pdf (PBS historical indices; category unavailable)
2025-02-01,2025,February,2,FY2024-25,Rural,Health,,,,,https://www.pbs.gov.pk/wp-content/uploads/2020/07/indices_and_growth_rates_historical-1.pdf (PBS historical indices; category unavailable)
2025-02-01,2025,February,2,FY2024-25,Rural,Transport,,,,,https://www.pbs.gov.pk/wp-content/uploads/2020/07/indices_and_growth_rates_historical-1.pdf (PBS historical indices; category unavailable)
2025-02-01,2025,February,2,FY2024-25,Rural,Communication,,,,,https://www.pbs.gov.pk/wp-content/uploads/2020/07/indices_and_growth_rates_historical-1.pdf (PBS historical indices; category unavailable)
2025-02-01,2025,February,2,FY2024-25,Rural,Recreation & Culture,,,,,https://www.pbs.gov.pk/wp-content/uploads/2020/07/indices_and_growth_rates_historical-1.pdf (PBS historical indices; category unavailable)
2025-02-01,2025,February,2,FY2024-25,Rural,Education,,,,,https://www.pbs.gov.pk/wp-content/uploads/2020/07/indices_and_growth_rates_historical-1.pdf (PBS historical indices; category unavailable)
2025-02-01,2025,February,2,FY2024-25,Rural,Restaurants & Hotels,,,,,https://www.pbs.gov.pk/wp-content/uploads/2020/07/indices_and_growth_rates_historical-1.pdf (PBS historical indices; category unavailable)
2025-02-01,2025,February,2,FY2024-25,Rural,Miscellaneous Goods & Services,,,,,https://www.pbs.gov.pk/wp-content/uploads/2020/07/indices_and_growth_rates_historical-1.pdf (PBS historical indices; category unavailable)
2025-03-01,2025,March,3,FY2024-25,National,Food & Non-Alcoholic Beverages,,,,,https://www.pbs.gov.pk/wp-content/uploads/2020/07/indices_and_growth_rates_historical-1.pdf (PBS historical indices; category unavailable)
2025-03-01,2025,March,3,FY2024-25,National,Alcoholic Beverages & Tobacco,,,,,https://www.pbs.gov.pk/wp-content/uploads/2020/07/indices_and_growth_rates_historical-1.pdf (PBS historical indices; category unavailable)
2025-03-01,2025,March,3,FY2024-25,National,Clothing & Footwear,,,,,https://www.pbs.gov.pk/wp-content/uploads/2020/07/indices_and_growth_rates_historical-1.pdf (PBS historical indices; category unavailable)
2025-03-01,2025,March,3,FY2024-25,National,"Housing, Water, Electricity, Gas & Fuels",,,,,https://www.pbs.gov.pk/wp-content/uploads/2020/07/indices_and_growth_rates_historical-1.pdf (PBS historical indices; category unavailable)
2025-03-01,2025,March,3,FY2024-25,National,Furnishing & Household Equipment Maintenance,,,,,https://www.pbs.gov.pk/wp-content/uploads/2020/07/indices_and_growth_rates_historical-1.pdf (PBS historical indices; category unavailable)
2025-03-01,2025,March,3,FY2024-25,National,Health,,,,,https://www.pbs.gov.pk/wp-content/uploads/2020/07/indices_and_growth_rates_historical-1.pdf (PBS historical indices; category unavailable)
2025-03-01,2025,March,3,FY2024-25,National,Transport,,,,,https://www.pbs.gov.pk/wp-content/uploads/2020/07/indices_and_growth_rates_historical-1.pdf (PBS historical indices; category unavailable)
2025-03-01,2025,March,3,FY2024-25,National,Communication,,,,,https://www.pbs.gov.pk/wp-content/uploads/2020/07/indices_and_growth_rates_historical-1.pdf (PBS historical indices; category unavailable)
2025-03-01,2025,March,3,FY2024-25,National,Recreation & Culture,,,,,https://www.pbs.gov.pk/wp-content/uploads/2020/07/indices_and_growth_rates_historical-1.pdf (PBS historical indices; category unavailable)
2025-03-01,2025,March,3,FY2024-25,National,Education,,,,,https://www.pbs.gov.pk/wp-content/uploads/2020/07/indices_and_growth_rates_historical-1.pdf (PBS historical indices; category unavailable)
2025-03-01,2025,March,3,FY2024-25,National,Restaurants & Hotels,,,,,https://www.pbs.gov.pk/wp-content/uploads/2020/07/indices_and_growth_rates_historical-1.pdf (PBS historical indices; category unavailable)
2025-03-01,2025,March,3,FY2024-25,National,Miscellaneous Goods & Services,,,,,https://www.pbs.gov.pk/wp-content/uploads/2020/07/indices_and_growth_rates_historical-1.pdf (PBS historical indices; category unavailable)
2025-03-01,2025,March,3,FY2024-25,Urban,Food & Non-Alcoholic Beverages,,,,,https://www.pbs.gov.pk/wp-content/uploads/2020/07/indices_and_growth_rates_historical-1.pdf (PBS historical indices; category unavailable)
2025-03-01,2025,March,3,FY2024-25,Urban,Alcoholic Beverages & Tobacco,,,,,https://www.pbs.gov.pk/wp-content/uploads/2020/07/indices_and_growth_rates_historical-1.pdf (PBS historical indices; category unavailable)
2025-03-01,2025,March,3,FY2024-25,Urban,Clothing & Footwear,,,,,https://www.pbs.gov.pk/wp-content/uploads/2020/07/indices_and_growth_rates_historical-1.pdf (PBS historical indices; category unavailable)
2025-03-01,2025,March,3,FY2024-25,Urban,"Housing, Water, Electricity, Gas & Fuels",,,,,https://www.pbs.gov.pk/wp-content/uploads/2020/07/indices_and_growth_rates_historical-1.pdf (PBS historical indices; category unavailable)
2025-03-01,2025,March,3,FY2024-25,Urban,Furnishing & Household Equipment Maintenance,,,,,https://www.pbs.gov.pk/wp-content/uploads/2020/07/indices_and_growth_rates_historical-1.pdf (PBS historical indices; category unavailable)
2025-03-01,2025,March,3,FY2024-25,Urban,Health,,,,,https://www.pbs.gov.pk/wp-content/uploads/2020/07/indices_and_growth_rates_historical-1.pdf (PBS historical indices; category unavailable)
2025-03-01,2025,March,3,FY2024-25,Urban,Transport,,,,,https://www.pbs.gov.pk/wp-content/uploads/2020/07/indices_and_growth_rates_historical-1.pdf (PBS historical indices; category unavailable)
2025-03-01,2025,March,3,FY2024-25,Urban,Communication,,,,,https://www.pbs.gov.pk/wp-content/uploads/2020/07/indices_and_growth_rates_historical-1.pdf (PBS historical indices; category unavailable)
2025-03-01,2025,March,3,FY2024-25,Urban,Recreation & Culture,,,,,https://www.pbs.gov.pk/wp-content/uploads/2020/07/indices_and_growth_rates_historical-1.pdf (PBS historical indices; category unavailable)
2025-03-01,2025,March,3,FY2024-25,Urban,Education,,,,,https://www.pbs.gov.pk/wp-content/uploads/2020/07/indices_and_growth_rates_historical-1.pdf (PBS historical indices; category unavailable)
2025-03-01,2025,March,3,FY2024-25,Urban,Restaurants & Hotels,,,,,https://www.pbs.gov.pk/wp-content/uploads/2020/07/indices_and_growth_rates_historical-1.pdf (PBS historical indices; category unavailable)
2025-03-01,2025,March,3,FY2024-25,Urban,Miscellaneous Goods & Services,,,,,https://www.pbs.gov.pk/wp-content/uploads/2020/07/indices_and_growth_rates_historical-1.pdf (PBS historical indices; category unavailable)
2025-03-01,2025,March,3,FY2024-25,Rural,Food & Non-Alcoholic Beverages,,,,,https://www.pbs.gov.pk/wp-content/uploads/2020/07/indices_and_growth_rates_historical-1.pdf (PBS historical indices; category unavailable)
2025-03-01,2025,March,3,FY2024-25,Rural,Alcoholic Beverages & Tobacco,,,,,https://www.pbs.gov.pk/wp-content/uploads/2020/07/indices_and_growth_rates_historical-1.pdf (PBS historical indices; category unavailable)
2025-03-01,2025,March,3,FY2024-25,Rural,Clothing & Footwear,,,,,https://www.pbs.gov.pk/wp-content/uploads/2020/07/indices_and_growth_rates_historical-1.pdf (PBS historical indices; category unavailable)
2025-03-01,2025,March,3,FY2024-25,Rural,"Housing, Water, Electricity, Gas & Fuels",,,,,https://www.pbs.gov.pk/wp-content/uploads/2020/07/indices_and_growth_rates_historical-1.pdf (PBS historical indices; category unavailable)
2025-03-01,2025,March,3,FY2024-25,Rural,Furnishing & Household Equipment Maintenance,,,,,https://www.pbs.gov.pk/wp-content/uploads/2020/07/indices_and_growth_rates_historical-1.pdf (PBS historical indices; category unavailable)
2025-03-01,2025,March,3,FY2024-25,Rural,Health,,,,,https://www.pbs.gov.pk/wp-content/uploads/2020/07/indices_and_growth_rates_historical-1.pdf (PBS historical indices; category unavailable)
2025-03-01,2025,March,3,FY2024-25,Rural,Transport,,,,,https://www.pbs.gov.pk/wp-content/uploads/2020/07/indices_and_growth_rates_historical-1.pdf (PBS historical indices; category unavailable)
2025-03-01,2025,March,3,FY2024-25,Rural,Communication,,,,,https://www.pbs.gov.pk/wp-content/uploads/2020/07/indices_and_growth_rates_historical-1.pdf (PBS historical indices; category unavailable)
2025-03-01,2025,March,3,FY2024-25,Rural,Recreation & Culture,,,,,https://www.pbs.gov.pk/wp-content/uploads/2020/07/indices_and_growth_rates_historical-1.pdf (PBS historical indices; category unavailable)
2025-03-01,2025,March,3,FY2024-25,Rural,Education,,,,,https://www.pbs.gov.pk/wp-content/uploads/2020/07/indices_and_growth_rates_historical-1.pdf (PBS historical indices; category unavailable)
2025-03-01,2025,March,3,FY2024-25,Rural,Restaurants & Hotels,,,,,https://www.pbs.gov.pk/wp-content/uploads/2020/07/indices_and_growth_rates_historical-1.pdf (PBS historical indices; category unavailable)
2025-03-01,2025,March,3,FY2024-25,Rural,Miscellaneous Goods & Services,,,,,https://www.pbs.gov.pk/wp-content/uploads/2020/07/indices_and_growth_rates_historical-1.pdf (PBS historical indices; category unavailable)
2025-04-01,2025,April,4,FY2024-25,National,Food & Non-Alcoholic Beverages,,,,,https://www.pbs.gov.pk/wp-content/uploads/2020/07/indices_and_growth_rates_historical-1.pdf (PBS historical indices; category unavailable)
2025-04-01,2025,April,4,FY2024-25,National,Alcoholic Beverages & Tobacco,,,,,https://www.pbs.gov.pk/wp-content/uploads/2020/07/indices_and_growth_rates_historical-1.pdf (PBS historical indices; category unavailable)
2025-04-01,2025,April,4,FY2024-25,National,Clothing & Footwear,,,,,https://www.pbs.gov.pk/wp-content/uploads/2020/07/indices_and_growth_rates_historical-1.pdf (PBS historical indices; category unavailable)
2025-04-01,2025,April,4,FY2024-25,National,"Housing, Water, Electricity, Gas & Fuels",,,,,https://www.pbs.gov.pk/wp-content/uploads/2020/07/indices_and_growth_rates_historical-1.pdf (PBS historical indices; category unavailable)
2025-04-01,2025,April,4,FY2024-25,National,Furnishing & Household Equipment Maintenance,,,,,https://www.pbs.gov.pk/wp-content/uploads/2020/07/indices_and_growth_rates_historical-1.pdf (PBS historical indices; category unavailable)
2025-04-01,2025,April,4,FY2024-25,National,Health,,,,,https://www.pbs.gov.pk/wp-content/uploads/2020/07/indices_and_growth_rates_historical-1.pdf (PBS historical indices; category unavailable)
2025-04-01,2025,April,4,FY2024-25,National,Transport,,,,,https://www.pbs.gov.pk/wp-content/uploads/2020/07/indices_and_growth_rates_historical-1.pdf (PBS historical indices; category unavailable)
2025-04-01,2025,April,4,FY2024-25,National,Communication,,,,,https://www.pbs.gov.pk/wp-content/uploads/2020/07/indices_and_growth_rates_historical-1.pdf (PBS historical indices; category unavailable)
2025-04-01,2025,April,4,FY2024-25,National,Recreation & Culture,,,,,https://www.pbs.gov.pk/wp-content/uploads/2020/07/indices_and_growth_rates_historical-1.pdf (PBS historical indices; category unavailable)
2025-04-01,2025,April,4,FY2024-25,National,Education,,,,,https://www.pbs.gov.pk/wp-content/uploads/2020/07/indices_and_growth_rates_historical-1.pdf (PBS historical indices; category unavailable)
2025-04-01,2025,April,4,FY2024-25,National,Restaurants & Hotels,,,,,https://www.pbs.gov.pk/wp-content/uploads/2020/07/indices_and_growth_rates_historical-1.pdf (PBS historical indices; category unavailable)
2025-04-01,2025,April,4,FY2024-25,National,Miscellaneous Goods & Services,,,,,https://www.pbs.gov.pk/wp-content/uploads/2020/07/indices_and_growth_rates_historical-1.pdf (PBS historical indices; category unavailable)
2025-04-01,2025,April,4,FY2024-25,Urban,Food & Non-Alcoholic Beverages,,,,,https://www.pbs.gov.pk/wp-content/uploads/2020/07/indices_and_growth_rates_historical-1.pdf (PBS historical indices; category unavailable)
2025-04-01,2025,April,4,FY2024-25,Urban,Alcoholic Beverages & Tobacco,,,,,https://www.pbs.gov.pk/wp-content/uploads/2020/07/indices_and_growth_rates_historical-1.pdf (PBS historical indices; category unavailable)
2025-04-01,2025,April,4,FY2024-25,Urban,Clothing & Footwear,,,,,https://www.pbs.gov.pk/wp-content/uploads/2020/07/indices_and_growth_rates_historical-1.pdf (PBS historical indices; category unavailable)
2025-04-01,2025,April,4,FY2024-25,Urban,"Housing, Water, Electricity, Gas & Fuels",,,,,https://www.pbs.gov.pk/wp-content/uploads/2020/07/indices_and_growth_rates_historical-1.pdf (PBS historical indices; category unavailable)
2025-04-01,2025,April,4,FY2024-25,Urban,Furnishing & Household Equipment Maintenance,,,,,https://www.pbs.gov.pk/wp-content/uploads/2020/07/indices_and_growth_rates_historical-1.pdf (PBS historical indices; category unavailable)
2025-04-01,2025,April,4,FY2024-25,Urban,Health,,,,,https://www.pbs.gov.pk/wp-content/uploads/2020/07/indices_and_growth_rates_historical-1.pdf (PBS historical indices; category unavailable)
2025-04-01,2025,April,4,FY2024-25,Urban,Transport,,,,,https://www.pbs.gov.pk/wp-content/uploads/2020/07/indices_and_growth_rates_historical-1.pdf (PBS historical indices; category unavailable)
2025-04-01,2025,April,4,FY2024-25,Urban,Communication,,,,,https://www.pbs.gov.pk/wp-content/uploads/2020/07/indices_and_growth_rates_historical-1.pdf (PBS historical indices; category unavailable)
2025-04-01,2025,April,4,FY2024-25,Urban,Recreation & Culture,,,,,https://www.pbs.gov.pk/wp-content/uploads/2020/07/indices_and_growth_rates_historical-1.pdf (PBS historical indices; category unavailable)
2025-04-01,2025,April,4,FY2024-25,Urban,Education,,,,,https://www.pbs.gov.pk/wp-content/uploads/2020/07/indices_and_growth_rates_historical-1.pdf (PBS historical indices; category unavailable)
2025-04-01,2025,April,4,FY2024-25,Urban,Restaurants & Hotels,,,,,https://www.pbs.gov.pk/wp-content/uploads/2020/07/indices_and_growth_rates_historical-1.pdf (PBS historical indices; category unavailable)
2025-04-01,2025,April,4,FY2024-25,Urban,Miscellaneous Goods & Services,,,,,https://www.pbs.gov.pk/wp-content/uploads/2020/07/indices_and_growth_rates_historical-1.pdf (PBS historical indices; category unavailable)
2025-04-01,2025,April,4,FY2024-25,Rural,Food & Non-Alcoholic Beverages,,,,,https://www.pbs.gov.pk/wp-content/uploads/2020/07/indices_and_growth_rates_historical-1.pdf (PBS historical indices; category unavailable)
2025-04-01,2025,April,4,FY2024-25,Rural,Alcoholic Beverages & Tobacco,,,,,https://www.pbs.gov.pk/wp-content/uploads/2020/07/indices_and_growth_rates_historical-1.pdf (PBS historical indices; category unavailable)
2025-04-01,2025,April,4,FY2024-25,Rural,Clothing & Footwear,,,,,https://www.pbs.gov.pk/wp-content/uploads/2020/07/indices_and_growth_rates_historical-1.pdf (PBS historical indices; category unavailable)
2025-04-01,2025,April,4,FY2024-25,Rural,"Housing, Water, Electricity, Gas & Fuels",,,,,https://www.pbs.gov.pk/wp-content/uploads/2020/07/indices_and_growth_rates_historical-1.pdf (PBS historical indices; category unavailable)
2025-04-01,2025,April,4,FY2024-25,Rural,Furnishing & Household Equipment Maintenance,,,,,https://www.pbs.gov.pk/wp-content/uploads/2020/07/indices_and_growth_rates_historical-1.pdf (PBS historical indices; category unavailable)
2025-04-01,2025,April,4,FY2024-25,Rural,Health,,,,,https://www.pbs.gov.pk/wp-content/uploads/2020/07/indices_and_growth_rates_historical-1.pdf (PBS historical indices; category unavailable)
2025-04-01,2025,April,4,FY2024-25,Rural,Transport,,,,,https://www.pbs.gov.pk/wp-content/uploads/2020/07/indices_and_growth_rates_historical-1.pdf (PBS historical indices; category unavailable)
2025-04-01,2025,April,4,FY2024-25,Rural,Communication,,,,,https://www.pbs.gov.pk/wp-content/uploads/2020/07/indices_and_growth_rates_historical-1.pdf (PBS historical indices; category unavailable)
2025-04-01,2025,April,4,FY2024-25,Rural,Recreation & Culture,,,,,https://www.pbs.gov.pk/wp-content/uploads/2020/07/indices_and_growth_rates_historical-1.pdf (PBS historical indices; category unavailable)
2025-04-01,2025,April,4,FY2024-25,Rural,Education,,,,,https://www.pbs.gov.pk/wp-content/uploads/2020/07/indices_and_growth_rates_historical-1.pdf (PBS historical indices; category unavailable)
2025-04-01,2025,April,4,FY2024-25,Rural,Restaurants & Hotels,,,,,https://www.pbs.gov.pk/wp-content/uploads/2020/07/indices_and_growth_rates_historical-1.pdf (PBS historical indices; category unavailable)
2025-04-01,2025,April,4,FY2024-25,Rural,Miscellaneous Goods & Services,,,,,https://www.pbs.gov.pk/wp-content/uploads/2020/07/indices_and_growth_rates_historical-1.pdf (PBS historical indices; category unavailable)
2025-05-01,2025,May,5,FY2024-25,National,Food & Non-Alcoholic Beverages,,,,,https://www.pbs.gov.pk/wp-content/uploads/2020/07/indices_and_growth_rates_historical-1.pdf (PBS historical indices; category unavailable)
2025-05-01,2025,May,5,FY2024-25,National,Alcoholic Beverages & Tobacco,,,,,https://www.pbs.gov.pk/wp-content/uploads/2020/07/indices_and_growth_rates_historical-1.pdf (PBS historical indices; category unavailable)
2025-05-01,2025,May,5,FY2024-25,National,Clothing & Footwear,,,,,https://www.pbs.gov.pk/wp-content/uploads/2020/07/indices_and_growth_rates_historical-1.pdf (PBS historical indices; category unavailable)
2025-05-01,2025,May,5,FY2024-25,National,"Housing, Water, Electricity, Gas & Fuels",,,,,https://www.pbs.gov.pk/wp-content/uploads/2020/07/indices_and_growth_rates_historical-1.pdf (PBS historical indices; category unavailable)
2025-05-01,2025,May,5,FY2024-25,National,Furnishing & Household Equipment Maintenance,,,,,https://www.pbs.gov.pk/wp-content/uploads/2020/07/indices_and_growth_rates_historical-1.pdf (PBS historical indices; category unavailable)
2025-05-01,2025,May,5,FY2024-25,National,Health,,,,,https://www.pbs.gov.pk/wp-content/uploads/2020/07/indices_and_growth_rates_historical-1.pdf (PBS historical indices; category unavailable)
2025-05-01,2025,May,5,FY2024-25,National,Transport,,,,,https://www.pbs.gov.pk/wp-content/uploads/2020/07/indices_and_growth_rates_historical-1.pdf (PBS historical indices; category unavailable)
2025-05-01,2025,May,5,FY2024-25,National,Communication,,,,,https://www.pbs.gov.pk/wp-content/uploads/2020/07/indices_and_growth_rates_historical-1.pdf (PBS historical indices; category unavailable)
2025-05-01,2025,May,5,FY2024-25,National,Recreation & Culture,,,,,https://www.pbs.gov.pk/wp-content/uploads/2020/07/indices_and_growth_rates_historical-1.pdf (PBS historical indices; category unavailable)
2025-05-01,2025,May,5,FY2024-25,National,Education,,,,,https://www.pbs.gov.pk/wp-content/uploads/2020/07/indices_and_growth_rates_historical-1.pdf (PBS historical indices; category unavailable)
2025-05-01,2025,May,5,FY2024-25,National,Restaurants & Hotels,,,,,https://www.pbs.gov.pk/wp-content/uploads/2020/07/indices_and_growth_rates_historical-1.pdf (PBS historical indices; category unavailable)
2025-05-01,2025,May,5,FY2024-25,National,Miscellaneous Goods & Services,,,,,https://www.pbs.gov.pk/wp-content/uploads/2020/07/indices_and_growth_rates_historical-1.pdf (PBS historical indices; category unavailable)
2025-05-01,2025,May,5,FY2024-25,Urban,Food & Non-Alcoholic Beverages,,,,,https://www.pbs.gov.pk/wp-content/uploads/2020/07/indices_and_growth_rates_historical-1.pdf (PBS historical indices; category unavailable)
2025-05-01,2025,May,5,FY2024-25,Urban,Alcoholic Beverages & Tobacco,,,,,https://www.pbs.gov.pk/wp-content/uploads/2020/07/indices_and_growth_rates_historical-1.pdf (PBS historical indices; category unavailable)
2025-05-01,2025,May,5,FY2024-25,Urban,Clothing & Footwear,,,,,https://www.pbs.gov.pk/wp-content/uploads/2020/07/indices_and_growth_rates_historical-1.pdf (PBS historical indices; category unavailable)
2025-05-01,2025,May,5,FY2024-25,Urban,"Housing, Water, Electricity, Gas & Fuels",,,,,https://www.pbs.gov.pk/wp-content/uploads/2020/07/indices_and_growth_rates_historical-1.pdf (PBS historical indices; category unavailable)
2025-05-01,2025,May,5,FY2024-25,Urban,Furnishing & Household Equipment Maintenance,,,,,https://www.pbs.gov.pk/wp-content/uploads/2020/07/indices_and_growth_rates_historical-1.pdf (PBS historical indices; category unavailable)
2025-05-01,2025,May,5,FY2024-25,Urban,Health,,,,,https://www.pbs.gov.pk/wp-content/uploads/2020/07/indices_and_growth_rates_historical-1.pdf (PBS historical indices; category unavailable)
2025-05-01,2025,May,5,FY2024-25,Urban,Transport,,,,,https://www.pbs.gov.pk/wp-content/uploads/2020/07/indices_and_growth_rates_historical-1.pdf (PBS historical indices; category unavailable)
2025-05-01,2025,May,5,FY2024-25,Urban,Communication,,,,,https://www.pbs.gov.pk/wp-content/uploads/2020/07/indices_and_growth_rates_historical-1.pdf (PBS historical indices; category unavailable)
2025-05-01,2025,May,5,FY2024-25,Urban,Recreation & Culture,,,,,https://www.pbs.gov.pk/wp-content/uploads/2020/07/indices_and_growth_rates_historical-1.pdf (PBS historical indices; category unavailable)
2025-05-01,2025,May,5,FY2024-25,Urban,Education,,,,,https://www.pbs.gov.pk/wp-content/uploads/2020/07/indices_and_growth_rates_historical-1.pdf (PBS historical indices; category unavailable)
2025-05-01,2025,May,5,FY2024-25,Urban,Restaurants & Hotels,,,,,https://www.pbs.gov.pk/wp-content/uploads/2020/07/indices_and_growth_rates_historical-1.pdf (PBS historical indices; category unavailable)
2025-05-01,2025,May,5,FY2024-25,Urban,Miscellaneous Goods & Services,,,,,https://www.pbs.gov.pk/wp-content/uploads/2020/07/indices_and_growth_rates_historical-1.pdf (PBS historical indices; category unavailable)
2025-05-01,2025,May,5,FY2024-25,Rural,Food & Non-Alcoholic Beverages,,,,,https://www.pbs.gov.pk/wp-content/uploads/2020/07/indices_and_growth_rates_historical-1.pdf (PBS historical indices; category unavailable)
2025-05-01,2025,May,5,FY2024-25,Rural,Alcoholic Beverages & Tobacco,,,,,https://www.pbs.gov.pk/wp-content/uploads/2020/07/indices_and_growth_rates_historical-1.pdf (PBS historical indices; category unavailable)
2025-05-01,2025,May,5,FY2024-25,Rural,Clothing & Footwear,,,,,https://www.pbs.gov.pk/wp-content/uploads/2020/07/indices_and_growth_rates_historical-1.pdf (PBS historical indices; category unavailable)
2025-05-01,2025,May,5,FY2024-25,Rural,"Housing, Water, Electricity, Gas & Fuels",,,,,https://www.pbs.gov.pk/wp-content/uploads/2020/07/indices_and_growth_rates_historical-1.pdf (PBS historical indices; category unavailable)
2025-05-01,2025,May,5,FY2024-25,Rural,Furnishing & Household Equipment Maintenance,,,,,https://www.pbs.gov.pk/wp-content/uploads/2020/07/indices_and_growth_rates_historical-1.pdf (PBS historical indices; category unavailable)
2025-05-01,2025,May,5,FY2024-25,Rural,Health,,,,,https://www.pbs.gov.pk/wp-content/uploads/2020/07/indices_and_growth_rates_historical-1.pdf (PBS historical indices; category unavailable)
2025-05-01,2025,May,5,FY2024-25,Rural,Transport,,,,,https://www.pbs.gov.pk/wp-content/uploads/2020/07/indices_and_growth_rates_historical-1.pdf (PBS historical indices; category unavailable)
2025-05-01,2025,May,5,FY2024-25,Rural,Communication,,,,,https://www.pbs.gov.pk/wp-content/uploads/2020/07/indices_and_growth_rates_historical-1.pdf (PBS historical indices; category unavailable)
2025-05-01,2025,May,5,FY2024-25,Rural,Recreation & Culture,,,,,https://www.pbs.gov.pk/wp-content/uploads/2020/07/indices_and_growth_rates_historical-1.pdf (PBS historical indices; category unavailable)
2025-05-01,2025,May,5,FY2024-25,Rural,Education,,,,,https://www.pbs.gov.pk/wp-content/uploads/2020/07/indices_and_growth_rates_historical-1.pdf (PBS historical indices; category unavailable)
2025-05-01,2025,May,5,FY2024-25,Rural,Restaurants & Hotels,,,,,https://www.pbs.gov.pk/wp-content/uploads/2020/07/indices_and_growth_rates_historical-1.pdf (PBS historical indices; category unavailable)
2025-05-01,2025,May,5,FY2024-25,Rural,Miscellaneous Goods & Services,,,,,https://www.pbs.gov.pk/wp-content/uploads/2020/07/indices_and_growth_rates_historical-1.pdf (PBS historical indices; category unavailable)
2025-06-01,2025,June,6,FY2024-25,National,Food & Non-Alcoholic Beverages,,,,,https://www.pbs.gov.pk/wp-content/uploads/2020/07/indices_and_growth_rates_historical-1.pdf (PBS historical indices; category unavailable)
2025-06-01,2025,June,6,FY2024-25,National,Alcoholic Beverages & Tobacco,,,,,https://www.pbs.gov.pk/wp-content/uploads/2020/07/indices_and_growth_rates_historical-1.pdf (PBS historical indices; category unavailable)
2025-06-01,2025,June,6,FY2024-25,National,Clothing & Footwear,,,,,https://www.pbs.gov.pk/wp-content/uploads/2020/07/indices_and_growth_rates_historical-1.pdf (PBS historical indices; category unavailable)
2025-06-01,2025,June,6,FY2024-25,National,"Housing, Water, Electricity, Gas & Fuels",,,,,https://www.pbs.gov.pk/wp-content/uploads/2020/07/indices_and_growth_rates_historical-1.pdf (PBS historical indices; category unavailable)
2025-06-01,2025,June,6,FY2024-25,National,Furnishing & Household Equipment Maintenance,,,,,https://www.pbs.gov.pk/wp-content/uploads/2020/07/indices_and_growth_rates_historical-1.pdf (PBS historical indices; category unavailable)
2025-06-01,2025,June,6,FY2024-25,National,Health,,,,,https://www.pbs.gov.pk/wp-content/uploads/2020/07/indices_and_growth_rates_historical-1.pdf (PBS historical indices; category unavailable)
2025-06-01,2025,June,6,FY2024-25,National,Transport,,,,,https://www.pbs.gov.pk/wp-content/uploads/2020/07/indices_and_growth_rates_historical-1.pdf (PBS historical indices; category unavailable)
2025-06-01,2025,June,6,FY2024-25,National,Communication,,,,,https://www.pbs.gov.pk/wp-content/uploads/2020/07/indices_and_growth_rates_historical-1.pdf (PBS historical indices; category unavailable)
2025-06-01,2025,June,6,FY2024-25,National,Recreation & Culture,,,,,https://www.pbs.gov.pk/wp-content/uploads/2020/07/indices_and_growth_rates_historical-1.pdf (PBS historical indices; category unavailable)
2025-06-01,2025,June,6,FY2024-25,National,Education,,,,,https://www.pbs.gov.pk/wp-content/uploads/2020/07/indices_and_growth_rates_historical-1.pdf (PBS historical indices; category unavailable)
2025-06-01,2025,June,6,FY2024-25,National,Restaurants & Hotels,,,,,https://www.pbs.gov.pk/wp-content/uploads/2020/07/indices_and_growth_rates_historical-1.pdf (PBS historical indices; category unavailable)
2025-06-01,2025,June,6,FY2024-25,National,Miscellaneous Goods & Services,,,,,https://www.pbs.gov.pk/wp-content/uploads/2020/07/indices_and_growth_rates_historical-1.pdf (PBS historical indices; category unavailable)
2025-06-01,2025,June,6,FY2024-25,Urban,Food & Non-Alcoholic Beverages,,,,,https://www.pbs.gov.pk/wp-content/uploads/2020/07/indices_and_growth_rates_historical-1.pdf (PBS historical indices; category unavailable)
2025-06-01,2025,June,6,FY2024-25,Urban,Alcoholic Beverages & Tobacco,,,,,https://www.pbs.gov.pk/wp-content/uploads/2020/07/indices_and_growth_rates_historical-1.pdf (PBS historical indices; category unavailable)
2025-06-01,2025,June,6,FY2024-25,Urban,Clothing & Footwear,,,,,https://www.pbs.gov.pk/wp-content/uploads/2020/07/indices_and_growth_rates_historical-1.pdf (PBS historical indices; category unavailable)
2025-06-01,2025,June,6,FY2024-25,Urban,"Housing, Water, Electricity, Gas & Fuels",,,,,https://www.pbs.gov.pk/wp-content/uploads/2020/07/indices_and_growth_rates_historical-1.pdf (PBS historical indices; category unavailable)
2025-06-01,2025,June,6,FY2024-25,Urban,Furnishing & Household Equipment Maintenance,,,,,https://www.pbs.gov.pk/wp-content/uploads/2020/07/indices_and_growth_rates_historical-1.pdf (PBS historical indices; category unavailable)
2025-06-01,2025,June,6,FY2024-25,Urban,Health,,,,,https://www.pbs.gov.pk/wp-content/uploads/2020/07/indices_and_growth_rates_historical-1.pdf (PBS historical indices; category unavailable)
2025-06-01,2025,June,6,FY2024-25,Urban,Transport,,,,,https://www.pbs.gov.pk/wp-content/uploads/2020/07/indices_and_growth_rates_historical-1.pdf (PBS historical indices; category unavailable)
2025-06-01,2025,June,6,FY2024-25,Urban,Communication,,,,,https://www.pbs.gov.pk/wp-content/uploads/2020/07/indices_and_growth_rates_historical-1.pdf (PBS historical indices; category unavailable)
2025-06-01,2025,June,6,FY2024-25,Urban,Recreation & Culture,,,,,https://www.pbs.gov.pk/wp-content/uploads/2020/07/indices_and_growth_rates_historical-1.pdf (PBS historical indices; category unavailable)
2025-06-01,2025,June,6,FY2024-25,Urban,Education,,,,,https://www.pbs.gov.pk/wp-content/uploads/2020/07/indices_and_growth_rates_historical-1.pdf (PBS historical indices; category unavailable)
2025-06-01,2025,June,6,FY2024-25,Urban,Restaurants & Hotels,,,,,https://www.pbs.gov.pk/wp-content/uploads/2020/07/indices_and_growth_rates_historical-1.pdf (PBS historical indices; category unavailable)
2025-06-01,2025,June,6,FY2024-25,Urban,Miscellaneous Goods & Services,,,,,https://www.pbs.gov.pk/wp-content/uploads/2020/07/indices_and_growth_rates_historical-1.pdf (PBS historical indices; category unavailable)
2025-06-01,2025,June,6,FY2024-25,Rural,Food & Non-Alcoholic Beverages,,,,,https://www.pbs.gov.pk/wp-content/uploads/2020/07/indices_and_growth_rates_historical-1.pdf (PBS historical indices; category unavailable)
2025-06-01,2025,June,6,FY2024-25,Rural,Alcoholic Beverages & Tobacco,,,,,https://www.pbs.gov.pk/wp-content/uploads/2020/07/indices_and_growth_rates_historical-1.pdf (PBS historical indices; category unavailable)
2025-06-01,2025,June,6,FY2024-25,Rural,Clothing & Footwear,,,,,https://www.pbs.gov.pk/wp-content/uploads/2020/07/indices_and_growth_rates_historical-1.pdf (PBS historical indices; category unavailable)
2025-06-01,2025,June,6,FY2024-25,Rural,"Housing, Water, Electricity, Gas & Fuels",,,,,https://www.pbs.gov.pk/wp-content/uploads/2020/07/indices_and_growth_rates_historical-1.pdf (PBS historical indices; category unavailable)
2025-06-01,2025,June,6,FY2024-25,Rural,Furnishing & Household Equipment Maintenance,,,,,https://www.pbs.gov.pk/wp-content/uploads/2020/07/indices_and_growth_rates_historical-1.pdf (PBS historical indices; category unavailable)
2025-06-01,2025,June,6,FY2024-25,Rural,Health,,,,,https://www.pbs.gov.pk/wp-content/uploads/2020/07/indices_and_growth_rates_historical-1.pdf (PBS historical indices; category unavailable)
2025-06-01,2025,June,6,FY2024-25,Rural,Transport,,,,,https://www.pbs.gov.pk/wp-content/uploads/2020/07/indices_and_growth_rates_historical-1.pdf (PBS historical indices; category unavailable)
2025-06-01,2025,June,6,FY2024-25,Rural,Communication,,,,,https://www.pbs.gov.pk/wp-content/uploads/2020/07/indices_and_growth_rates_historical-1.pdf (PBS historical indices; category unavailable)
2025-06-01,2025,June,6,FY2024-25,Rural,Recreation & Culture,,,,,https://www.pbs.gov.pk/wp-content/uploads/2020/07/indices_and_growth_rates_historical-1.pdf (PBS historical indices; category unavailable)
2025-06-01,2025,June,6,FY2024-25,Rural,Education,,,,,https://www.pbs.gov.pk/wp-content/uploads/2020/07/indices_and_growth_rates_historical-1.pdf (PBS historical indices; category unavailable)
2025-06-01,2025,June,6,FY2024-25,Rural,Restaurants & Hotels,,,,,https://www.pbs.gov.pk/wp-content/uploads/2020/07/indices_and_growth_rates_historical-1.pdf (PBS historical indices; category unavailable)
2025-06-01,2025,June,6,FY2024-25,Rural,Miscellaneous Goods & Services,,,,,https://www.pbs.gov.pk/wp-content/uploads/2020/07/indices_and_growth_rates_historical-1.pdf (PBS historical indices; category unavailable)
2025-07-01,2025,July,7,FY2025-26,National,Food & Non-Alcoholic Beverages,,,,,https://www.pbs.gov.pk/wp-content/uploads/2020/07/indices_and_growth_rates_historical-1.pdf (PBS historical indices; category unavailable)
2025-07-01,2025,July,7,FY2025-26,National,Alcoholic Beverages & Tobacco,,,,,https://www.pbs.gov.pk/wp-content/uploads/2020/07/indices_and_growth_rates_historical-1.pdf (PBS historical indices; category unavailable)
2025-07-01,2025,July,7,FY2025-26,National,Clothing & Footwear,,,,,https://www.pbs.gov.pk/wp-content/uploads/2020/07/indices_and_growth_rates_historical-1.pdf (PBS historical indices; category unavailable)
2025-07-01,2025,July,7,FY2025-26,National,"Housing, Water, Electricity, Gas & Fuels",,,,,https://www.pbs.gov.pk/wp-content/uploads/2020/07/indices_and_growth_rates_historical-1.pdf (PBS historical indices; category unavailable)
2025-07-01,2025,July,7,FY2025-26,National,Furnishing & Household Equipment Maintenance,,,,,https://www.pbs.gov.pk/wp-content/uploads/2020/07/indices_and_growth_rates_historical-1.pdf (PBS historical indices; category unavailable)
2025-07-01,2025,July,7,FY2025-26,National,Health,,,,,https://www.pbs.gov.pk/wp-content/uploads/2020/07/indices_and_growth_rates_historical-1.pdf (PBS historical indices; category unavailable)
2025-07-01,2025,July,7,FY2025-26,National,Transport,,,,,https://www.pbs.gov.pk/wp-content/uploads/2020/07/indices_and_growth_rates_historical-1.pdf (PBS historical indices; category unavailable)
2025-07-01,2025,July,7,FY2025-26,National,Communication,,,,,https://www.pbs.gov.pk/wp-content/uploads/2020/07/indices_and_growth_rates_historical-1.pdf (PBS historical indices; category unavailable)
2025-07-01,2025,July,7,FY2025-26,National,Recreation & Culture,,,,,https://www.pbs.gov.pk/wp-content/uploads/2020/07/indices_and_growth_rates_historical-1.pdf (PBS historical indices; category unavailable)
2025-07-01,2025,July,7,FY2025-26,National,Education,,,,,https://www.pbs.gov.pk/wp-content/uploads/2020/07/indices_and_growth_rates_historical-1.pdf (PBS historical indices; category unavailable)
2025-07-01,2025,July,7,FY2025-26,National,Restaurants & Hotels,,,,,https://www.pbs.gov.pk/wp-content/uploads/2020/07/indices_and_growth_rates_historical-1.pdf (PBS historical indices; category unavailable)
2025-07-01,2025,July,7,FY2025-26,National,Miscellaneous Goods & Services,,,,,https://www.pbs.gov.pk/wp-content/uploads/2020/07/indices_and_growth_rates_historical-1.pdf (PBS historical indices; category unavailable)
2025-07-01,2025,July,7,FY2025-26,Urban,Food & Non-Alcoholic Beverages,,,,,https://www.pbs.gov.pk/wp-content/uploads/2020/07/indices_and_growth_rates_historical-1.pdf (PBS historical indices; category unavailable)
2025-07-01,2025,July,7,FY2025-26,Urban,Alcoholic Beverages & Tobacco,,,,,https://www.pbs.gov.pk/wp-content/uploads/2020/07/indices_and_growth_rates_historical-1.pdf (PBS historical indices; category unavailable)
2025-07-01,2025,July,7,FY2025-26,Urban,Clothing & Footwear,,,,,https://www.pbs.gov.pk/wp-content/uploads/2020/07/indices_and_growth_rates_historical-1.pdf (PBS historical indices; category unavailable)
2025-07-01,2025,July,7,FY2025-26,Urban,"Housing, Water, Electricity, Gas & Fuels",,,,,https://www.pbs.gov.pk/wp-content/uploads/2020/07/indices_and_growth_rates_historical-1.pdf (PBS historical indices; category unavailable)
2025-07-01,2025,July,7,FY2025-26,Urban,Furnishing & Household Equipment Maintenance,,,,,https://www.pbs.gov.pk/wp-content/uploads/2020/07/indices_and_growth_rates_historical-1.pdf (PBS historical indices; category unavailable)
2025-07-01,2025,July,7,FY2025-26,Urban,Health,,,,,https://www.pbs.gov.pk/wp-content/uploads/2020/07/indices_and_growth_rates_historical-1.pdf (PBS historical indices; category unavailable)
2025-07-01,2025,July,7,FY2025-26,Urban,Transport,,,,,https://www.pbs.gov.pk/wp-content/uploads/2020/07/indices_and_growth_rates_historical-1.pdf (PBS historical indices; category unavailable)
2025-07-01,2025,July,7,FY2025-26,Urban,Communication,,,,,https://www.pbs.gov.pk/wp-content/uploads/2020/07/indices_and_growth_rates_historical-1.pdf (PBS historical indices; category unavailable)
2025-07-01,2025,July,7,FY2025-26,Urban,Recreation & Culture,,,,,https://www.pbs.gov.pk/wp-content/uploads/2020/07/indices_and_growth_rates_historical-1.pdf (PBS historical indices; category unavailable)
2025-07-01,2025,July,7,FY2025-26,Urban,Education,,,,,https://www.pbs.gov.pk/wp-content/uploads/2020/07/indices_and_growth_rates_historical-1.pdf (PBS historical indices; category unavailable)
2025-07-01,2025,July,7,FY2025-26,Urban,Restaurants & Hotels,,,,,https://www.pbs.gov.pk/wp-content/uploads/2020/07/indices_and_growth_rates_historical-1.pdf (PBS historical indices; category unavailable)
2025-07-01,2025,July,7,FY2025-26,Urban,Miscellaneous Goods & Services,,,,,https://www.pbs.gov.pk/wp-content/uploads/2020/07/indices_and_growth_rates_historical-1.pdf (PBS historical indices; category unavailable)
2025-07-01,2025,July,7,FY2025-26,Rural,Food & Non-Alcoholic Beverages,,,,,https://www.pbs.gov.pk/wp-content/uploads/2020/07/indices_and_growth_rates_historical-1.pdf (PBS historical indices; category unavailable)
2025-07-01,2025,July,7,FY2025-26,Rural,Alcoholic Beverages & Tobacco,,,,,https://www.pbs.gov.pk/wp-content/uploads/2020/07/indices_and_growth_rates_historical-1.pdf (PBS historical indices; category unavailable)
2025-07-01,2025,July,7,FY2025-26,Rural,Clothing & Footwear,,,,,https://www.pbs.gov.pk/wp-content/uploads/2020/07/indices_and_growth_rates_historical-1.pdf (PBS historical indices; category unavailable)
2025-07-01,2025,July,7,FY2025-26,Rural,"Housing, Water, Electricity, Gas & Fuels",,,,,https://www.pbs.gov.pk/wp-content/uploads/2020/07/indices_and_growth_rates_historical-1.pdf (PBS historical indices; category unavailable)
2025-07-01,2025,July,7,FY2025-26,Rural,Furnishing & Household Equipment Maintenance,,,,,https://www.pbs.gov.pk/wp-content/uploads/2020/07/indices_and_growth_rates_historical-1.pdf (PBS historical indices; category unavailable)
2025-07-01,2025,July,7,FY2025-26,Rural,Health,,,,,https://www.pbs.gov.pk/wp-content/uploads/2020/07/indices_and_growth_rates_historical-1.pdf (PBS historical indices; category unavailable)
2025-07-01,2025,July,7,FY2025-26,Rural,Transport,,,,,https://www.pbs.gov.pk/wp-content/uploads/2020/07/indices_and_growth_rates_historical-1.pdf (PBS historical indices; category unavailable)
2025-07-01,2025,July,7,FY2025-26,Rural,Communication,,,,,https://www.pbs.gov.pk/wp-content/uploads/2020/07/indices_and_growth_rates_historical-1.pdf (PBS historical indices; category unavailable)
2025-07-01,2025,July,7,FY2025-26,Rural,Recreation & Culture,,,,,https://www.pbs.gov.pk/wp-content/uploads/2020/07/indices_and_growth_rates_historical-1.pdf (PBS historical indices; category unavailable)
2025-07-01,2025,July,7,FY2025-26,Rural,Education,,,,,https://www.pbs.gov.pk/wp-content/uploads/2020/07/indices_and_growth_rates_historical-1.pdf (PBS historical indices; category unavailable)
2025-07-01,2025,July,7,FY2025-26,Rural,Restaurants & Hotels,,,,,https://www.pbs.gov.pk/wp-content/uploads/2020/07/indices_and_growth_rates_historical-1.pdf (PBS historical indices; category unavailable)
2025-07-01,2025,July,7,FY2025-26,Rural,Miscellaneous Goods & Services,,,,,https://www.pbs.gov.pk/wp-content/uploads/2020/07/indices_and_growth_rates_historical-1.pdf (PBS historical indices; category unavailable)
2025-08-01,2025,August,8,FY2025-26,National,Food & Non-Alcoholic Beverages,,,,,https://www.pbs.gov.pk/wp-content/uploads/2020/07/indices_and_growth_rates_historical-1.pdf (PBS historical indices; category unavailable)
2025-08-01,2025,August,8,FY2025-26,National,Alcoholic Beverages & Tobacco,,,,,https://www.pbs.gov.pk/wp-content/uploads/2020/07/indices_and_growth_rates_historical-1.pdf (PBS historical indices; category unavailable)
2025-08-01,2025,August,8,FY2025-26,National,Clothing & Footwear,,,,,https://www.pbs.gov.pk/wp-content/uploads/2020/07/indices_and_growth_rates_historical-1.pdf (PBS historical indices; category unavailable)
2025-08-01,2025,August,8,FY2025-26,National,"Housing, Water, Electricity, Gas & Fuels",,,,,https://www.pbs.gov.pk/wp-content/uploads/2020/07/indices_and_growth_rates_historical-1.pdf (PBS historical indices; category unavailable)
2025-08-01,2025,August,8,FY2025-26,National,Furnishing & Household Equipment Maintenance,,,,,https://www.pbs.gov.pk/wp-content/uploads/2020/07/indices_and_growth_rates_historical-1.pdf (PBS historical indices; category unavailable)
2025-08-01,2025,August,8,FY2025-26,National,Health,,,,,https://www.pbs.gov.pk/wp-content/uploads/2020/07/indices_and_growth_rates_historical-1.pdf (PBS historical indices; category unavailable)
2025-08-01,2025,August,8,FY2025-26,National,Transport,,,,,https://www.pbs.gov.pk/wp-content/uploads/2020/07/indices_and_growth_rates_historical-1.pdf (PBS historical indices; category unavailable)
2025-08-01,2025,August,8,FY2025-26,National,Communication,,,,,https://www.pbs.gov.pk/wp-content/uploads/2020/07/indices_and_growth_rates_historical-1.pdf (PBS historical indices; category unavailable)
2025-08-01,2025,August,8,FY2025-26,National,Recreation & Culture,,,,,https://www.pbs.gov.pk/wp-content/uploads/2020/07/indices_and_growth_rates_historical-1.pdf (PBS historical indices; category unavailable)
2025-08-01,2025,August,8,FY2025-26,National,Education,,,,,https://www.pbs.gov.pk/wp-content/uploads/2020/07/indices_and_growth_rates_historical-1.pdf (PBS historical indices; category unavailable)
2025-08-01,2025,August,8,FY2025-26,National,Restaurants & Hotels,,,,,https://www.pbs.gov.pk/wp-content/uploads/2020/07/indices_and_growth_rates_historical-1.pdf (PBS historical indices; category unavailable)
2025-08-01,2025,August,8,FY2025-26,National,Miscellaneous Goods & Services,,,,,https://www.pbs.gov.pk/wp-content/uploads/2020/07/indices_and_growth_rates_historical-1.pdf (PBS historical indices; category unavailable)
2025-08-01,2025,August,8,FY2025-26,Urban,Food & Non-Alcoholic Beverages,,,,,https://www.pbs.gov.pk/wp-content/uploads/2020/07/indices_and_growth_rates_historical-1.pdf (PBS historical indices; category unavailable)
2025-08-01,2025,August,8,FY2025-26,Urban,Alcoholic Beverages & Tobacco,,,,,https://www.pbs.gov.pk/wp-content/uploads/2020/07/indices_and_growth_rates_historical-1.pdf (PBS historical indices; category unavailable)
2025-08-01,2025,August,8,FY2025-26,Urban,Clothing & Footwear,,,,,https://www.pbs.gov.pk/wp-content/uploads/2020/07/indices_and_growth_rates_historical-1.pdf (PBS historical indices; category unavailable)
2025-08-01,2025,August,8,FY2025-26,Urban,"Housing, Water, Electricity, Gas & Fuels",,,,,https://www.pbs.gov.pk/wp-content/uploads/2020/07/indices_and_growth_rates_historical-1.pdf (PBS historical indices; category unavailable)
2025-08-01,2025,August,8,FY2025-26,Urban,Furnishing & Household Equipment Maintenance,,,,,https://www.pbs.gov.pk/wp-content/uploads/2020/07/indices_and_growth_rates_historical-1.pdf (PBS historical indices; category unavailable)
2025-08-01,2025,August,8,FY2025-26,Urban,Health,,,,,https://www.pbs.gov.pk/wp-content/uploads/2020/07/indices_and_growth_rates_historical-1.pdf (PBS historical indices; category unavailable)
2025-08-01,2025,August,8,FY2025-26,Urban,Transport,,,,,https://www.pbs.gov.pk/wp-content/uploads/2020/07/indices_and_growth_rates_historical-1.pdf (PBS historical indices; category unavailable)
2025-08-01,2025,August,8,FY2025-26,Urban,Communication,,,,,https://www.pbs.gov.pk/wp-content/uploads/2020/07/indices_and_growth_rates_historical-1.pdf (PBS historical indices; category unavailable)
2025-08-01,2025,August,8,FY2025-26,Urban,Recreation & Culture,,,,,https://www.pbs.gov.pk/wp-content/uploads/2020/07/indices_and_growth_rates_historical-1.pdf (PBS historical indices; category unavailable)
2025-08-01,2025,August,8,FY2025-26,Urban,Education,,,,,https://www.pbs.gov.pk/wp-content/uploads/2020/07/indices_and_growth_rates_historical-1.pdf (PBS historical indices; category unavailable)
2025-08-01,2025,August,8,FY2025-26,Urban,Restaurants & Hotels,,,,,https://www.pbs.gov.pk/wp-content/uploads/2020/07/indices_and_growth_rates_historical-1.pdf (PBS historical indices; category unavailable)
2025-08-01,2025,August,8,FY2025-26,Urban,Miscellaneous Goods & Services,,,,,https://www.pbs.gov.pk/wp-content/uploads/2020/07/indices_and_growth_rates_historical-1.pdf (PBS historical indices; category unavailable)
2025-08-01,2025,August,8,FY2025-26,Rural,Food & Non-Alcoholic Beverages,,,,,https://www.pbs.gov.pk/wp-content/uploads/2020/07/indices_and_growth_rates_historical-1.pdf (PBS historical indices; category unavailable)
2025-08-01,2025,August,8,FY2025-26,Rural,Alcoholic Beverages & Tobacco,,,,,https://www.pbs.gov.pk/wp-content/uploads/2020/07/indices_and_growth_rates_historical-1.pdf (PBS historical indices; category unavailable)
2025-08-01,2025,August,8,FY2025-26,Rural,Clothing & Footwear,,,,,https://www.pbs.gov.pk/wp-content/uploads/2020/07/indices_and_growth_rates_historical-1.pdf (PBS historical indices; category unavailable)
2025-08-01,2025,August,8,FY2025-26,Rural,"Housing, Water, Electricity, Gas & Fuels",,,,,https://www.pbs.gov.pk/wp-content/uploads/2020/07/indices_and_growth_rates_historical-1.pdf (PBS historical indices; category unavailable)
2025-08-01,2025,August,8,FY2025-26,Rural,Furnishing & Household Equipment Maintenance,,,,,https://www.pbs.gov.pk/wp-content/uploads/2020/07/indices_and_growth_rates_historical-1.pdf (PBS historical indices; category unavailable)
2025-08-01,2025,August,8,FY2025-26,Rural,Health,,,,,https://www.pbs.gov.pk/wp-content/uploads/2020/07/indices_and_growth_rates_historical-1.pdf (PBS historical indices; category unavailable)
2025-08-01,2025,August,8,FY2025-26,Rural,Transport,,,,,https://www.pbs.gov.pk/wp-content/uploads/2020/07/indices_and_growth_rates_historical-1.pdf (PBS historical indices; category unavailable)
2025-08-01,2025,August,8,FY2025-26,Rural,Communication,,,,,https://www.pbs.gov.pk/wp-content/uploads/2020/07/indices_and_growth_rates_historical-1.pdf (PBS historical indices; category unavailable)
2025-08-01,2025,August,8,FY2025-26,Rural,Recreation & Culture,,,,,https://www.pbs.gov.pk/wp-content/uploads/2020/07/indices_and_growth_rates_historical-1.pdf (PBS historical indices; category unavailable)
2025-08-01,2025,August,8,FY2025-26,Rural,Education,,,,,https://www.pbs.gov.pk/wp-content/uploads/2020/07/indices_and_growth_rates_historical-1.pdf (PBS historical indices; category unavailable)
2025-08-01,2025,August,8,FY2025-26,Rural,Restaurants & Hotels,,,,,https://www.pbs.gov.pk/wp-content/uploads/2020/07/indices_and_growth_rates_historical-1.pdf (PBS historical indices; category unavailable)
2025-08-01,2025,August,8,FY2025-26,Rural,Miscellaneous Goods & Services,,,,,https://www.pbs.gov.pk/wp-content/uploads/2020/07/indices_and_growth_rates_historical-1.pdf (PBS historical indices; category unavailable)
2025-09-01,2025,September,9,FY2025-26,National,Food & Non-Alcoholic Beverages,,,,,https://www.pbs.gov.pk/wp-content/uploads/2020/07/indices_and_growth_rates_historical-1.pdf (PBS historical indices; category unavailable)
2025-09-01,2025,September,9,FY2025-26,National,Alcoholic Beverages & Tobacco,,,,,https://www.pbs.gov.pk/wp-content/uploads/2020/07/indices_and_growth_rates_historical-1.pdf (PBS historical indices; category unavailable)
2025-09-01,2025,September,9,FY2025-26,National,Clothing & Footwear,,,,,https://www.pbs.gov.pk/wp-content/uploads/2020/07/indices_and_growth_rates_historical-1.pdf (PBS historical indices; category unavailable)
2025-09-01,2025,September,9,FY2025-26,National,"Housing, Water, Electricity, Gas & Fuels",,,,,https://www.pbs.gov.pk/wp-content/uploads/2020/07/indices_and_growth_rates_historical-1.pdf (PBS historical indices; category unavailable)
2025-09-01,2025,September,9,FY2025-26,National,Furnishing & Household Equipment Maintenance,,,,,https://www.pbs.gov.pk/wp-content/uploads/2020/07/indices_and_growth_rates_historical-1.pdf (PBS historical indices; category unavailable)
2025-09-01,2025,September,9,FY2025-26,National,Health,,,,,https://www.pbs.gov.pk/wp-content/uploads/2020/07/indices_and_growth_rates_historical-1.pdf (PBS historical indices; category unavailable)
2025-09-01,2025,September,9,FY2025-26,National,Transport,,,,,https://www.pbs.gov.pk/wp-content/uploads/2020/07/indices_and_growth_rates_historical-1.pdf (PBS historical indices; category unavailable)
2025-09-01,2025,September,9,FY2025-26,National,Communication,,,,,https://www.pbs.gov.pk/wp-content/uploads/2020/07/indices_and_growth_rates_historical-1.pdf (PBS historical indices; category unavailable)
2025-09-01,2025,September,9,FY2025-26,National,Recreation & Culture,,,,,https://www.pbs.gov.pk/wp-content/uploads/2020/07/indices_and_growth_rates_historical-1.pdf (PBS historical indices; category unavailable)
2025-09-01,2025,September,9,FY2025-26,National,Education,,,,,https://www.pbs.gov.pk/wp-content/uploads/2020/07/indices_and_growth_rates_historical-1.pdf (PBS historical indices; category unavailable)
2025-09-01,2025,September,9,FY2025-26,National,Restaurants & Hotels,,,,,https://www.pbs.gov.pk/wp-content/uploads/2020/07/indices_and_growth_rates_historical-1.pdf (PBS historical indices; category unavailable)
2025-09-01,2025,September,9,FY2025-26,National,Miscellaneous Goods & Services,,,,,https://www.pbs.gov.pk/wp-content/uploads/2020/07/indices_and_growth_rates_historical-1.pdf (PBS historical indices; category unavailable)
2025-09-01,2025,September,9,FY2025-26,Urban,Food & Non-Alcoholic Beverages,,,,,https://www.pbs.gov.pk/wp-content/uploads/2020/07/indices_and_growth_rates_historical-1.pdf (PBS historical indices; category unavailable)
2025-09-01,2025,September,9,FY2025-26,Urban,Alcoholic Beverages & Tobacco,,,,,https://www.pbs.gov.pk/wp-content/uploads/2020/07/indices_and_growth_rates_historical-1.pdf (PBS historical indices; category unavailable)
2025-09-01,2025,September,9,FY2025-26,Urban,Clothing & Footwear,,,,,https://www.pbs.gov.pk/wp-content/uploads/2020/07/indices_and_growth_rates_historical-1.pdf (PBS historical indices; category unavailable)
2025-09-01,2025,September,9,FY2025-26,Urban,"Housing, Water, Electricity, Gas & Fuels",,,,,https://www.pbs.gov.pk/wp-content/uploads/2020/07/indices_and_growth_rates_historical-1.pdf (PBS historical indices; category unavailable)
2025-09-01,2025,September,9,FY2025-26,Urban,Furnishing & Household Equipment Maintenance,,,,,https://www.pbs.gov.pk/wp-content/uploads/2020/07/indices_and_growth_rates_historical-1.pdf (PBS historical indices; category unavailable)
2025-09-01,2025,September,9,FY2025-26,Urban,Health,,,,,https://www.pbs.gov.pk/wp-content/uploads/2020/07/indices_and_growth_rates_historical-1.pdf (PBS historical indices; category unavailable)
2025-09-01,2025,September,9,FY2025-26,Urban,Transport,,,,,https://www.pbs.gov.pk/wp-content/uploads/2020/07/indices_and_growth_rates_historical-1.pdf (PBS historical indices; category unavailable)
2025-09-01,2025,September,9,FY2025-26,Urban,Communication,,,,,https://www.pbs.gov.pk/wp-content/uploads/2020/07/indices_and_growth_rates_historical-1.pdf (PBS historical indices; category unavailable)
2025-09-01,2025,September,9,FY2025-26,Urban,Recreation & Culture,,,,,https://www.pbs.gov.pk/wp-content/uploads/2020/07/indices_and_growth_rates_historical-1.pdf (PBS historical indices; category unavailable)
2025-09-01,2025,September,9,FY2025-26,Urban,Education,,,,,https://www.pbs.gov.pk/wp-content/uploads/2020/07/indices_and_growth_rates_historical-1.pdf (PBS historical indices; category unavailable)
2025-09-01,2025,September,9,FY2025-26,Urban,Restaurants & Hotels,,,,,https://www.pbs.gov.pk/wp-content/uploads/2020/07/indices_and_growth_rates_historical-1.pdf (PBS historical indices; category unavailable)
2025-09-01,2025,September,9,FY2025-26,Urban,Miscellaneous Goods & Services,,,,,https://www.pbs.gov.pk/wp-content/uploads/2020/07/indices_and_growth_rates_historical-1.pdf (PBS historical indices; category unavailable)
2025-09-01,2025,September,9,FY2025-26,Rural,Food & Non-Alcoholic Beverages,,,,,https://www.pbs.gov.pk/wp-content/uploads/2020/07/indices_and_growth_rates_historical-1.pdf (PBS historical indices; category unavailable)
2025-09-01,2025,September,9,FY2025-26,Rural,Alcoholic Beverages & Tobacco,,,,,https://www.pbs.gov.pk/wp-content/uploads/2020/07/indices_and_growth_rates_historical-1.pdf (PBS historical indices; category unavailable)
2025-09-01,2025,September,9,FY2025-26,Rural,Clothing & Footwear,,,,,https://www.pbs.gov.pk/wp-content/uploads/2020/07/indices_and_growth_rates_historical-1.pdf (PBS historical indices; category unavailable)
2025-09-01,2025,September,9,FY2025-26,Rural,"Housing, Water, Electricity, Gas & Fuels",,,,,https://www.pbs.gov.pk/wp-content/uploads/2020/07/indices_and_growth_rates_historical-1.pdf (PBS historical indices; category unavailable)
2025-09-01,2025,September,9,FY2025-26,Rural,Furnishing & Household Equipment Maintenance,,,,,https://www.pbs.gov.pk/wp-content/uploads/2020/07/indices_and_growth_rates_historical-1.pdf (PBS historical indices; category unavailable)
2025-09-01,2025,September,9,FY2025-26,Rural,Health,,,,,https://www.pbs.gov.pk/wp-content/uploads/2020/07/indices_and_growth_rates_historical-1.pdf (PBS historical indices; category unavailable)
2025-09-01,2025,September,9,FY2025-26,Rural,Transport,,,,,https://www.pbs.gov.pk/wp-content/uploads/2020/07/indices_and_growth_rates_historical-1.pdf (PBS historical indices; category unavailable)
2025-09-01,2025,September,9,FY2025-26,Rural,Communication,,,,,https://www.pbs.gov.pk/wp-content/uploads/2020/07/indices_and_growth_rates_historical-1.pdf (PBS historical indices; category unavailable)
2025-09-01,2025,September,9,FY2025-26,Rural,Recreation & Culture,,,,,https://www.pbs.gov.pk/wp-content/uploads/2020/07/indices_and_growth_rates_historical-1.pdf (PBS historical indices; category unavailable)
2025-09-01,2025,September,9,FY2025-26,Rural,Education,,,,,https://www.pbs.gov.pk/wp-content/uploads/2020/07/indices_and_growth_rates_historical-1.pdf (PBS historical indices; category unavailable)
2025-09-01,2025,September,9,FY2025-26,Rural,Restaurants & Hotels,,,,,https://www.pbs.gov.pk/wp-content/uploads/2020/07/indices_and_growth_rates_historical-1.pdf (PBS historical indices; category unavailable)
2025-09-01,2025,September,9,FY2025-26,Rural,Miscellaneous Goods & Services,,,,,https://www.pbs.gov.pk/wp-content/uploads/2020/07/indices_and_growth_rates_historical-1.pdf (PBS historical indices; category unavailable)
2025-10-01,2025,October,10,FY2025-26,National,Food & Non-Alcoholic Beverages,,,,,https://www.pbs.gov.pk/wp-content/uploads/2020/07/indices_and_growth_rates_historical-1.pdf (PBS historical indices; category unavailable)
2025-10-01,2025,October,10,FY2025-26,National,Alcoholic Beverages & Tobacco,,,,,https://www.pbs.gov.pk/wp-content/uploads/2020/07/indices_and_growth_rates_historical-1.pdf (PBS historical indices; category unavailable)
2025-10-01,2025,October,10,FY2025-26,National,Clothing & Footwear,,,,,https://www.pbs.gov.pk/wp-content/uploads/2020/07/indices_and_growth_rates_historical-1.pdf (PBS historical indices; category unavailable)
2025-10-01,2025,October,10,FY2025-26,National,"Housing, Water, Electricity, Gas & Fuels",,,,,https://www.pbs.gov.pk/wp-content/uploads/2020/07/indices_and_growth_rates_historical-1.pdf (PBS historical indices; category unavailable)
2025-10-01,2025,October,10,FY2025-26,National,Furnishing & Household Equipment Maintenance,,,,,https://www.pbs.gov.pk/wp-content/uploads/2020/07/indices_and_growth_rates_historical-1.pdf (PBS historical indices; category unavailable)
2025-10-01,2025,October,10,FY2025-26,National,Health,,,,,https://www.pbs.gov.pk/wp-content/uploads/2020/07/indices_and_growth_rates_historical-1.pdf (PBS historical indices; category unavailable)
2025-10-01,2025,October,10,FY2025-26,National,Transport,,,,,https://www.pbs.gov.pk/wp-content/uploads/2020/07/indices_and_growth_rates_historical-1.pdf (PBS historical indices; category unavailable)
2025-10-01,2025,October,10,FY2025-26,National,Communication,,,,,https://www.pbs.gov.pk/wp-content/uploads/2020/07/indices_and_growth_rates_historical-1.pdf (PBS historical indices; category unavailable)
2025-10-01,2025,October,10,FY2025-26,National,Recreation & Culture,,,,,https://www.pbs.gov.pk/wp-content/uploads/2020/07/indices_and_growth_rates_historical-1.pdf (PBS historical indices; category unavailable)
2025-10-01,2025,October,10,FY2025-26,National,Education,,,,,https://www.pbs.gov.pk/wp-content/uploads/2020/07/indices_and_growth_rates_historical-1.pdf (PBS historical indices; category unavailable)
2025-10-01,2025,October,10,FY2025-26,National,Restaurants & Hotels,,,,,https://www.pbs.gov.pk/wp-content/uploads/2020/07/indices_and_growth_rates_historical-1.pdf (PBS historical indices; category unavailable)
2025-10-01,2025,October,10,FY2025-26,National,Miscellaneous Goods & Services,,,,,https://www.pbs.gov.pk/wp-content/uploads/2020/07/indices_and_growth_rates_historical-1.pdf (PBS historical indices; category unavailable)
2025-10-01,2025,October,10,FY2025-26,Urban,Food & Non-Alcoholic Beverages,,,,,https://www.pbs.gov.pk/wp-content/uploads/2020/07/indices_and_growth_rates_historical-1.pdf (PBS historical indices; category unavailable)
2025-10-01,2025,October,10,FY2025-26,Urban,Alcoholic Beverages & Tobacco,,,,,https://www.pbs.gov.pk/wp-content/uploads/2020/07/indices_and_growth_rates_historical-1.pdf (PBS historical indices; category unavailable)
2025-10-01,2025,October,10,FY2025-26,Urban,Clothing & Footwear,,,,,https://www.pbs.gov.pk/wp-content/uploads/2020/07/indices_and_growth_rates_historical-1.pdf (PBS historical indices; category unavailable)
2025-10-01,2025,October,10,FY2025-26,Urban,"Housing, Water, Electricity, Gas & Fuels",,,,,https://www.pbs.gov.pk/wp-content/uploads/2020/07/indices_and_growth_rates_historical-1.pdf (PBS historical indices; category unavailable)
2025-10-01,2025,October,10,FY2025-26,Urban,Furnishing & Household Equipment Maintenance,,,,,https://www.pbs.gov.pk/wp-content/uploads/2020/07/indices_and_growth_rates_historical-1.pdf (PBS historical indices; category unavailable)
2025-10-01,2025,October,10,FY2025-26,Urban,Health,,,,,https://www.pbs.gov.pk/wp-content/uploads/2020/07/indices_and_growth_rates_historical-1.pdf (PBS historical indices; category unavailable)
2025-10-01,2025,October,10,FY2025-26,Urban,Transport,,,,,https://www.pbs.gov.pk/wp-content/uploads/2020/07/indices_and_growth_rates_historical-1.pdf (PBS historical indices; category unavailable)
2025-10-01,2025,October,10,FY2025-26,Urban,Communication,,,,,https://www.pbs.gov.pk/wp-content/uploads/2020/07/indices_and_growth_rates_historical-1.pdf (PBS historical indices; category unavailable)
2025-10-01,2025,October,10,FY2025-26,Urban,Recreation & Culture,,,,,https://www.pbs.gov.pk/wp-content/uploads/2020/07/indices_and_growth_rates_historical-1.pdf (PBS historical indices; category unavailable)
2025-10-01,2025,October,10,FY2025-26,Urban,Education,,,,,https://www.pbs.gov.pk/wp-content/uploads/2020/07/indices_and_growth_rates_historical-1.pdf (PBS historical indices; category unavailable)
2025-10-01,2025,October,10,FY2025-26,Urban,Restaurants & Hotels,,,,,https://www.pbs.gov.pk/wp-content/uploads/2020/07/indices_and_growth_rates_historical-1.pdf (PBS historical indices; category unavailable)
2025-10-01,2025,October,10,FY2025-26,Urban,Miscellaneous Goods & Services,,,,,https://www.pbs.gov.pk/wp-content/uploads/2020/07/indices_and_growth_rates_historical-1.pdf (PBS historical indices; category unavailable)
2025-10-01,2025,October,10,FY2025-26,Rural,Food & Non-Alcoholic Beverages,,,,,https://www.pbs.gov.pk/wp-content/uploads/2020/07/indices_and_growth_rates_historical-1.pdf (PBS historical indices; category unavailable)
2025-10-01,2025,October,10,FY2025-26,Rural,Alcoholic Beverages & Tobacco,,,,,https://www.pbs.gov.pk/wp-content/uploads/2020/07/indices_and_growth_rates_historical-1.pdf (PBS historical indices; category unavailable)
2025-10-01,2025,October,10,FY2025-26,Rural,Clothing & Footwear,,,,,https://www.pbs.gov.pk/wp-content/uploads/2020/07/indices_and_growth_rates_historical-1.pdf (PBS historical indices; category unavailable)
2025-10-01,2025,October,10,FY2025-26,Rural,"Housing, Water, Electricity, Gas & Fuels",,,,,https://www.pbs.gov.pk/wp-content/uploads/2020/07/indices_and_growth_rates_historical-1.pdf (PBS historical indices; category unavailable)
2025-10-01,2025,October,10,FY2025-26,Rural,Furnishing & Household Equipment Maintenance,,,,,https://www.pbs.gov.pk/wp-content/uploads/2020/07/indices_and_growth_rates_historical-1.pdf (PBS historical indices; category unavailable)
2025-10-01,2025,October,10,FY2025-26,Rural,Health,,,,,https://www.pbs.gov.pk/wp-content/uploads/2020/07/indices_and_growth_rates_historical-1.pdf (PBS historical indices; category unavailable)
2025-10-01,2025,October,10,FY2025-26,Rural,Transport,,,,,https://www.pbs.gov.pk/wp-content/uploads/2020/07/indices_and_growth_rates_historical-1.pdf (PBS historical indices; category unavailable)
2025-10-01,2025,October,10,FY2025-26,Rural,Communication,,,,,https://www.pbs.gov.pk/wp-content/uploads/2020/07/indices_and_growth_rates_historical-1.pdf (PBS historical indices; category unavailable)
2025-10-01,2025,October,10,FY2025-26,Rural,Recreation & Culture,,,,,https://www.pbs.gov.pk/wp-content/uploads/2020/07/indices_and_growth_rates_historical-1.pdf (PBS historical indices; category unavailable)
2025-10-01,2025,October,10,FY2025-26,Rural,Education,,,,,https://www.pbs.gov.pk/wp-content/uploads/2020/07/indices_and_growth_rates_historical-1.pdf (PBS historical indices; category unavailable)
2025-10-01,2025,October,10,FY2025-26,Rural,Restaurants & Hotels,,,,,https://www.pbs.gov.pk/wp-content/uploads/2020/07/indices_and_growth_rates_historical-1.pdf (PBS historical indices; category unavailable)
2025-10-01,2025,October,10,FY2025-26,Rural,Miscellaneous Goods & Services,,,,,https://www.pbs.gov.pk/wp-content/uploads/2020/07/indices_and_growth_rates_historical-1.pdf (PBS historical indices; category unavailable)
2025-11-01,2025,November,11,FY2025-26,National,Food & Non-Alcoholic Beverages,,,,,https://www.pbs.gov.pk/wp-content/uploads/2020/07/indices_and_growth_rates_historical-1.pdf (PBS historical indices; category unavailable)
2025-11-01,2025,November,11,FY2025-26,National,Alcoholic Beverages & Tobacco,,,,,https://www.pbs.gov.pk/wp-content/uploads/2020/07/indices_and_growth_rates_historical-1.pdf (PBS historical indices; category unavailable)
2025-11-01,2025,November,11,FY2025-26,National,Clothing & Footwear,,,,,https://www.pbs.gov.pk/wp-content/uploads/2020/07/indices_and_growth_rates_historical-1.pdf (PBS historical indices; category unavailable)
2025-11-01,2025,November,11,FY2025-26,National,"Housing, Water, Electricity, Gas & Fuels",,,,,https://www.pbs.gov.pk/wp-content/uploads/2020/07/indices_and_growth_rates_historical-1.pdf (PBS historical indices; category unavailable)
2025-11-01,2025,November,11,FY2025-26,National,Furnishing & Household Equipment Maintenance,,,,,https://www.pbs.gov.pk/wp-content/uploads/2020/07/indices_and_growth_rates_historical-1.pdf (PBS historical indices; category unavailable)
2025-11-01,2025,November,11,FY2025-26,National,Health,,,,,https://www.pbs.gov.pk/wp-content/uploads/2020/07/indices_and_growth_rates_historical-1.pdf (PBS historical indices; category unavailable)
2025-11-01,2025,November,11,FY2025-26,National,Transport,,,,,https://www.pbs.gov.pk/wp-content/uploads/2020/07/indices_and_growth_rates_historical-1.pdf (PBS historical indices; category unavailable)
2025-11-01,2025,November,11,FY2025-26,National,Communication,,,,,https://www.pbs.gov.pk/wp-content/uploads/2020/07/indices_and_growth_rates_historical-1.pdf (PBS historical indices; category unavailable)
2025-11-01,2025,November,11,FY2025-26,National,Recreation & Culture,,,,,https://www.pbs.gov.pk/wp-content/uploads/2020/07/indices_and_growth_rates_historical-1.pdf (PBS historical indices; category unavailable)
2025-11-01,2025,November,11,FY2025-26,National,Education,,,,,https://www.pbs.gov.pk/wp-content/uploads/2020/07/indices_and_growth_rates_historical-1.pdf (PBS historical indices; category unavailable)
2025-11-01,2025,November,11,FY2025-26,National,Restaurants & Hotels,,,,,https://www.pbs.gov.pk/wp-content/uploads/2020/07/indices_and_growth_rates_historical-1.pdf (PBS historical indices; category unavailable)
2025-11-01,2025,November,11,FY2025-26,National,Miscellaneous Goods & Services,,,,,https://www.pbs.gov.pk/wp-content/uploads/2020/07/indices_and_growth_rates_historical-1.pdf (PBS historical indices; category unavailable)
2025-11-01,2025,November,11,FY2025-26,Urban,Food & Non-Alcoholic Beverages,,,,,https://www.pbs.gov.pk/wp-content/uploads/2020/07/indices_and_growth_rates_historical-1.pdf (PBS historical indices; category unavailable)
2025-11-01,2025,November,11,FY2025-26,Urban,Alcoholic Beverages & Tobacco,,,,,https://www.pbs.gov.pk/wp-content/uploads/2020/07/indices_and_growth_rates_historical-1.pdf (PBS historical indices; category unavailable)
2025-11-01,2025,November,11,FY2025-26,Urban,Clothing & Footwear,,,,,https://www.pbs.gov.pk/wp-content/uploads/2020/07/indices_and_growth_rates_historical-1.pdf (PBS historical indices; category unavailable)
2025-11-01,2025,November,11,FY2025-26,Urban,"Housing, Water, Electricity, Gas & Fuels",,,,,https://www.pbs.gov.pk/wp-content/uploads/2020/07/indices_and_growth_rates_historical-1.pdf (PBS historical indices; category unavailable)
2025-11-01,2025,November,11,FY2025-26,Urban,Furnishing & Household Equipment Maintenance,,,,,https://www.pbs.gov.pk/wp-content/uploads/2020/07/indices_and_growth_rates_historical-1.pdf (PBS historical indices; category unavailable)
2025-11-01,2025,November,11,FY2025-26,Urban,Health,,,,,https://www.pbs.gov.pk/wp-content/uploads/2020/07/indices_and_growth_rates_historical-1.pdf (PBS historical indices; category unavailable)
2025-11-01,2025,November,11,FY2025-26,Urban,Transport,,,,,https://www.pbs.gov.pk/wp-content/uploads/2020/07/indices_and_growth_rates_historical-1.pdf (PBS historical indices; category unavailable)
2025-11-01,2025,November,11,FY2025-26,Urban,Communication,,,,,https://www.pbs.gov.pk/wp-content/uploads/2020/07/indices_and_growth_rates_historical-1.pdf (PBS historical indices; category unavailable)
2025-11-01,2025,November,11,FY2025-26,Urban,Recreation & Culture,,,,,https://www.pbs.gov.pk/wp-content/uploads/2020/07/indices_and_growth_rates_historical-1.pdf (PBS historical indices; category unavailable)
2025-11-01,2025,November,11,FY2025-26,Urban,Education,,,,,https://www.pbs.gov.pk/wp-content/uploads/2020/07/indices_and_growth_rates_historical-1.pdf (PBS historical indices; category unavailable)
2025-11-01,2025,November,11,FY2025-26,Urban,Restaurants & Hotels,,,,,https://www.pbs.gov.pk/wp-content/uploads/2020/07/indices_and_growth_rates_historical-1.pdf (PBS historical indices; category unavailable)
2025-11-01,2025,November,11,FY2025-26,Urban,Miscellaneous Goods & Services,,,,,https://www.pbs.gov.pk/wp-content/uploads/2020/07/indices_and_growth_rates_historical-1.pdf (PBS historical indices; category unavailable)
2025-11-01,2025,November,11,FY2025-26,Rural,Food & Non-Alcoholic Beverages,,,,,https://www.pbs.gov.pk/wp-content/uploads/2020/07/indices_and_growth_rates_historical-1.pdf (PBS historical indices; category unavailable)
2025-11-01,2025,November,11,FY2025-26,Rural,Alcoholic Beverages & Tobacco,,,,,https://www.pbs.gov.pk/wp-content/uploads/2020/07/indices_and_growth_rates_historical-1.pdf (PBS historical indices; category unavailable)
2025-11-01,2025,November,11,FY2025-26,Rural,Clothing & Footwear,,,,,https://www.pbs.gov.pk/wp-content/uploads/2020/07/indices_and_growth_rates_historical-1.pdf (PBS historical indices; category unavailable)
2025-11-01,2025,November,11,FY2025-26,Rural,"Housing, Water, Electricity, Gas & Fuels",,,,,https://www.pbs.gov.pk/wp-content/uploads/2020/07/indices_and_growth_rates_historical-1.pdf (PBS historical indices; category unavailable)
2025-11-01,2025,November,11,FY2025-26,Rural,Furnishing & Household Equipment Maintenance,,,,,https://www.pbs.gov.pk/wp-content/uploads/2020/07/indices_and_growth_rates_historical-1.pdf (PBS historical indices; category unavailable)
2025-11-01,2025,November,11,FY2025-26,Rural,Health,,,,,https://www.pbs.gov.pk/wp-content/uploads/2020/07/indices_and_growth_rates_historical-1.pdf (PBS historical indices; category unavailable)
2025-11-01,2025,November,11,FY2025-26,Rural,Transport,,,,,https://www.pbs.gov.pk/wp-content/uploads/2020/07/indices_and_growth_rates_historical-1.pdf (PBS historical indices; category unavailable)
2025-11-01,2025,November,11,FY2025-26,Rural,Communication,,,,,https://www.pbs.gov.pk/wp-content/uploads/2020/07/indices_and_growth_rates_historical-1.pdf (PBS historical indices; category unavailable)
2025-11-01,2025,November,11,FY2025-26,Rural,Recreation & Culture,,,,,https://www.pbs.gov.pk/wp-content/uploads/2020/07/indices_and_growth_rates_historical-1.pdf (PBS historical indices; category unavailable)
2025-11-01,2025,November,11,FY2025-26,Rural,Education,,,,,https://www.pbs.gov.pk/wp-content/uploads/2020/07/indices_and_growth_rates_historical-1.pdf (PBS historical indices; category unavailable)
2025-11-01,2025,November,11,FY2025-26,Rural,Restaurants & Hotels,,,,,https://www.pbs.gov.pk/wp-content/uploads/2020/07/indices_and_growth_rates_historical-1.pdf (PBS historical indices; category unavailable)
2025-11-01,2025,November,11,FY2025-26,Rural,Miscellaneous Goods & Services,,,,,https://www.pbs.gov.pk/wp-content/uploads/2020/07/indices_and_growth_rates_historical-1.pdf (PBS historical indices; category unavailable)
2025-12-01,2025,December,12,FY2025-26,National,Food & Non-Alcoholic Beverages,,,,,https://www.pbs.gov.pk/wp-content/uploads/2020/07/indices_and_growth_rates_historical-1.pdf (PBS historical indices; category unavailable)
2025-12-01,2025,December,12,FY2025-26,National,Alcoholic Beverages & Tobacco,,,,,https://www.pbs.gov.pk/wp-content/uploads/2020/07/indices_and_growth_rates_historical-1.pdf (PBS historical indices; category unavailable)
2025-12-01,2025,December,12,FY2025-26,National,Clothing & Footwear,,,,,https://www.pbs.gov.pk/wp-content/uploads/2020/07/indices_and_growth_rates_historical-1.pdf (PBS historical indices; category unavailable)
2025-12-01,2025,December,12,FY2025-26,National,"Housing, Water, Electricity, Gas & Fuels",,,,,https://www.pbs.gov.pk/wp-content/uploads/2020/07/indices_and_growth_rates_historical-1.pdf (PBS historical indices; category unavailable)
2025-12-01,2025,December,12,FY2025-26,National,Furnishing & Household Equipment Maintenance,,,,,https://www.pbs.gov.pk/wp-content/uploads/2020/07/indices_and_growth_rates_historical-1.pdf (PBS historical indices; category unavailable)
2025-12-01,2025,December,12,FY2025-26,National,Health,,,,,https://www.pbs.gov.pk/wp-content/uploads/2020/07/indices_and_growth_rates_historical-1.pdf (PBS historical indices; category unavailable)
2025-12-01,2025,December,12,FY2025-26,National,Transport,,,,,https://www.pbs.gov.pk/wp-content/uploads/2020/07/indices_and_growth_rates_historical-1.pdf (PBS historical indices; category unavailable)
2025-12-01,2025,December,12,FY2025-26,National,Communication,,,,,https://www.pbs.gov.pk/wp-content/uploads/2020/07/indices_and_growth_rates_historical-1.pdf (PBS historical indices; category unavailable)
2025-12-01,2025,December,12,FY2025-26,National,Recreation & Culture,,,,,https://www.pbs.gov.pk/wp-content/uploads/2020/07/indices_and_growth_rates_historical-1.pdf (PBS historical indices; category unavailable)
2025-12-01,2025,December,12,FY2025-26,National,Education,,,,,https://www.pbs.gov.pk/wp-content/uploads/2020/07/indices_and_growth_rates_historical-1.pdf (PBS historical indices; category unavailable)
2025-12-01,2025,December,12,FY2025-26,National,Restaurants & Hotels,,,,,https://www.pbs.gov.pk/wp-content/uploads/2020/07/indices_and_growth_rates_historical-1.pdf (PBS historical indices; category unavailable)
2025-12-01,2025,December,12,FY2025-26,National,Miscellaneous Goods & Services,,,,,https://www.pbs.gov.pk/wp-content/uploads/2020/07/indices_and_growth_rates_historical-1.pdf (PBS historical indices; category unavailable)
2025-12-01,2025,December,12,FY2025-26,Urban,Food & Non-Alcoholic Beverages,,,,,https://www.pbs.gov.pk/wp-content/uploads/2020/07/indices_and_growth_rates_historical-1.pdf (PBS historical indices; category unavailable)
2025-12-01,2025,December,12,FY2025-26,Urban,Alcoholic Beverages & Tobacco,,,,,https://www.pbs.gov.pk/wp-content/uploads/2020/07/indices_and_growth_rates_historical-1.pdf (PBS historical indices; category unavailable)
2025-12-01,2025,December,12,FY2025-26,Urban,Clothing & Footwear,,,,,https://www.pbs.gov.pk/wp-content/uploads/2020/07/indices_and_growth_rates_historical-1.pdf (PBS historical indices; category unavailable)
2025-12-01,2025,December,12,FY2025-26,Urban,"Housing, Water, Electricity, Gas & Fuels",,,,,https://www.pbs.gov.pk/wp-content/uploads/2020/07/indices_and_growth_rates_historical-1.pdf (PBS historical indices; category unavailable)
2025-12-01,2025,December,12,FY2025-26,Urban,Furnishing & Household Equipment Maintenance,,,,,https://www.pbs.gov.pk/wp-content/uploads/2020/07/indices_and_growth_rates_historical-1.pdf (PBS historical indices; category unavailable)
2025-12-01,2025,December,12,FY2025-26,Urban,Health,,,,,https://www.pbs.gov.pk/wp-content/uploads/2020/07/indices_and_growth_rates_historical-1.pdf (PBS historical indices; category unavailable)
2025-12-01,2025,December,12,FY2025-26,Urban,Transport,,,,,https://www.pbs.gov.pk/wp-content/uploads/2020/07/indices_and_growth_rates_historical-1.pdf (PBS historical indices; category unavailable)
2025-12-01,2025,December,12,FY2025-26,Urban,Communication,,,,,https://www.pbs.gov.pk/wp-content/uploads/2020/07/indices_and_growth_rates_historical-1.pdf (PBS historical indices; category unavailable)
2025-12-01,2025,December,12,FY2025-26,Urban,Recreation & Culture,,,,,https://www.pbs.gov.pk/wp-content/uploads/2020/07/indices_and_growth_rates_historical-1.pdf (PBS historical indices; category unavailable)
2025-12-01,2025,December,12,FY2025-26,Urban,Education,,,,,https://www.pbs.gov.pk/wp-content/uploads/2020/07/indices_and_growth_rates_historical-1.pdf (PBS historical indices; category unavailable)
2025-12-01,2025,December,12,FY2025-26,Urban,Restaurants & Hotels,,,,,https://www.pbs.gov.pk/wp-content/uploads/2020/07/indices_and_growth_rates_historical-1.pdf (PBS historical indices; category unavailable)
2025-12-01,2025,December,12,FY2025-26,Urban,Miscellaneous Goods & Services,,,,,https://www.pbs.gov.pk/wp-content/uploads/2020/07/indices_and_growth_rates_historical-1.pdf (PBS historical indices; category unavailable)
2025-12-01,2025,December,12,FY2025-26,Rural,Food & Non-Alcoholic Beverages,,,,,https://www.pbs.gov.pk/wp-content/uploads/2020/07/indices_and_growth_rates_historical-1.pdf (PBS historical indices; category unavailable)
2025-12-01,2025,December,12,FY2025-26,Rural,Alcoholic Beverages & Tobacco,,,,,https://www.pbs.gov.pk/wp-content/uploads/2020/07/indices_and_growth_rates_historical-1.pdf (PBS historical indices; category unavailable)
2025-12-01,2025,December,12,FY2025-26,Rural,Clothing & Footwear,,,,,https://www.pbs.gov.pk/wp-content/uploads/2020/07/indices_and_growth_rates_historical-1.pdf (PBS historical indices; category unavailable)
2025-12-01,2025,December,12,FY2025-26,Rural,"Housing, Water, Electricity, Gas & Fuels",,,,,https://www.pbs.gov.pk/wp-content/uploads/2020/07/indices_and_growth_rates_historical-1.pdf (PBS historical indices; category unavailable)
2025-12-01,2025,December,12,FY2025-26,Rural,Furnishing & Household Equipment Maintenance,,,,,https://www.pbs.gov.pk/wp-content/uploads/2020/07/indices_and_growth_rates_historical-1.pdf (PBS historical indices; category unavailable)
2025-12-01,2025,December,12,FY2025-26,Rural,Health,,,,,https://www.pbs.gov.pk/wp-content/uploads/2020/07/indices_and_growth_rates_historical-1.pdf (PBS historical indices; category unavailable)
2025-12-01,2025,December,12,FY2025-26,Rural,Transport,,,,,https://www.pbs.gov.pk/wp-content/uploads/2020/07/indices_and_growth_rates_historical-1.pdf (PBS historical indices; category unavailable)
2025-12-01,2025,December,12,FY2025-26,Rural,Communication,,,,,https://www.pbs.gov.pk/wp-content/uploads/2020/07/indices_and_growth_rates_historical-1.pdf (PBS historical indices; category unavailable)
2025-12-01,2025,December,12,FY2025-26,Rural,Recreation & Culture,,,,,https://www.pbs.gov.pk/wp-content/uploads/2020/07/indices_and_growth_rates_historical-1.pdf (PBS historical indices; category unavailable)
2025-12-01,2025,December,12,FY2025-26,Rural,Education,,,,,https://www.pbs.gov.pk/wp-content/uploads/2020/07/indices_and_growth_rates_historical-1.pdf (PBS historical indices; category unavailable)
2025-12-01,2025,December,12,FY2025-26,Rural,Restaurants & Hotels,,,,,https://www.pbs.gov.pk/wp-content/uploads/2020/07/indices_and_growth_rates_historical-1.pdf (PBS historical indices; category unavailable)
2025-12-01,2025,December,12,FY2025-26,Rural,Miscellaneous Goods & Services,,,,,https://www.pbs.gov.pk/wp-content/uploads/2020/07/indices_and_growth_rates_historical-1.pdf (PBS historical indices; category unavailable)
2026-01-01,2026,January,1,FY2025-26,National,Food & Non-Alcoholic Beverages,291.63,0.06,3.9,34.58,"https://www.pbs.gov.pk/wp-content/uploads/2020/07/Monthly-Review-January-2026.pdf (PBS monthly review, National group table)"
2026-01-01,2026,January,1,FY2025-26,National,Alcoholic Beverages & Tobacco,399.91,0.05,3.68,1.02,"https://www.pbs.gov.pk/wp-content/uploads/2020/07/Monthly-Review-January-2026.pdf (PBS monthly review, National group table)"
2026-01-01,2026,January,1,FY2025-26,National,Clothing & Footwear,270.26,0.36,6.06,8.6,"https://www.pbs.gov.pk/wp-content/uploads/2020/07/Monthly-Review-January-2026.pdf (PBS monthly review, National group table)"
2026-01-01,2026,January,1,FY2025-26,National,"Housing, Water, Electricity, Gas & Fuels",257.56,1.09,7.29,23.63,"https://www.pbs.gov.pk/wp-content/uploads/2020/07/Monthly-Review-January-2026.pdf (PBS monthly review, National group table)"
2026-01-01,2026,January,1,FY2025-26,National,Furnishing & Household Equipment Maintenance,,,,,https://www.pbs.gov.pk/wp-content/uploads/2020/07/indices_and_growth_rates_historical-1.pdf (PBS historical indices; category unavailable)
2026-01-01,2026,January,1,FY2025-26,National,Health,286.76,0.44,7.14,2.79,"https://www.pbs.gov.pk/wp-content/uploads/2020/07/Monthly-Review-January-2026.pdf (PBS monthly review, National group table)"
2026-01-01,2026,January,1,FY2025-26,National,Transport,315.65,-1.37,2.61,5.91,"https://www.pbs.gov.pk/wp-content/uploads/2020/07/Monthly-Review-January-2026.pdf (PBS monthly review, National group table)"
2026-01-01,2026,January,1,FY2025-26,National,Communication,135.74,0.02,0.63,2.21,"https://www.pbs.gov.pk/wp-content/uploads/2020/07/Monthly-Review-January-2026.pdf (PBS monthly review, National group table)"
2026-01-01,2026,January,1,FY2025-26,National,Recreation & Culture,265.07,0.07,-4.4,1.59,"https://www.pbs.gov.pk/wp-content/uploads/2020/07/Monthly-Review-January-2026.pdf (PBS monthly review, National group table)"
2026-01-01,2026,January,1,FY2025-26,National,Education,226.13,0.25,10.05,3.79,"https://www.pbs.gov.pk/wp-content/uploads/2020/07/Monthly-Review-January-2026.pdf (PBS monthly review, National group table)"
2026-01-01,2026,January,1,FY2025-26,National,Restaurants & Hotels,297.24,0.29,4.9,6.92,"https://www.pbs.gov.pk/wp-content/uploads/2020/07/Monthly-Review-January-2026.pdf (PBS monthly review, National group table)"
2026-01-01,2026,January,1,FY2025-26,National,Miscellaneous Goods & Services,368.85,2.29,20.97,4.87,"https://www.pbs.gov.pk/wp-content/uploads/2020/07/Monthly-Review-January-2026.pdf (PBS monthly review, National group table)"
2026-01-01,2026,January,1,FY2025-26,Urban,Food & Non-Alcoholic Beverages,287.32,-0.28,3.22,30.42,"https://www.pbs.gov.pk/wp-content/uploads/2020/07/Monthly-Review-January-2026.pdf (PBS monthly review, Urban group table)"
2026-01-01,2026,January,1,FY2025-26,Urban,Alcoholic Beverages & Tobacco,423.06,0.0,4.14,0.85,"https://www.pbs.gov.pk/wp-content/uploads/2020/07/Monthly-Review-January-2026.pdf (PBS monthly review, Urban group table)"
2026-01-01,2026,January,1,FY2025-26,Urban,Clothing & Footwear,259.76,0.24,5.46,8.01,"https://www.pbs.gov.pk/wp-content/uploads/2020/07/Monthly-Review-January-2026.pdf (PBS monthly review, Urban group table)"
2026-01-01,2026,January,1,FY2025-26,Urban,"Housing, Water, Electricity, Gas & Fuels",265.9,0.87,8.31,27.03,"https://www.pbs.gov.pk/wp-content/uploads/2020/07/Monthly-Review-January-2026.pdf (PBS monthly review, Urban group table)"
2026-01-01,2026,January,1,FY2025-26,Urban,Furnishing & Household Equipment Maintenance,272.57,0.01,3.07,4.09,"https://www.pbs.gov.pk/wp-content/uploads/2020/07/Monthly-Review-January-2026.pdf (PBS monthly review, Urban group table)"
2026-01-01,2026,January,1,FY2025-26,Urban,Health,287.22,0.32,6.18,2.31,"https://www.pbs.gov.pk/wp-content/uploads/2020/07/Monthly-Review-January-2026.pdf (PBS monthly review, Urban group table)"
2026-01-01,2026,January,1,FY2025-26,Urban,Transport,310.77,-1.39,2.76,6.14,"https://www.pbs.gov.pk/wp-content/uploads/2020/07/Monthly-Review-January-2026.pdf (PBS monthly review, Urban group table)"
2026-01-01,2026,January,1,FY2025-26,Urban,Communication,139.1,0.02,0.52,2.35,"https://www.pbs.gov.pk/wp-content/uploads/2020/07/Monthly-Review-January-2026.pdf (PBS monthly review, Urban group table)"
2026-01-01,2026,January,1,FY2025-26,Urban,Recreation & Culture,249.18,0.0,-4.41,1.73,"https://www.pbs.gov.pk/wp-content/uploads/2020/07/Monthly-Review-January-2026.pdf (PBS monthly review, Urban group table)"
2026-01-01,2026,January,1,FY2025-26,Urban,Education,218.2,0.0,9.09,4.88,"https://www.pbs.gov.pk/wp-content/uploads/2020/07/Monthly-Review-January-2026.pdf (PBS monthly review, Urban group table)"
2026-01-01,2026,January,1,FY2025-26,Urban,Restaurants & Hotels,291.46,0.18,4.32,7.41,"https://www.pbs.gov.pk/wp-content/uploads/2020/07/Monthly-Review-January-2026.pdf (PBS monthly review, Urban group table)"
2026-01-01,2026,January,1,FY2025-26,Urban,Miscellaneous Goods & Services,356.81,2.58,21.05,4.77,"https://www.pbs.gov.pk/wp-content/uploads/2020/07/Monthly-Review-January-2026.pdf (PBS monthly review, Urban group table)"
2026-01-01,2026,January,1,FY2025-26,Rural,Food & Non-Alcoholic Beverages,296.48,0.42,4.66,40.87,"https://www.pbs.gov.pk/wp-content/uploads/2020/07/Monthly-Review-January-2026.pdf (PBS monthly review, Rural group table)"
2026-01-01,2026,January,1,FY2025-26,Rural,Alcoholic Beverages & Tobacco,376.56,0.11,3.17,1.28,"https://www.pbs.gov.pk/wp-content/uploads/2020/07/Monthly-Review-January-2026.pdf (PBS monthly review, Rural group table)"
2026-01-01,2026,January,1,FY2025-26,Rural,Clothing & Footwear,283.64,0.49,6.78,9.48,"https://www.pbs.gov.pk/wp-content/uploads/2020/07/Monthly-Review-January-2026.pdf (PBS monthly review, Rural group table)"
2026-01-01,2026,January,1,FY2025-26,Rural,"Housing, Water, Electricity, Gas & Fuels",239.16,1.62,4.88,18.49,"https://www.pbs.gov.pk/wp-content/uploads/2020/07/Monthly-Review-January-2026.pdf (PBS monthly review, Rural group table)"
2026-01-01,2026,January,1,FY2025-26,Rural,Furnishing & Household Equipment Maintenance,300.95,0.67,3.42,4.1,"https://www.pbs.gov.pk/wp-content/uploads/2020/07/Monthly-Review-January-2026.pdf (PBS monthly review, Rural group table)"
2026-01-01,2026,January,1,FY2025-26,Rural,Health,286.31,0.55,8.11,3.51,"https://www.pbs.gov.pk/wp-content/uploads/2020/07/Monthly-Review-January-2026.pdf (PBS monthly review, Rural group table)"
2026-01-01,2026,January,1,FY2025-26,Rural,Transport,323.79,-1.35,2.39,5.56,"https://www.pbs.gov.pk/wp-content/uploads/2020/07/Monthly-Review-January-2026.pdf (PBS monthly review, Rural group table)"
2026-01-01,2026,January,1,FY2025-26,Rural,Communication,129.76,0.01,0.84,1.99,"https://www.pbs.gov.pk/wp-content/uploads/2020/07/Monthly-Review-January-2026.pdf (PBS monthly review, Rural group table)"
2026-01-01,2026,January,1,FY2025-26,Rural,Recreation & Culture,295.21,0.18,-4.39,1.38,"https://www.pbs.gov.pk/wp-content/uploads/2020/07/Monthly-Review-January-2026.pdf (PBS monthly review, Rural group table)"
2026-01-01,2026,January,1,FY2025-26,Rural,Education,253.53,0.99,13.01,2.13,"https://www.pbs.gov.pk/wp-content/uploads/2020/07/Monthly-Review-January-2026.pdf (PBS monthly review, Rural group table)"
2026-01-01,2026,January,1,FY2025-26,Rural,Restaurants & Hotels,307.67,0.49,5.91,6.19,"https://www.pbs.gov.pk/wp-content/uploads/2020/07/Monthly-Review-January-2026.pdf (PBS monthly review, Rural group table)"
2026-01-01,2026,January,1,FY2025-26,Rural,Miscellaneous Goods & Services,386.13,1.91,20.87,5.02,"https://www.pbs.gov.pk/wp-content/uploads/2020/07/Monthly-Review-January-2026.pdf (PBS monthly review, Rural group table)"
2026-02-01,2026,February,2,FY2025-26,National,Food & Non-Alcoholic Beverages,289.14,-0.85,5.82,34.58,"https://www.pbs.gov.pk/wp-content/uploads/2020/07/Monthly-Review-February-2026.pdf (PBS monthly review, National group table)"
2026-02-01,2026,February,2,FY2025-26,National,Alcoholic Beverages & Tobacco,401.38,0.37,2.92,1.02,"https://www.pbs.gov.pk/wp-content/uploads/2020/07/Monthly-Review-February-2026.pdf (PBS monthly review, National group table)"
2026-02-01,2026,February,2,FY2025-26,National,Clothing & Footwear,271.19,0.35,6.18,8.6,"https://www.pbs.gov.pk/wp-content/uploads/2020/07/Monthly-Review-February-2026.pdf (PBS monthly review, National group table)"
2026-02-01,2026,February,2,FY2025-26,National,"Housing, Water, Electricity, Gas & Fuels",262.35,1.86,9.65,23.63,"https://www.pbs.gov.pk/wp-content/uploads/2020/07/Monthly-Review-February-2026.pdf (PBS monthly review, National group table)"
2026-02-01,2026,February,2,FY2025-26,National,Furnishing & Household Equipment Maintenance,,,,,https://www.pbs.gov.pk/wp-content/uploads/2020/07/indices_and_growth_rates_historical-1.pdf (PBS historical indices; category unavailable)
2026-02-01,2026,February,2,FY2025-26,National,Health,288.52,0.61,7.19,2.79,"https://www.pbs.gov.pk/wp-content/uploads/2020/07/Monthly-Review-February-2026.pdf (PBS monthly review, National group table)"
2026-02-01,2026,February,2,FY2025-26,National,Transport,309.69,-1.89,0.37,5.91,"https://www.pbs.gov.pk/wp-content/uploads/2020/07/Monthly-Review-February-2026.pdf (PBS monthly review, National group table)"
2026-02-01,2026,February,2,FY2025-26,National,Communication,135.75,0.0,0.63,2.21,"https://www.pbs.gov.pk/wp-content/uploads/2020/07/Monthly-Review-February-2026.pdf (PBS monthly review, National group table)"
2026-02-01,2026,February,2,FY2025-26,National,Recreation & Culture,265.16,0.03,-4.58,1.59,"https://www.pbs.gov.pk/wp-content/uploads/2020/07/Monthly-Review-February-2026.pdf (PBS monthly review, National group table)"
2026-02-01,2026,February,2,FY2025-26,National,Education,226.28,0.06,9.64,3.79,"https://www.pbs.gov.pk/wp-content/uploads/2020/07/Monthly-Review-February-2026.pdf (PBS monthly review, National group table)"
2026-02-01,2026,February,2,FY2025-26,National,Restaurants & Hotels,298.26,0.35,4.93,6.92,"https://www.pbs.gov.pk/wp-content/uploads/2020/07/Monthly-Review-February-2026.pdf (PBS monthly review, National group table)"
2026-02-01,2026,February,2,FY2025-26,National,Miscellaneous Goods & Services,381.22,3.36,23.01,4.87,"https://www.pbs.gov.pk/wp-content/uploads/2020/07/Monthly-Review-February-2026.pdf (PBS monthly review, National group table)"
2026-02-01,2026,February,2,FY2025-26,Urban,Food & Non-Alcoholic Beverages,284.29,-1.05,4.58,30.42,"https://www.pbs.gov.pk/wp-content/uploads/2020/07/Monthly-Review-February-2026.pdf (PBS monthly review, Urban group table)"
2026-02-01,2026,February,2,FY2025-26,Urban,Alcoholic Beverages & Tobacco,425.08,0.48,3.53,0.85,"https://www.pbs.gov.pk/wp-content/uploads/2020/07/Monthly-Review-February-2026.pdf (PBS monthly review, Urban group table)"
2026-02-01,2026,February,2,FY2025-26,Urban,Clothing & Footwear,260.8,0.4,5.72,8.01,"https://www.pbs.gov.pk/wp-content/uploads/2020/07/Monthly-Review-February-2026.pdf (PBS monthly review, Urban group table)"
2026-02-01,2026,February,2,FY2025-26,Urban,"Housing, Water, Electricity, Gas & Fuels",270.49,1.73,10.51,27.03,"https://www.pbs.gov.pk/wp-content/uploads/2020/07/Monthly-Review-February-2026.pdf (PBS monthly review, Urban group table)"
2026-02-01,2026,February,2,FY2025-26,Urban,Furnishing & Household Equipment Maintenance,273.11,0.2,3.17,4.09,"https://www.pbs.gov.pk/wp-content/uploads/2020/07/Monthly-Review-February-2026.pdf (PBS monthly review, Urban group table)"
2026-02-01,2026,February,2,FY2025-26,Urban,Health,288.28,0.37,6.24,2.31,"https://www.pbs.gov.pk/wp-content/uploads/2020/07/Monthly-Review-February-2026.pdf (PBS monthly review, Urban group table)"
2026-02-01,2026,February,2,FY2025-26,Urban,Transport,303.91,-2.21,0.27,6.14,"https://www.pbs.gov.pk/wp-content/uploads/2020/07/Monthly-Review-February-2026.pdf (PBS monthly review, Urban group table)"
2026-02-01,2026,February,2,FY2025-26,Urban,Communication,139.11,0.01,0.53,2.35,"https://www.pbs.gov.pk/wp-content/uploads/2020/07/Monthly-Review-February-2026.pdf (PBS monthly review, Urban group table)"
2026-02-01,2026,February,2,FY2025-26,Urban,Recreation & Culture,249.21,0.01,-4.5,1.73,"https://www.pbs.gov.pk/wp-content/uploads/2020/07/Monthly-Review-February-2026.pdf (PBS monthly review, Urban group table)"
2026-02-01,2026,February,2,FY2025-26,Urban,Education,218.23,0.01,8.78,4.88,"https://www.pbs.gov.pk/wp-content/uploads/2020/07/Monthly-Review-February-2026.pdf (PBS monthly review, Urban group table)"
2026-02-01,2026,February,2,FY2025-26,Urban,Restaurants & Hotels,292.5,0.36,4.37,7.41,"https://www.pbs.gov.pk/wp-content/uploads/2020/07/Monthly-Review-February-2026.pdf (PBS monthly review, Urban group table)"
2026-02-01,2026,February,2,FY2025-26,Urban,Miscellaneous Goods & Services,369.72,3.62,23.32,4.77,"https://www.pbs.gov.pk/wp-content/uploads/2020/07/Monthly-Review-February-2026.pdf (PBS monthly review, Urban group table)"
2026-02-01,2026,February,2,FY2025-26,Rural,Food & Non-Alcoholic Beverages,294.59,-0.64,7.19,40.87,"https://www.pbs.gov.pk/wp-content/uploads/2020/07/Monthly-Review-February-2026.pdf (PBS monthly review, Rural group table)"
2026-02-01,2026,February,2,FY2025-26,Rural,Alcoholic Beverages & Tobacco,377.49,0.25,2.24,1.28,"https://www.pbs.gov.pk/wp-content/uploads/2020/07/Monthly-Review-February-2026.pdf (PBS monthly review, Rural group table)"
2026-02-01,2026,February,2,FY2025-26,Rural,Clothing & Footwear,284.44,0.28,6.72,9.48,"https://www.pbs.gov.pk/wp-content/uploads/2020/07/Monthly-Review-February-2026.pdf (PBS monthly review, Rural group table)"
2026-02-01,2026,February,2,FY2025-26,Rural,"Housing, Water, Electricity, Gas & Fuels",244.39,2.19,7.6,18.49,"https://www.pbs.gov.pk/wp-content/uploads/2020/07/Monthly-Review-February-2026.pdf (PBS monthly review, Rural group table)"
2026-02-01,2026,February,2,FY2025-26,Rural,Furnishing & Household Equipment Maintenance,301.65,0.23,3.88,4.1,"https://www.pbs.gov.pk/wp-content/uploads/2020/07/Monthly-Review-February-2026.pdf (PBS monthly review, Rural group table)"
2026-02-01,2026,February,2,FY2025-26,Rural,Health,288.76,0.86,8.16,3.51,"https://www.pbs.gov.pk/wp-content/uploads/2020/07/Monthly-Review-February-2026.pdf (PBS monthly review, Rural group table)"
2026-02-01,2026,February,2,FY2025-26,Rural,Transport,319.33,-1.38,0.53,5.56,"https://www.pbs.gov.pk/wp-content/uploads/2020/07/Monthly-Review-February-2026.pdf (PBS monthly review, Rural group table)"
2026-02-01,2026,February,2,FY2025-26,Rural,Communication,129.76,0.0,0.84,1.99,"https://www.pbs.gov.pk/wp-content/uploads/2020/07/Monthly-Review-February-2026.pdf (PBS monthly review, Rural group table)"
2026-02-01,2026,February,2,FY2025-26,Rural,Recreation & Culture,295.42,0.07,-4.71,1.38,"https://www.pbs.gov.pk/wp-content/uploads/2020/07/Monthly-Review-February-2026.pdf (PBS monthly review, Rural group table)"
2026-02-01,2026,February,2,FY2025-26,Rural,Education,254.06,0.21,12.27,2.13,"https://www.pbs.gov.pk/wp-content/uploads/2020/07/Monthly-Review-February-2026.pdf (PBS monthly review, Rural group table)"
2026-02-01,2026,February,2,FY2025-26,Rural,Restaurants & Hotels,308.67,0.33,5.9,6.19,"https://www.pbs.gov.pk/wp-content/uploads/2020/07/Monthly-Review-February-2026.pdf (PBS monthly review, Rural group table)"
2026-02-01,2026,February,2,FY2025-26,Rural,Miscellaneous Goods & Services,397.74,3.01,22.59,5.02,"https://www.pbs.gov.pk/wp-content/uploads/2020/07/Monthly-Review-February-2026.pdf (PBS monthly review, Rural group table)"
2026-03-01,2026,March,3,FY2025-26,National,Food & Non-Alcoholic Beverages,288.22,-0.32,3.55,34.58,"https://www.pbs.gov.pk/wp-content/uploads/2020/07/Monthly-Review-March-2026.pdf (PBS monthly review, National group table)"
2026-03-01,2026,March,3,FY2025-26,National,Alcoholic Beverages & Tobacco,402.41,0.26,2.3,1.02,"https://www.pbs.gov.pk/wp-content/uploads/2020/07/Monthly-Review-March-2026.pdf (PBS monthly review, National group table)"
2026-03-01,2026,March,3,FY2025-26,National,Clothing & Footwear,274.01,1.04,5.8,8.6,"https://www.pbs.gov.pk/wp-content/uploads/2020/07/Monthly-Review-March-2026.pdf (PBS monthly review, National group table)"
2026-03-01,2026,March,3,FY2025-26,National,"Housing, Water, Electricity, Gas & Fuels",266.4,1.54,11.49,23.63,"https://www.pbs.gov.pk/wp-content/uploads/2020/07/Monthly-Review-March-2026.pdf (PBS monthly review, National group table)"
2026-03-01,2026,March,3,FY2025-26,National,Furnishing & Household Equipment Maintenance,,,,,https://www.pbs.gov.pk/wp-content/uploads/2020/07/indices_and_growth_rates_historical-1.pdf (PBS historical indices; category unavailable)
2026-03-01,2026,March,3,FY2025-26,National,Health,289.16,0.22,7.36,2.79,"https://www.pbs.gov.pk/wp-content/uploads/2020/07/Monthly-Review-March-2026.pdf (PBS monthly review, National group table)"
2026-03-01,2026,March,3,FY2025-26,National,Transport,346.13,11.77,12.49,5.91,"https://www.pbs.gov.pk/wp-content/uploads/2020/07/Monthly-Review-March-2026.pdf (PBS monthly review, National group table)"
2026-03-01,2026,March,3,FY2025-26,National,Communication,135.97,0.16,0.8,2.21,"https://www.pbs.gov.pk/wp-content/uploads/2020/07/Monthly-Review-March-2026.pdf (PBS monthly review, National group table)"
2026-03-01,2026,March,3,FY2025-26,National,Recreation & Culture,265.15,0.0,-4.06,1.59,"https://www.pbs.gov.pk/wp-content/uploads/2020/07/Monthly-Review-March-2026.pdf (PBS monthly review, National group table)"
2026-03-01,2026,March,3,FY2025-26,National,Education,228.85,1.14,9.03,3.79,"https://www.pbs.gov.pk/wp-content/uploads/2020/07/Monthly-Review-March-2026.pdf (PBS monthly review, National group table)"
2026-03-01,2026,March,3,FY2025-26,National,Restaurants & Hotels,299.38,0.37,5.12,6.92,"https://www.pbs.gov.pk/wp-content/uploads/2020/07/Monthly-Review-March-2026.pdf (PBS monthly review, National group table)"
2026-03-01,2026,March,3,FY2025-26,National,Miscellaneous Goods & Services,381.76,0.14,21.61,4.87,"https://www.pbs.gov.pk/wp-content/uploads/2020/07/Monthly-Review-March-2026.pdf (PBS monthly review, National group table)"
2026-03-01,2026,March,3,FY2025-26,Urban,Food & Non-Alcoholic Beverages,284.32,0.01,2.63,30.42,"https://www.pbs.gov.pk/wp-content/uploads/2020/07/Monthly-Review-March-2026.pdf (PBS monthly review, Urban group table)"
2026-03-01,2026,March,3,FY2025-26,Urban,Alcoholic Beverages & Tobacco,426.28,0.28,2.75,0.85,"https://www.pbs.gov.pk/wp-content/uploads/2020/07/Monthly-Review-March-2026.pdf (PBS monthly review, Urban group table)"
2026-03-01,2026,March,3,FY2025-26,Urban,Clothing & Footwear,262.74,0.74,5.21,8.01,"https://www.pbs.gov.pk/wp-content/uploads/2020/07/Monthly-Review-March-2026.pdf (PBS monthly review, Urban group table)"
2026-03-01,2026,March,3,FY2025-26,Urban,"Housing, Water, Electricity, Gas & Fuels",273.89,1.26,12.11,27.03,"https://www.pbs.gov.pk/wp-content/uploads/2020/07/Monthly-Review-March-2026.pdf (PBS monthly review, Urban group table)"
2026-03-01,2026,March,3,FY2025-26,Urban,Furnishing & Household Equipment Maintenance,274.82,0.63,3.73,4.09,"https://www.pbs.gov.pk/wp-content/uploads/2020/07/Monthly-Review-March-2026.pdf (PBS monthly review, Urban group table)"
2026-03-01,2026,March,3,FY2025-26,Urban,Health,289.27,0.34,6.46,2.31,"https://www.pbs.gov.pk/wp-content/uploads/2020/07/Monthly-Review-March-2026.pdf (PBS monthly review, Urban group table)"
2026-03-01,2026,March,3,FY2025-26,Urban,Transport,340.79,12.14,12.79,6.14,"https://www.pbs.gov.pk/wp-content/uploads/2020/07/Monthly-Review-March-2026.pdf (PBS monthly review, Urban group table)"
2026-03-01,2026,March,3,FY2025-26,Urban,Communication,139.25,0.1,0.63,2.35,"https://www.pbs.gov.pk/wp-content/uploads/2020/07/Monthly-Review-March-2026.pdf (PBS monthly review, Urban group table)"
2026-03-01,2026,March,3,FY2025-26,Urban,Recreation & Culture,249.7,0.2,-3.59,1.73,"https://www.pbs.gov.pk/wp-content/uploads/2020/07/Monthly-Review-March-2026.pdf (PBS monthly review, Urban group table)"
2026-03-01,2026,March,3,FY2025-26,Urban,Education,221.05,1.29,8.85,4.88,"https://www.pbs.gov.pk/wp-content/uploads/2020/07/Monthly-Review-March-2026.pdf (PBS monthly review, Urban group table)"
2026-03-01,2026,March,3,FY2025-26,Urban,Restaurants & Hotels,294.18,0.57,4.79,7.41,"https://www.pbs.gov.pk/wp-content/uploads/2020/07/Monthly-Review-March-2026.pdf (PBS monthly review, Urban group table)"
2026-03-01,2026,March,3,FY2025-26,Urban,Miscellaneous Goods & Services,369.43,-0.08,21.47,4.77,"https://www.pbs.gov.pk/wp-content/uploads/2020/07/Monthly-Review-March-2026.pdf (PBS monthly review, Urban group table)"
2026-03-01,2026,March,3,FY2025-26,Rural,Food & Non-Alcoholic Beverages,292.61,-0.67,4.57,40.87,"https://www.pbs.gov.pk/wp-content/uploads/2020/07/Monthly-Review-March-2026.pdf (PBS monthly review, Rural group table)"
2026-03-01,2026,March,3,FY2025-26,Rural,Alcoholic Beverages & Tobacco,378.34,0.23,1.78,1.28,"https://www.pbs.gov.pk/wp-content/uploads/2020/07/Monthly-Review-March-2026.pdf (PBS monthly review, Rural group table)"
2026-03-01,2026,March,3,FY2025-26,Rural,Clothing & Footwear,288.37,1.38,6.5,9.48,"https://www.pbs.gov.pk/wp-content/uploads/2020/07/Monthly-Review-March-2026.pdf (PBS monthly review, Rural group table)"
2026-03-01,2026,March,3,FY2025-26,Rural,"Housing, Water, Electricity, Gas & Fuels",249.88,2.25,10.02,18.49,"https://www.pbs.gov.pk/wp-content/uploads/2020/07/Monthly-Review-March-2026.pdf (PBS monthly review, Rural group table)"
2026-03-01,2026,March,3,FY2025-26,Rural,Furnishing & Household Equipment Maintenance,303.19,0.51,4.16,4.1,"https://www.pbs.gov.pk/wp-content/uploads/2020/07/Monthly-Review-March-2026.pdf (PBS monthly review, Rural group table)"
2026-03-01,2026,March,3,FY2025-26,Rural,Health,289.05,0.1,8.27,3.51,"https://www.pbs.gov.pk/wp-content/uploads/2020/07/Monthly-Review-March-2026.pdf (PBS monthly review, Rural group table)"
2026-03-01,2026,March,3,FY2025-26,Rural,Transport,355.04,11.18,12.0,5.56,"https://www.pbs.gov.pk/wp-content/uploads/2020/07/Monthly-Review-March-2026.pdf (PBS monthly review, Rural group table)"
2026-03-01,2026,March,3,FY2025-26,Rural,Communication,130.13,0.29,1.13,1.99,"https://www.pbs.gov.pk/wp-content/uploads/2020/07/Monthly-Review-March-2026.pdf (PBS monthly review, Rural group table)"
2026-03-01,2026,March,3,FY2025-26,Rural,Recreation & Culture,294.46,-0.32,-4.8,1.38,"https://www.pbs.gov.pk/wp-content/uploads/2020/07/Monthly-Review-March-2026.pdf (PBS monthly review, Rural group table)"
2026-03-01,2026,March,3,FY2025-26,Rural,Education,255.8,0.68,9.57,2.13,"https://www.pbs.gov.pk/wp-content/uploads/2020/07/Monthly-Review-March-2026.pdf (PBS monthly review, Rural group table)"
2026-03-01,2026,March,3,FY2025-26,Rural,Restaurants & Hotels,308.76,0.03,5.7,6.19,"https://www.pbs.gov.pk/wp-content/uploads/2020/07/Monthly-Review-March-2026.pdf (PBS monthly review, Rural group table)"
2026-03-01,2026,March,3,FY2025-26,Rural,Miscellaneous Goods & Services,399.47,0.43,21.8,5.02,"https://www.pbs.gov.pk/wp-content/uploads/2020/07/Monthly-Review-March-2026.pdf (PBS monthly review, Rural group table)"
2026-04-01,2026,April,4,FY2025-26,National,Food & Non-Alcoholic Beverages,293.41,1.8,7.63,34.58,"https://www.pbs.gov.pk/wp-content/uploads/2020/07/Monthly-Review-April-2026.pdf (PBS monthly review, National group table)"
2026-04-01,2026,April,4,FY2025-26,National,Alcoholic Beverages & Tobacco,403.13,0.18,2.02,1.02,"https://www.pbs.gov.pk/wp-content/uploads/2020/07/Monthly-Review-April-2026.pdf (PBS monthly review, National group table)"
2026-04-01,2026,April,4,FY2025-26,National,Clothing & Footwear,276.19,0.8,6.2,8.6,"https://www.pbs.gov.pk/wp-content/uploads/2020/07/Monthly-Review-April-2026.pdf (PBS monthly review, National group table)"
2026-04-01,2026,April,4,FY2025-26,National,"Housing, Water, Electricity, Gas & Fuels",272.87,2.43,16.84,23.63,"https://www.pbs.gov.pk/wp-content/uploads/2020/07/Monthly-Review-April-2026.pdf (PBS monthly review, National group table)"
2026-04-01,2026,April,4,FY2025-26,National,Furnishing & Household Equipment Maintenance,,,,,https://www.pbs.gov.pk/wp-content/uploads/2020/07/indices_and_growth_rates_historical-1.pdf (PBS historical indices; category unavailable)
2026-04-01,2026,April,4,FY2025-26,National,Health,290.04,0.31,7.08,2.79,"https://www.pbs.gov.pk/wp-content/uploads/2020/07/Monthly-Review-April-2026.pdf (PBS monthly review, National group table)"
2026-04-01,2026,April,4,FY2025-26,National,Transport,399.7,15.47,29.88,5.91,"https://www.pbs.gov.pk/wp-content/uploads/2020/07/Monthly-Review-April-2026.pdf (PBS monthly review, National group table)"
2026-04-01,2026,April,4,FY2025-26,National,Communication,136.11,0.1,0.84,2.21,"https://www.pbs.gov.pk/wp-content/uploads/2020/07/Monthly-Review-April-2026.pdf (PBS monthly review, National group table)"
2026-04-01,2026,April,4,FY2025-26,National,Recreation & Culture,264.79,-0.14,-5.07,1.59,"https://www.pbs.gov.pk/wp-content/uploads/2020/07/Monthly-Review-April-2026.pdf (PBS monthly review, National group table)"
2026-04-01,2026,April,4,FY2025-26,National,Education,235.62,2.96,8.27,3.79,"https://www.pbs.gov.pk/wp-content/uploads/2020/07/Monthly-Review-April-2026.pdf (PBS monthly review, National group table)"
2026-04-01,2026,April,4,FY2025-26,National,Restaurants & Hotels,301.53,0.72,5.28,6.92,"https://www.pbs.gov.pk/wp-content/uploads/2020/07/Monthly-Review-April-2026.pdf (PBS monthly review, National group table)"
2026-04-01,2026,April,4,FY2025-26,National,Miscellaneous Goods & Services,379.94,-0.48,18.32,4.87,"https://www.pbs.gov.pk/wp-content/uploads/2020/07/Monthly-Review-April-2026.pdf (PBS monthly review, National group table)"
2026-04-01,2026,April,4,FY2025-26,Urban,Food & Non-Alcoholic Beverages,291.71,2.6,7.47,30.42,"https://www.pbs.gov.pk/wp-content/uploads/2020/07/Monthly-Review-April-2026.pdf (PBS monthly review, Urban group table)"
2026-04-01,2026,April,4,FY2025-26,Urban,Alcoholic Beverages & Tobacco,426.88,0.14,2.13,0.85,"https://www.pbs.gov.pk/wp-content/uploads/2020/07/Monthly-Review-April-2026.pdf (PBS monthly review, Urban group table)"
2026-04-01,2026,April,4,FY2025-26,Urban,Clothing & Footwear,264.87,0.81,5.51,8.01,"https://www.pbs.gov.pk/wp-content/uploads/2020/07/Monthly-Review-April-2026.pdf (PBS monthly review, Urban group table)"
2026-04-01,2026,April,4,FY2025-26,Urban,"Housing, Water, Electricity, Gas & Fuels",278.36,1.63,16.22,27.03,"https://www.pbs.gov.pk/wp-content/uploads/2020/07/Monthly-Review-April-2026.pdf (PBS monthly review, Urban group table)"
2026-04-01,2026,April,4,FY2025-26,Urban,Furnishing & Household Equipment Maintenance,276.49,0.61,3.47,4.09,"https://www.pbs.gov.pk/wp-content/uploads/2020/07/Monthly-Review-April-2026.pdf (PBS monthly review, Urban group table)"
2026-04-01,2026,April,4,FY2025-26,Urban,Health,290.64,0.47,6.15,2.31,"https://www.pbs.gov.pk/wp-content/uploads/2020/07/Monthly-Review-April-2026.pdf (PBS monthly review, Urban group table)"
2026-04-01,2026,April,4,FY2025-26,Urban,Transport,398.87,17.04,32.15,6.14,"https://www.pbs.gov.pk/wp-content/uploads/2020/07/Monthly-Review-April-2026.pdf (PBS monthly review, Urban group table)"
2026-04-01,2026,April,4,FY2025-26,Urban,Communication,139.47,0.16,0.78,2.35,"https://www.pbs.gov.pk/wp-content/uploads/2020/07/Monthly-Review-April-2026.pdf (PBS monthly review, Urban group table)"
2026-04-01,2026,April,4,FY2025-26,Urban,Recreation & Culture,249.8,0.04,-4.45,1.73,"https://www.pbs.gov.pk/wp-content/uploads/2020/07/Monthly-Review-April-2026.pdf (PBS monthly review, Urban group table)"
2026-04-01,2026,April,4,FY2025-26,Urban,Education,227.74,3.03,7.72,4.88,"https://www.pbs.gov.pk/wp-content/uploads/2020/07/Monthly-Review-April-2026.pdf (PBS monthly review, Urban group table)"
2026-04-01,2026,April,4,FY2025-26,Urban,Restaurants & Hotels,296.83,0.9,5.12,7.41,"https://www.pbs.gov.pk/wp-content/uploads/2020/07/Monthly-Review-April-2026.pdf (PBS monthly review, Urban group table)"
2026-04-01,2026,April,4,FY2025-26,Urban,Miscellaneous Goods & Services,367.68,-0.47,18.06,4.77,"https://www.pbs.gov.pk/wp-content/uploads/2020/07/Monthly-Review-April-2026.pdf (PBS monthly review, Urban group table)"
2026-04-01,2026,April,4,FY2025-26,Rural,Food & Non-Alcoholic Beverages,295.32,0.93,7.8,40.87,"https://www.pbs.gov.pk/wp-content/uploads/2020/07/Monthly-Review-April-2026.pdf (PBS monthly review, Rural group table)"
2026-04-01,2026,April,4,FY2025-26,Rural,Alcoholic Beverages & Tobacco,379.18,0.22,1.89,1.28,"https://www.pbs.gov.pk/wp-content/uploads/2020/07/Monthly-Review-April-2026.pdf (PBS monthly review, Rural group table)"
2026-04-01,2026,April,4,FY2025-26,Rural,Clothing & Footwear,290.63,0.78,7.02,9.48,"https://www.pbs.gov.pk/wp-content/uploads/2020/07/Monthly-Review-April-2026.pdf (PBS monthly review, Rural group table)"
2026-04-01,2026,April,4,FY2025-26,Rural,"Housing, Water, Electricity, Gas & Fuels",260.74,4.35,18.34,18.49,"https://www.pbs.gov.pk/wp-content/uploads/2020/07/Monthly-Review-April-2026.pdf (PBS monthly review, Rural group table)"
2026-04-01,2026,April,4,FY2025-26,Rural,Furnishing & Household Equipment Maintenance,304.56,0.45,4.28,4.1,"https://www.pbs.gov.pk/wp-content/uploads/2020/07/Monthly-Review-April-2026.pdf (PBS monthly review, Rural group table)"
2026-04-01,2026,April,4,FY2025-26,Rural,Health,289.45,0.14,8.02,3.51,"https://www.pbs.gov.pk/wp-content/uploads/2020/07/Monthly-Review-April-2026.pdf (PBS monthly review, Rural group table)"
2026-04-01,2026,April,4,FY2025-26,Rural,Transport,401.07,12.96,26.29,5.56,"https://www.pbs.gov.pk/wp-content/uploads/2020/07/Monthly-Review-April-2026.pdf (PBS monthly review, Rural group table)"
2026-04-01,2026,April,4,FY2025-26,Rural,Communication,130.13,0.0,0.95,1.99,"https://www.pbs.gov.pk/wp-content/uploads/2020/07/Monthly-Review-April-2026.pdf (PBS monthly review, Rural group table)"
2026-04-01,2026,April,4,FY2025-26,Rural,Recreation & Culture,293.22,-0.42,-6.06,1.38,"https://www.pbs.gov.pk/wp-content/uploads/2020/07/Monthly-Review-April-2026.pdf (PBS monthly review, Rural group table)"
2026-04-01,2026,April,4,FY2025-26,Rural,Education,262.83,2.75,9.97,2.13,"https://www.pbs.gov.pk/wp-content/uploads/2020/07/Monthly-Review-April-2026.pdf (PBS monthly review, Rural group table)"
2026-04-01,2026,April,4,FY2025-26,Rural,Restaurants & Hotels,310.03,0.41,5.55,6.19,"https://www.pbs.gov.pk/wp-content/uploads/2020/07/Monthly-Review-April-2026.pdf (PBS monthly review, Rural group table)"
2026-04-01,2026,April,4,FY2025-26,Rural,Miscellaneous Goods & Services,397.53,-0.49,18.67,5.02,"https://www.pbs.gov.pk/wp-content/uploads/2020/07/Monthly-Review-April-2026.pdf (PBS monthly review, Rural group table)"
2026-05-01,2026,May,5,FY2025-26,National,Food & Non-Alcoholic Beverages,293.71,0.1,7.93,34.58,"https://www.pbs.gov.pk/wp-content/uploads/2020/07/Monthly-Review-May-2026.pdf (PBS monthly review, National group table)"
2026-05-01,2026,May,5,FY2025-26,National,Alcoholic Beverages & Tobacco,404.4,0.32,2.26,1.02,"https://www.pbs.gov.pk/wp-content/uploads/2020/07/Monthly-Review-May-2026.pdf (PBS monthly review, National group table)"
2026-05-01,2026,May,5,FY2025-26,National,Clothing & Footwear,285.62,3.41,8.77,8.6,"https://www.pbs.gov.pk/wp-content/uploads/2020/07/Monthly-Review-May-2026.pdf (PBS monthly review, National group table)"
2026-05-01,2026,May,5,FY2025-26,National,"Housing, Water, Electricity, Gas & Fuels",269.35,-1.29,16.78,23.63,"https://www.pbs.gov.pk/wp-content/uploads/2020/07/Monthly-Review-May-2026.pdf (PBS monthly review, National group table)"
2026-05-01,2026,May,5,FY2025-26,National,Furnishing & Household Equipment Maintenance,,,,,https://www.pbs.gov.pk/wp-content/uploads/2020/07/indices_and_growth_rates_historical-1.pdf (PBS historical indices; category unavailable)
2026-05-01,2026,May,5,FY2025-26,National,Health,292.41,0.82,7.54,2.79,"https://www.pbs.gov.pk/wp-content/uploads/2020/07/Monthly-Review-May-2026.pdf (PBS monthly review, National group table)"
2026-05-01,2026,May,5,FY2025-26,National,Transport,420.19,5.13,36.78,5.91,"https://www.pbs.gov.pk/wp-content/uploads/2020/07/Monthly-Review-May-2026.pdf (PBS monthly review, National group table)"
2026-05-01,2026,May,5,FY2025-26,National,Communication,136.3,0.14,0.95,2.21,"https://www.pbs.gov.pk/wp-content/uploads/2020/07/Monthly-Review-May-2026.pdf (PBS monthly review, National group table)"
2026-05-01,2026,May,5,FY2025-26,National,Recreation & Culture,265.12,0.13,-0.23,1.59,"https://www.pbs.gov.pk/wp-content/uploads/2020/07/Monthly-Review-May-2026.pdf (PBS monthly review, National group table)"
2026-05-01,2026,May,5,FY2025-26,National,Education,237.43,0.77,8.37,3.79,"https://www.pbs.gov.pk/wp-content/uploads/2020/07/Monthly-Review-May-2026.pdf (PBS monthly review, National group table)"
2026-05-01,2026,May,5,FY2025-26,National,Restaurants & Hotels,303.29,0.58,5.69,6.92,"https://www.pbs.gov.pk/wp-content/uploads/2020/07/Monthly-Review-May-2026.pdf (PBS monthly review, National group table)"
2026-05-01,2026,May,5,FY2025-26,National,Miscellaneous Goods & Services,375.5,-1.17,15.03,4.87,"https://www.pbs.gov.pk/wp-content/uploads/2020/07/Monthly-Review-May-2026.pdf (PBS monthly review, National group table)"
2026-05-01,2026,May,5,FY2025-26,Urban,Food & Non-Alcoholic Beverages,291.88,0.06,6.78,30.42,"https://www.pbs.gov.pk/wp-content/uploads/2020/07/Monthly-Review-May-2026.pdf (PBS monthly review, Urban group table)"
2026-05-01,2026,May,5,FY2025-26,Urban,Alcoholic Beverages & Tobacco,427.73,0.2,2.32,0.85,"https://www.pbs.gov.pk/wp-content/uploads/2020/07/Monthly-Review-May-2026.pdf (PBS monthly review, Urban group table)"
2026-05-01,2026,May,5,FY2025-26,Urban,Clothing & Footwear,280.55,5.92,10.27,8.01,"https://www.pbs.gov.pk/wp-content/uploads/2020/07/Monthly-Review-May-2026.pdf (PBS monthly review, Urban group table)"
2026-05-01,2026,May,5,FY2025-26,Urban,"Housing, Water, Electricity, Gas & Fuels",274.66,-1.33,16.1,27.03,"https://www.pbs.gov.pk/wp-content/uploads/2020/07/Monthly-Review-May-2026.pdf (PBS monthly review, Urban group table)"
2026-05-01,2026,May,5,FY2025-26,Urban,Furnishing & Household Equipment Maintenance,280.81,1.56,4.95,4.09,"https://www.pbs.gov.pk/wp-content/uploads/2020/07/Monthly-Review-May-2026.pdf (PBS monthly review, Urban group table)"
2026-05-01,2026,May,5,FY2025-26,Urban,Health,292.4,0.61,6.64,2.31,"https://www.pbs.gov.pk/wp-content/uploads/2020/07/Monthly-Review-May-2026.pdf (PBS monthly review, Urban group table)"
2026-05-01,2026,May,5,FY2025-26,Urban,Transport,420.75,5.49,39.52,6.14,"https://www.pbs.gov.pk/wp-content/uploads/2020/07/Monthly-Review-May-2026.pdf (PBS monthly review, Urban group table)"
2026-05-01,2026,May,5,FY2025-26,Urban,Communication,139.76,0.21,0.96,2.35,"https://www.pbs.gov.pk/wp-content/uploads/2020/07/Monthly-Review-May-2026.pdf (PBS monthly review, Urban group table)"
2026-05-01,2026,May,5,FY2025-26,Urban,Recreation & Culture,250.24,0.18,-0.1,1.73,"https://www.pbs.gov.pk/wp-content/uploads/2020/07/Monthly-Review-May-2026.pdf (PBS monthly review, Urban group table)"
2026-05-01,2026,May,5,FY2025-26,Urban,Education,229.64,0.83,8.2,4.88,"https://www.pbs.gov.pk/wp-content/uploads/2020/07/Monthly-Review-May-2026.pdf (PBS monthly review, Urban group table)"
2026-05-01,2026,May,5,FY2025-26,Urban,Restaurants & Hotels,299.09,0.76,5.78,7.41,"https://www.pbs.gov.pk/wp-content/uploads/2020/07/Monthly-Review-May-2026.pdf (PBS monthly review, Urban group table)"
2026-05-01,2026,May,5,FY2025-26,Urban,Miscellaneous Goods & Services,363.87,-1.04,15.02,4.77,"https://www.pbs.gov.pk/wp-content/uploads/2020/07/Monthly-Review-May-2026.pdf (PBS monthly review, Urban group table)"
2026-05-01,2026,May,5,FY2025-26,Rural,Food & Non-Alcoholic Beverages,295.76,0.15,9.24,40.87,"https://www.pbs.gov.pk/wp-content/uploads/2020/07/Monthly-Review-May-2026.pdf (PBS monthly review, Rural group table)"
2026-05-01,2026,May,5,FY2025-26,Rural,Alcoholic Beverages & Tobacco,380.88,0.45,2.19,1.28,"https://www.pbs.gov.pk/wp-content/uploads/2020/07/Monthly-Review-May-2026.pdf (PBS monthly review, Rural group table)"
2026-05-01,2026,May,5,FY2025-26,Rural,Clothing & Footwear,292.09,0.5,7.0,9.48,"https://www.pbs.gov.pk/wp-content/uploads/2020/07/Monthly-Review-May-2026.pdf (PBS monthly review, Rural group table)"
2026-05-01,2026,May,5,FY2025-26,Rural,"Housing, Water, Electricity, Gas & Fuels",257.64,-1.19,18.41,18.49,"https://www.pbs.gov.pk/wp-content/uploads/2020/07/Monthly-Review-May-2026.pdf (PBS monthly review, Rural group table)"
2026-05-01,2026,May,5,FY2025-26,Rural,Furnishing & Household Equipment Maintenance,309.02,1.46,5.35,4.1,"https://www.pbs.gov.pk/wp-content/uploads/2020/07/Monthly-Review-May-2026.pdf (PBS monthly review, Rural group table)"
2026-05-01,2026,May,5,FY2025-26,Rural,Health,292.42,1.03,8.45,3.51,"https://www.pbs.gov.pk/wp-content/uploads/2020/07/Monthly-Review-May-2026.pdf (PBS monthly review, Rural group table)"
2026-05-01,2026,May,5,FY2025-26,Rural,Transport,419.27,4.54,32.44,5.56,"https://www.pbs.gov.pk/wp-content/uploads/2020/07/Monthly-Review-May-2026.pdf (PBS monthly review, Rural group table)"
2026-05-01,2026,May,5,FY2025-26,Rural,Communication,130.13,0.0,0.92,1.99,"https://www.pbs.gov.pk/wp-content/uploads/2020/07/Monthly-Review-May-2026.pdf (PBS monthly review, Rural group table)"
2026-05-01,2026,May,5,FY2025-26,Rural,Recreation & Culture,293.35,0.04,-0.42,1.38,"https://www.pbs.gov.pk/wp-content/uploads/2020/07/Monthly-Review-May-2026.pdf (PBS monthly review, Rural group table)"
2026-05-01,2026,May,5,FY2025-26,Rural,Education,264.31,0.56,8.86,2.13,"https://www.pbs.gov.pk/wp-content/uploads/2020/07/Monthly-Review-May-2026.pdf (PBS monthly review, Rural group table)"
2026-05-01,2026,May,5,FY2025-26,Rural,Restaurants & Hotels,310.88,0.27,5.54,6.19,"https://www.pbs.gov.pk/wp-content/uploads/2020/07/Monthly-Review-May-2026.pdf (PBS monthly review, Rural group table)"
2026-05-01,2026,May,5,FY2025-26,Rural,Miscellaneous Goods & Services,392.19,-1.34,15.05,5.02,"https://www.pbs.gov.pk/wp-content/uploads/2020/07/Monthly-Review-May-2026.pdf (PBS monthly review, Rural group table)"
2026-06-01,2026,June,6,FY2025-26,National,Food & Non-Alcoholic Beverages,296.52,0.96,9.38,34.58,"https://www.pbs.gov.pk/wp-content/uploads/2020/07/Monthly-Review-June-2026.pdf (PBS monthly review, National group table)"
2026-06-01,2026,June,6,FY2025-26,National,Alcoholic Beverages & Tobacco,409.87,1.35,3.32,1.02,"https://www.pbs.gov.pk/wp-content/uploads/2020/07/Monthly-Review-June-2026.pdf (PBS monthly review, National group table)"
2026-06-01,2026,June,6,FY2025-26,National,Clothing & Footwear,287.79,0.76,9.3,8.6,"https://www.pbs.gov.pk/wp-content/uploads/2020/07/Monthly-Review-June-2026.pdf (PBS monthly review, National group table)"
2026-06-01,2026,June,6,FY2025-26,National,"Housing, Water, Electricity, Gas & Fuels",268.29,-0.4,15.5,23.63,"https://www.pbs.gov.pk/wp-content/uploads/2020/07/Monthly-Review-June-2026.pdf (PBS monthly review, National group table)"
2026-06-01,2026,June,6,FY2025-26,National,Furnishing & Household Equipment Maintenance,,,,,https://www.pbs.gov.pk/wp-content/uploads/2020/07/indices_and_growth_rates_historical-1.pdf (PBS historical indices; category unavailable)
2026-06-01,2026,June,6,FY2025-26,National,Health,295.11,0.92,7.59,2.79,"https://www.pbs.gov.pk/wp-content/uploads/2020/07/Monthly-Review-June-2026.pdf (PBS monthly review, National group table)"
2026-06-01,2026,June,6,FY2025-26,National,Transport,389.87,-7.22,25.72,5.91,"https://www.pbs.gov.pk/wp-content/uploads/2020/07/Monthly-Review-June-2026.pdf (PBS monthly review, National group table)"
2026-06-01,2026,June,6,FY2025-26,National,Communication,136.33,0.03,0.86,2.21,"https://www.pbs.gov.pk/wp-content/uploads/2020/07/Monthly-Review-June-2026.pdf (PBS monthly review, National group table)"
2026-06-01,2026,June,6,FY2025-26,National,Recreation & Culture,266.43,0.49,0.09,1.59,"https://www.pbs.gov.pk/wp-content/uploads/2020/07/Monthly-Review-June-2026.pdf (PBS monthly review, National group table)"
2026-06-01,2026,June,6,FY2025-26,National,Education,237.91,0.2,8.3,3.79,"https://www.pbs.gov.pk/wp-content/uploads/2020/07/Monthly-Review-June-2026.pdf (PBS monthly review, National group table)"
2026-06-01,2026,June,6,FY2025-26,National,Restaurants & Hotels,304.41,0.37,5.38,6.92,"https://www.pbs.gov.pk/wp-content/uploads/2020/07/Monthly-Review-June-2026.pdf (PBS monthly review, National group table)"
2026-06-01,2026,June,6,FY2025-26,National,Miscellaneous Goods & Services,368.52,-1.86,12.21,4.87,"https://www.pbs.gov.pk/wp-content/uploads/2020/07/Monthly-Review-June-2026.pdf (PBS monthly review, National group table)"
2026-06-01,2026,June,6,FY2025-26,Urban,Food & Non-Alcoholic Beverages,294.92,1.04,8.71,30.42,"https://www.pbs.gov.pk/wp-content/uploads/2020/07/Monthly-Review-June-2026.pdf (PBS monthly review, Urban group table)"
2026-06-01,2026,June,6,FY2025-26,Urban,Alcoholic Beverages & Tobacco,434.78,1.65,3.81,0.85,"https://www.pbs.gov.pk/wp-content/uploads/2020/07/Monthly-Review-June-2026.pdf (PBS monthly review, Urban group table)"
2026-06-01,2026,June,6,FY2025-26,Urban,Clothing & Footwear,283.12,0.92,11.18,8.01,"https://www.pbs.gov.pk/wp-content/uploads/2020/07/Monthly-Review-June-2026.pdf (PBS monthly review, Urban group table)"
2026-06-01,2026,June,6,FY2025-26,Urban,"Housing, Water, Electricity, Gas & Fuels",272.81,-0.67,14.53,27.03,"https://www.pbs.gov.pk/wp-content/uploads/2020/07/Monthly-Review-June-2026.pdf (PBS monthly review, Urban group table)"
2026-06-01,2026,June,6,FY2025-26,Urban,Furnishing & Household Equipment Maintenance,283.93,1.11,6.11,4.09,"https://www.pbs.gov.pk/wp-content/uploads/2020/07/Monthly-Review-June-2026.pdf (PBS monthly review, Urban group table)"
2026-06-01,2026,June,6,FY2025-26,Urban,Health,294.3,0.65,6.53,2.31,"https://www.pbs.gov.pk/wp-content/uploads/2020/07/Monthly-Review-June-2026.pdf (PBS monthly review, Urban group table)"
2026-06-01,2026,June,6,FY2025-26,Urban,Transport,390.16,-7.27,28.12,6.14,"https://www.pbs.gov.pk/wp-content/uploads/2020/07/Monthly-Review-June-2026.pdf (PBS monthly review, Urban group table)"
2026-06-01,2026,June,6,FY2025-26,Urban,Communication,139.81,0.04,0.87,2.35,"https://www.pbs.gov.pk/wp-content/uploads/2020/07/Monthly-Review-June-2026.pdf (PBS monthly review, Urban group table)"
2026-06-01,2026,June,6,FY2025-26,Urban,Recreation & Culture,252.1,0.74,0.69,1.73,"https://www.pbs.gov.pk/wp-content/uploads/2020/07/Monthly-Review-June-2026.pdf (PBS monthly review, Urban group table)"
2026-06-01,2026,June,6,FY2025-26,Urban,Education,229.95,0.13,8.24,4.88,"https://www.pbs.gov.pk/wp-content/uploads/2020/07/Monthly-Review-June-2026.pdf (PBS monthly review, Urban group table)"
2026-06-01,2026,June,6,FY2025-26,Urban,Restaurants & Hotels,298.29,-0.27,5.19,7.41,"https://www.pbs.gov.pk/wp-content/uploads/2020/07/Monthly-Review-June-2026.pdf (PBS monthly review, Urban group table)"
2026-06-01,2026,June,6,FY2025-26,Urban,Miscellaneous Goods & Services,356.59,-2.0,12.3,4.77,"https://www.pbs.gov.pk/wp-content/uploads/2020/07/Monthly-Review-June-2026.pdf (PBS monthly review, Urban group table)"
2026-06-01,2026,June,6,FY2025-26,Rural,Food & Non-Alcoholic Beverages,298.32,0.87,10.13,40.87,"https://www.pbs.gov.pk/wp-content/uploads/2020/07/Monthly-Review-June-2026.pdf (PBS monthly review, Rural group table)"
2026-06-01,2026,June,6,FY2025-26,Rural,Alcoholic Beverages & Tobacco,384.76,1.02,2.76,1.28,"https://www.pbs.gov.pk/wp-content/uploads/2020/07/Monthly-Review-June-2026.pdf (PBS monthly review, Rural group table)"
2026-06-01,2026,June,6,FY2025-26,Rural,Clothing & Footwear,293.75,0.57,7.07,9.48,"https://www.pbs.gov.pk/wp-content/uploads/2020/07/Monthly-Review-June-2026.pdf (PBS monthly review, Rural group table)"
2026-06-01,2026,June,6,FY2025-26,Rural,"Housing, Water, Electricity, Gas & Fuels",258.31,0.26,17.84,18.49,"https://www.pbs.gov.pk/wp-content/uploads/2020/07/Monthly-Review-June-2026.pdf (PBS monthly review, Rural group table)"
2026-06-01,2026,June,6,FY2025-26,Rural,Furnishing & Household Equipment Maintenance,311.02,0.65,5.7,4.1,"https://www.pbs.gov.pk/wp-content/uploads/2020/07/Monthly-Review-June-2026.pdf (PBS monthly review, Rural group table)"
2026-06-01,2026,June,6,FY2025-26,Rural,Health,295.91,1.19,8.66,3.51,"https://www.pbs.gov.pk/wp-content/uploads/2020/07/Monthly-Review-June-2026.pdf (PBS monthly review, Rural group table)"
2026-06-01,2026,June,6,FY2025-26,Rural,Transport,389.39,-7.13,21.91,5.56,"https://www.pbs.gov.pk/wp-content/uploads/2020/07/Monthly-Review-June-2026.pdf (PBS monthly review, Rural group table)"
2026-06-01,2026,June,6,FY2025-26,Rural,Communication,130.14,0.01,0.84,1.99,"https://www.pbs.gov.pk/wp-content/uploads/2020/07/Monthly-Review-June-2026.pdf (PBS monthly review, Rural group table)"
2026-06-01,2026,June,6,FY2025-26,Rural,Recreation & Culture,293.61,0.09,-0.88,1.38,"https://www.pbs.gov.pk/wp-content/uploads/2020/07/Monthly-Review-June-2026.pdf (PBS monthly review, Rural group table)"
2026-06-01,2026,June,6,FY2025-26,Rural,Education,265.38,0.4,8.47,2.13,"https://www.pbs.gov.pk/wp-content/uploads/2020/07/Monthly-Review-June-2026.pdf (PBS monthly review, Rural group table)"
2026-06-01,2026,June,6,FY2025-26,Rural,Restaurants & Hotels,315.46,1.47,5.71,6.19,"https://www.pbs.gov.pk/wp-content/uploads/2020/07/Monthly-Review-June-2026.pdf (PBS monthly review, Rural group table)"
2026-06-01,2026,June,6,FY2025-26,Rural,Miscellaneous Goods & Services,385.65,-1.67,12.08,5.02,"https://www.pbs.gov.pk/wp-content/uploads/2020/07/Monthly-Review-June-2026.pdf (PBS monthly review, Rural group table)"
2026-07-01,2026,July,7,FY2026-27,National,Food & Non-Alcoholic Beverages,308.86,4.16,10.64,34.58,"https://www.pbs.gov.pk/wp-content/uploads/2020/07/Monthly-Review-July-2026.pdf (PBS monthly review, National group table)"
2026-07-01,2026,July,7,FY2026-27,National,Alcoholic Beverages & Tobacco,410.11,0.06,3.19,1.02,"https://www.pbs.gov.pk/wp-content/uploads/2020/07/Monthly-Review-July-2026.pdf (PBS monthly review, National group table)"
2026-07-01,2026,July,7,FY2026-27,National,Clothing & Footwear,288.42,0.22,9.18,8.6,"https://www.pbs.gov.pk/wp-content/uploads/2020/07/Monthly-Review-July-2026.pdf (PBS monthly review, National group table)"
2026-07-01,2026,July,7,FY2026-27,National,"Housing, Water, Electricity, Gas & Fuels",266.63,-0.62,7.14,23.63,"https://www.pbs.gov.pk/wp-content/uploads/2020/07/Monthly-Review-July-2026.pdf (PBS monthly review, National group table)"
2026-07-01,2026,July,7,FY2026-27,National,Furnishing & Household Equipment Maintenance,,,,,https://www.pbs.gov.pk/wp-content/uploads/2020/07/indices_and_growth_rates_historical-1.pdf (PBS historical indices; category unavailable)
2026-07-01,2026,July,7,FY2026-27,National,Health,296.71,0.54,7.8,2.79,"https://www.pbs.gov.pk/wp-content/uploads/2020/07/Monthly-Review-July-2026.pdf (PBS monthly review, National group table)"
2026-07-01,2026,July,7,FY2026-27,National,Transport,369.45,-5.24,15.08,5.91,"https://www.pbs.gov.pk/wp-content/uploads/2020/07/Monthly-Review-July-2026.pdf (PBS monthly review, National group table)"
2026-07-01,2026,July,7,FY2026-27,National,Communication,153.69,12.73,13.63,2.21,"https://www.pbs.gov.pk/wp-content/uploads/2020/07/Monthly-Review-July-2026.pdf (PBS monthly review, National group table)"
2026-07-01,2026,July,7,FY2026-27,National,Recreation & Culture,269.83,1.28,1.25,1.59,"https://www.pbs.gov.pk/wp-content/uploads/2020/07/Monthly-Review-July-2026.pdf (PBS monthly review, National group table)"
2026-07-01,2026,July,7,FY2026-27,National,Education,239.97,0.87,9.0,3.79,"https://www.pbs.gov.pk/wp-content/uploads/2020/07/Monthly-Review-July-2026.pdf (PBS monthly review, National group table)"
2026-07-01,2026,July,7,FY2026-27,National,Restaurants & Hotels,306.49,0.68,5.71,6.92,"https://www.pbs.gov.pk/wp-content/uploads/2020/07/Monthly-Review-July-2026.pdf (PBS monthly review, National group table)"
2026-07-01,2026,July,7,FY2026-27,National,Miscellaneous Goods & Services,367.13,-0.38,10.8,4.87,"https://www.pbs.gov.pk/wp-content/uploads/2020/07/Monthly-Review-July-2026.pdf (PBS monthly review, National group table)"
2026-07-01,2026,July,7,FY2026-27,Urban,Food & Non-Alcoholic Beverages,307.98,4.43,10.28,30.42,"https://www.pbs.gov.pk/wp-content/uploads/2020/07/Monthly-Review-July-2026.pdf (PBS monthly review, Urban group table)"
2026-07-01,2026,July,7,FY2026-27,Urban,Alcoholic Beverages & Tobacco,435.24,0.11,3.65,0.85,"https://www.pbs.gov.pk/wp-content/uploads/2020/07/Monthly-Review-July-2026.pdf (PBS monthly review, Urban group table)"
2026-07-01,2026,July,7,FY2026-27,Urban,Clothing & Footwear,283.31,0.07,11.16,8.01,"https://www.pbs.gov.pk/wp-content/uploads/2020/07/Monthly-Review-July-2026.pdf (PBS monthly review, Urban group table)"
2026-07-01,2026,July,7,FY2026-27,Urban,"Housing, Water, Electricity, Gas & Fuels",272.48,-0.12,5.23,27.03,"https://www.pbs.gov.pk/wp-content/uploads/2020/07/Monthly-Review-July-2026.pdf (PBS monthly review, Urban group table)"
2026-07-01,2026,July,7,FY2026-27,Urban,Furnishing & Household Equipment Maintenance,286.6,0.94,6.85,4.09,"https://www.pbs.gov.pk/wp-content/uploads/2020/07/Monthly-Review-July-2026.pdf (PBS monthly review, Urban group table)"
2026-07-01,2026,July,7,FY2026-27,Urban,Health,297.03,0.93,7.34,2.31,"https://www.pbs.gov.pk/wp-content/uploads/2020/07/Monthly-Review-July-2026.pdf (PBS monthly review, Urban group table)"
2026-07-01,2026,July,7,FY2026-27,Urban,Transport,367.98,-5.68,16.47,6.14,"https://www.pbs.gov.pk/wp-content/uploads/2020/07/Monthly-Review-July-2026.pdf (PBS monthly review, Urban group table)"
2026-07-01,2026,July,7,FY2026-27,Urban,Communication,159.86,14.34,15.32,2.35,"https://www.pbs.gov.pk/wp-content/uploads/2020/07/Monthly-Review-July-2026.pdf (PBS monthly review, Urban group table)"
2026-07-01,2026,July,7,FY2026-27,Urban,Recreation & Culture,253.84,0.69,1.32,1.73,"https://www.pbs.gov.pk/wp-content/uploads/2020/07/Monthly-Review-July-2026.pdf (PBS monthly review, Urban group table)"
2026-07-01,2026,July,7,FY2026-27,Urban,Education,231.32,0.6,8.75,4.88,"https://www.pbs.gov.pk/wp-content/uploads/2020/07/Monthly-Review-July-2026.pdf (PBS monthly review, Urban group table)"
2026-07-01,2026,July,7,FY2026-27,Urban,Restaurants & Hotels,300.67,0.8,5.88,7.41,"https://www.pbs.gov.pk/wp-content/uploads/2020/07/Monthly-Review-July-2026.pdf (PBS monthly review, Urban group table)"
2026-07-01,2026,July,7,FY2026-27,Urban,Miscellaneous Goods & Services,354.91,-0.47,10.56,4.77,"https://www.pbs.gov.pk/wp-content/uploads/2020/07/Monthly-Review-July-2026.pdf (PBS monthly review, Urban group table)"
2026-07-01,2026,July,7,FY2026-27,Rural,Food & Non-Alcoholic Beverages,309.84,3.86,11.05,40.87,"https://www.pbs.gov.pk/wp-content/uploads/2020/07/Monthly-Review-July-2026.pdf (PBS monthly review, Rural group table)"
2026-07-01,2026,July,7,FY2026-27,Rural,Alcoholic Beverages & Tobacco,384.77,0.0,2.67,1.28,"https://www.pbs.gov.pk/wp-content/uploads/2020/07/Monthly-Review-July-2026.pdf (PBS monthly review, Rural group table)"
2026-07-01,2026,July,7,FY2026-27,Rural,Clothing & Footwear,294.93,0.4,6.85,9.48,"https://www.pbs.gov.pk/wp-content/uploads/2020/07/Monthly-Review-July-2026.pdf (PBS monthly review, Rural group table)"
2026-07-01,2026,July,7,FY2026-27,Rural,"Housing, Water, Electricity, Gas & Fuels",253.73,-1.77,11.94,18.49,"https://www.pbs.gov.pk/wp-content/uploads/2020/07/Monthly-Review-July-2026.pdf (PBS monthly review, Rural group table)"
2026-07-01,2026,July,7,FY2026-27,Rural,Furnishing & Household Equipment Maintenance,315.19,1.34,7.01,4.1,"https://www.pbs.gov.pk/wp-content/uploads/2020/07/Monthly-Review-July-2026.pdf (PBS monthly review, Rural group table)"
2026-07-01,2026,July,7,FY2026-27,Rural,Health,296.4,0.17,8.27,3.51,"https://www.pbs.gov.pk/wp-content/uploads/2020/07/Monthly-Review-July-2026.pdf (PBS monthly review, Rural group table)"
2026-07-01,2026,July,7,FY2026-27,Rural,Transport,371.91,-4.49,12.87,5.56,"https://www.pbs.gov.pk/wp-content/uploads/2020/07/Monthly-Review-July-2026.pdf (PBS monthly review, Rural group table)"
2026-07-01,2026,July,7,FY2026-27,Rural,Communication,142.71,9.66,10.39,1.99,"https://www.pbs.gov.pk/wp-content/uploads/2020/07/Monthly-Review-July-2026.pdf (PBS monthly review, Rural group table)"
2026-07-01,2026,July,7,FY2026-27,Rural,Recreation & Culture,300.18,2.24,1.15,1.38,"https://www.pbs.gov.pk/wp-content/uploads/2020/07/Monthly-Review-July-2026.pdf (PBS monthly review, Rural group table)"
2026-07-01,2026,July,7,FY2026-27,Rural,Education,269.84,1.68,9.75,2.13,"https://www.pbs.gov.pk/wp-content/uploads/2020/07/Monthly-Review-July-2026.pdf (PBS monthly review, Rural group table)"
2026-07-01,2026,July,7,FY2026-27,Rural,Restaurants & Hotels,317.01,0.49,5.41,6.19,"https://www.pbs.gov.pk/wp-content/uploads/2020/07/Monthly-Review-July-2026.pdf (PBS monthly review, Rural group table)"
2026-07-01,2026,July,7,FY2026-27,Rural,Miscellaneous Goods & Services,384.67,-0.25,11.11,5.02,"https://www.pbs.gov.pk/wp-content/uploads/2020/07/Monthly-Review-July-2026.pdf (PBS monthly review, Rural group table)"
2026-08-01,2026,August,8,FY2026-27,National,Food & Non-Alcoholic Beverages,313.99,1.66,13.89,34.58,"https://www.pbs.gov.pk/wp-content/uploads/2020/07/Monthly-Review-August-2026.pdf (PBS monthly review, National group table)"
2026-08-01,2026,August,8,FY2026-27,National,Alcoholic Beverages & Tobacco,410.53,0.1,3.2,1.02,"https://www.pbs.gov.pk/wp-content/uploads/2020/07/Monthly-Review-August-2026.pdf (PBS monthly review, National group table)"
2026-08-01,2026,August,8,FY2026-27,National,Clothing & Footwear,289.14,0.25,9.23,8.6,"https://www.pbs.gov.pk/wp-content/uploads/2020/07/Monthly-Review-August-2026.pdf (PBS monthly review, National group table)"
2026-08-01,2026,August,8,FY2026-27,National,"Housing, Water, Electricity, Gas & Fuels",268.09,0.55,8.87,23.63,"https://www.pbs.gov.pk/wp-content/uploads/2020/07/Monthly-Review-August-2026.pdf (PBS monthly review, National group table)"
2026-08-01,2026,August,8,FY2026-27,National,Furnishing & Household Equipment Maintenance,,,,,https://www.pbs.gov.pk/wp-content/uploads/2020/07/indices_and_growth_rates_historical-1.pdf (PBS historical indices; category unavailable)
2026-08-01,2026,August,8,FY2026-27,National,Health,299.44,0.92,8.02,2.79,"https://www.pbs.gov.pk/wp-content/uploads/2020/07/Monthly-Review-August-2026.pdf (PBS monthly review, National group table)"
2026-08-01,2026,August,8,FY2026-27,National,Transport,382.06,3.41,20.17,5.91,"https://www.pbs.gov.pk/wp-content/uploads/2020/07/Monthly-Review-August-2026.pdf (PBS monthly review, National group table)"
2026-08-01,2026,August,8,FY2026-27,National,Communication,153.72,0.02,13.6,2.21,"https://www.pbs.gov.pk/wp-content/uploads/2020/07/Monthly-Review-August-2026.pdf (PBS monthly review, National group table)"
2026-08-01,2026,August,8,FY2026-27,National,Recreation & Culture,268.62,-0.45,0.48,1.59,"https://www.pbs.gov.pk/wp-content/uploads/2020/07/Monthly-Review-August-2026.pdf (PBS monthly review, National group table)"
2026-08-01,2026,August,8,FY2026-27,National,Education,240.41,0.18,7.82,3.79,"https://www.pbs.gov.pk/wp-content/uploads/2020/07/Monthly-Review-August-2026.pdf (PBS monthly review, National group table)"
2026-08-01,2026,August,8,FY2026-27,National,Restaurants & Hotels,308.22,0.56,6.1,6.92,"https://www.pbs.gov.pk/wp-content/uploads/2020/07/Monthly-Review-August-2026.pdf (PBS monthly review, National group table)"
2026-08-01,2026,August,8,FY2026-27,National,Miscellaneous Goods & Services,374.06,1.89,12.15,4.87,"https://www.pbs.gov.pk/wp-content/uploads/2020/07/Monthly-Review-August-2026.pdf (PBS monthly review, National group table)"
2026-08-01,2026,August,8,FY2026-27,Urban,Food & Non-Alcoholic Beverages,311.32,1.08,13.31,30.42,"https://www.pbs.gov.pk/wp-content/uploads/2020/07/Monthly-Review-August-2026.pdf (PBS monthly review, Urban group table)"
2026-08-01,2026,August,8,FY2026-27,Urban,Alcoholic Beverages & Tobacco,435.49,0.06,3.63,0.85,"https://www.pbs.gov.pk/wp-content/uploads/2020/07/Monthly-Review-August-2026.pdf (PBS monthly review, Urban group table)"
2026-08-01,2026,August,8,FY2026-27,Urban,Clothing & Footwear,283.87,0.2,11.18,8.01,"https://www.pbs.gov.pk/wp-content/uploads/2020/07/Monthly-Review-August-2026.pdf (PBS monthly review, Urban group table)"
2026-08-01,2026,August,8,FY2026-27,Urban,"Housing, Water, Electricity, Gas & Fuels",273.36,0.32,6.64,27.03,"https://www.pbs.gov.pk/wp-content/uploads/2020/07/Monthly-Review-August-2026.pdf (PBS monthly review, Urban group table)"
2026-08-01,2026,August,8,FY2026-27,Urban,Furnishing & Household Equipment Maintenance,287.75,0.4,6.69,4.09,"https://www.pbs.gov.pk/wp-content/uploads/2020/07/Monthly-Review-August-2026.pdf (PBS monthly review, Urban group table)"
2026-08-01,2026,August,8,FY2026-27,Urban,Health,299.75,0.92,7.55,2.31,"https://www.pbs.gov.pk/wp-content/uploads/2020/07/Monthly-Review-August-2026.pdf (PBS monthly review, Urban group table)"
2026-08-01,2026,August,8,FY2026-27,Urban,Transport,380.97,3.53,21.79,6.14,"https://www.pbs.gov.pk/wp-content/uploads/2020/07/Monthly-Review-August-2026.pdf (PBS monthly review, Urban group table)"
2026-08-01,2026,August,8,FY2026-27,Urban,Communication,159.9,0.03,15.3,2.35,"https://www.pbs.gov.pk/wp-content/uploads/2020/07/Monthly-Review-August-2026.pdf (PBS monthly review, Urban group table)"
2026-08-01,2026,August,8,FY2026-27,Urban,Recreation & Culture,253.7,-0.06,0.83,1.73,"https://www.pbs.gov.pk/wp-content/uploads/2020/07/Monthly-Review-August-2026.pdf (PBS monthly review, Urban group table)"
2026-08-01,2026,August,8,FY2026-27,Urban,Education,231.89,0.25,7.29,4.88,"https://www.pbs.gov.pk/wp-content/uploads/2020/07/Monthly-Review-August-2026.pdf (PBS monthly review, Urban group table)"
2026-08-01,2026,August,8,FY2026-27,Urban,Restaurants & Hotels,302.29,0.54,6.24,7.41,"https://www.pbs.gov.pk/wp-content/uploads/2020/07/Monthly-Review-August-2026.pdf (PBS monthly review, Urban group table)"
2026-08-01,2026,August,8,FY2026-27,Urban,Miscellaneous Goods & Services,361.27,1.79,11.71,4.77,"https://www.pbs.gov.pk/wp-content/uploads/2020/07/Monthly-Review-August-2026.pdf (PBS monthly review, Urban group table)"
2026-08-01,2026,August,8,FY2026-27,Rural,Food & Non-Alcoholic Beverages,316.99,2.31,14.53,40.87,"https://www.pbs.gov.pk/wp-content/uploads/2020/07/Monthly-Review-August-2026.pdf (PBS monthly review, Rural group table)"
2026-08-01,2026,August,8,FY2026-27,Rural,Alcoholic Beverages & Tobacco,385.37,0.16,2.72,1.28,"https://www.pbs.gov.pk/wp-content/uploads/2020/07/Monthly-Review-August-2026.pdf (PBS monthly review, Rural group table)"
2026-08-01,2026,August,8,FY2026-27,Rural,Clothing & Footwear,295.85,0.31,6.93,9.48,"https://www.pbs.gov.pk/wp-content/uploads/2020/07/Monthly-Review-August-2026.pdf (PBS monthly review, Rural group table)"
2026-08-01,2026,August,8,FY2026-27,Rural,"Housing, Water, Electricity, Gas & Fuels",256.46,1.08,14.5,18.49,"https://www.pbs.gov.pk/wp-content/uploads/2020/07/Monthly-Review-August-2026.pdf (PBS monthly review, Rural group table)"
2026-08-01,2026,August,8,FY2026-27,Rural,Furnishing & Household Equipment Maintenance,317.17,0.63,7.62,4.1,"https://www.pbs.gov.pk/wp-content/uploads/2020/07/Monthly-Review-August-2026.pdf (PBS monthly review, Rural group table)"
2026-08-01,2026,August,8,FY2026-27,Rural,Health,299.13,0.92,8.5,3.51,"https://www.pbs.gov.pk/wp-content/uploads/2020/07/Monthly-Review-August-2026.pdf (PBS monthly review, Rural group table)"
2026-08-01,2026,August,8,FY2026-27,Rural,Transport,383.88,3.22,17.58,5.56,"https://www.pbs.gov.pk/wp-content/uploads/2020/07/Monthly-Review-August-2026.pdf (PBS monthly review, Rural group table)"
2026-08-01,2026,August,8,FY2026-27,Rural,Communication,142.71,0.0,10.36,1.99,"https://www.pbs.gov.pk/wp-content/uploads/2020/07/Monthly-Review-August-2026.pdf (PBS monthly review, Rural group table)"
2026-08-01,2026,August,8,FY2026-27,Rural,Recreation & Culture,296.94,-1.08,-0.08,1.38,"https://www.pbs.gov.pk/wp-content/uploads/2020/07/Monthly-Review-August-2026.pdf (PBS monthly review, Rural group table)"
2026-08-01,2026,August,8,FY2026-27,Rural,Education,269.84,0.0,9.44,2.13,"https://www.pbs.gov.pk/wp-content/uploads/2020/07/Monthly-Review-August-2026.pdf (PBS monthly review, Rural group table)"
2026-08-01,2026,August,8,FY2026-27,Rural,Restaurants & Hotels,318.93,0.61,5.87,6.19,"https://www.pbs.gov.pk/wp-content/uploads/2020/07/Monthly-Review-August-2026.pdf (PBS monthly review, Rural group table)"
2026-08-01,2026,August,8,FY2026-27,Rural,Miscellaneous Goods & Services,392.41,2.01,12.74,5.02,"https://www.pbs.gov.pk/wp-content/uploads/2020/07/Monthly-Review-August-2026.pdf (PBS monthly review, Rural group table)"
2026-09-01,2026,September,9,FY2026-27,National,Food & Non-Alcoholic Beverages,314.58,0.19,8.2,34.58,"https://www.pbs.gov.pk/wp-content/uploads/2020/07/Monthly-Review-September2026.pdf (PBS monthly review, National group table)"
2026-09-01,2026,September,9,FY2026-27,National,Alcoholic Beverages & Tobacco,410.23,-0.07,3.0,1.02,"https://www.pbs.gov.pk/wp-content/uploads/2020/07/Monthly-Review-September2026.pdf (PBS monthly review, National group table)"
2026-09-01,2026,September,9,FY2026-27,National,Clothing & Footwear,289.66,0.18,8.98,8.6,"https://www.pbs.gov.pk/wp-content/uploads/2020/07/Monthly-Review-September2026.pdf (PBS monthly review, National group table)"
2026-09-01,2026,September,9,FY2026-27,National,"Housing, Water, Electricity, Gas & Fuels",276.26,3.05,12.39,23.63,"https://www.pbs.gov.pk/wp-content/uploads/2020/07/Monthly-Review-September2026.pdf (PBS monthly review, National group table)"
2026-09-01,2026,September,9,FY2026-27,National,Furnishing & Household Equipment Maintenance,,,,,https://www.pbs.gov.pk/wp-content/uploads/2020/07/indices_and_growth_rates_historical-1.pdf (PBS historical indices; category unavailable)
2026-09-01,2026,September,9,FY2026-27,National,Health,301.51,0.69,7.88,2.79,"https://www.pbs.gov.pk/wp-content/uploads/2020/07/Monthly-Review-September2026.pdf (PBS monthly review, National group table)"
2026-09-01,2026,September,9,FY2026-27,National,Transport,404.02,5.75,27.43,5.91,"https://www.pbs.gov.pk/wp-content/uploads/2020/07/Monthly-Review-September2026.pdf (PBS monthly review, National group table)"
2026-09-01,2026,September,9,FY2026-27,National,Communication,153.72,0.0,13.54,2.21,"https://www.pbs.gov.pk/wp-content/uploads/2020/07/Monthly-Review-September2026.pdf (PBS monthly review, National group table)"
2026-09-01,2026,September,9,FY2026-27,National,Recreation & Culture,268.05,-0.21,0.58,1.59,"https://www.pbs.gov.pk/wp-content/uploads/2020/07/Monthly-Review-September2026.pdf (PBS monthly review, National group table)"
2026-09-01,2026,September,9,FY2026-27,National,Education,240.79,0.16,7.77,3.79,"https://www.pbs.gov.pk/wp-content/uploads/2020/07/Monthly-Review-September2026.pdf (PBS monthly review, National group table)"
2026-09-01,2026,September,9,FY2026-27,National,Restaurants & Hotels,310.3,0.68,6.1,6.92,"https://www.pbs.gov.pk/wp-content/uploads/2020/07/Monthly-Review-September2026.pdf (PBS monthly review, National group table)"
2026-09-01,2026,September,9,FY2026-27,National,Miscellaneous Goods & Services,375.97,0.51,10.9,4.87,"https://www.pbs.gov.pk/wp-content/uploads/2020/07/Monthly-Review-September2026.pdf (PBS monthly review, National group table)"
2026-09-01,2026,September,9,FY2026-27,Urban,Food & Non-Alcoholic Beverages,311.67,0.11,8.32,30.42,"https://www.pbs.gov.pk/wp-content/uploads/2020/07/Monthly-Review-September2026.pdf (PBS monthly review, Urban group table)"
2026-09-01,2026,September,9,FY2026-27,Urban,Alcoholic Beverages & Tobacco,436.38,0.2,3.76,0.85,"https://www.pbs.gov.pk/wp-content/uploads/2020/07/Monthly-Review-September2026.pdf (PBS monthly review, Urban group table)"
2026-09-01,2026,September,9,FY2026-27,Urban,Clothing & Footwear,284.36,0.17,11.14,8.01,"https://www.pbs.gov.pk/wp-content/uploads/2020/07/Monthly-Review-September2026.pdf (PBS monthly review, Urban group table)"
2026-09-01,2026,September,9,FY2026-27,Urban,"Housing, Water, Electricity, Gas & Fuels",280.79,2.72,9.8,27.03,"https://www.pbs.gov.pk/wp-content/uploads/2020/07/Monthly-Review-September2026.pdf (PBS monthly review, Urban group table)"
2026-09-01,2026,September,9,FY2026-27,Urban,Furnishing & Household Equipment Maintenance,289.03,0.44,6.79,4.09,"https://www.pbs.gov.pk/wp-content/uploads/2020/07/Monthly-Review-September2026.pdf (PBS monthly review, Urban group table)"
2026-09-01,2026,September,9,FY2026-27,Urban,Health,301.57,0.61,7.47,2.31,"https://www.pbs.gov.pk/wp-content/uploads/2020/07/Monthly-Review-September2026.pdf (PBS monthly review, Urban group table)"
2026-09-01,2026,September,9,FY2026-27,Urban,Transport,403.03,5.79,29.24,6.14,"https://www.pbs.gov.pk/wp-content/uploads/2020/07/Monthly-Review-September2026.pdf (PBS monthly review, Urban group table)"
2026-09-01,2026,September,9,FY2026-27,Urban,Communication,159.9,0.0,15.22,2.35,"https://www.pbs.gov.pk/wp-content/uploads/2020/07/Monthly-Review-September2026.pdf (PBS monthly review, Urban group table)"
2026-09-01,2026,September,9,FY2026-27,Urban,Recreation & Culture,253.22,-0.19,1.01,1.73,"https://www.pbs.gov.pk/wp-content/uploads/2020/07/Monthly-Review-September2026.pdf (PBS monthly review, Urban group table)"
2026-09-01,2026,September,9,FY2026-27,Urban,Education,232.18,0.13,7.35,4.88,"https://www.pbs.gov.pk/wp-content/uploads/2020/07/Monthly-Review-September2026.pdf (PBS monthly review, Urban group table)"
2026-09-01,2026,September,9,FY2026-27,Urban,Restaurants & Hotels,304.12,0.61,6.02,7.41,"https://www.pbs.gov.pk/wp-content/uploads/2020/07/Monthly-Review-September2026.pdf (PBS monthly review, Urban group table)"
2026-09-01,2026,September,9,FY2026-27,Urban,Miscellaneous Goods & Services,363.67,0.66,10.65,4.77,"https://www.pbs.gov.pk/wp-content/uploads/2020/07/Monthly-Review-September2026.pdf (PBS monthly review, Urban group table)"
2026-09-01,2026,September,9,FY2026-27,Rural,Food & Non-Alcoholic Beverages,317.85,0.27,8.07,40.87,"https://www.pbs.gov.pk/wp-content/uploads/2020/07/Monthly-Review-September2026.pdf (PBS monthly review, Rural group table)"
2026-09-01,2026,September,9,FY2026-27,Rural,Alcoholic Beverages & Tobacco,383.87,-0.39,2.14,1.28,"https://www.pbs.gov.pk/wp-content/uploads/2020/07/Monthly-Review-September2026.pdf (PBS monthly review, Rural group table)"
2026-09-01,2026,September,9,FY2026-27,Rural,Clothing & Footwear,296.42,0.19,6.45,9.48,"https://www.pbs.gov.pk/wp-content/uploads/2020/07/Monthly-Review-September2026.pdf (PBS monthly review, Rural group table)"
2026-09-01,2026,September,9,FY2026-27,Rural,"Housing, Water, Electricity, Gas & Fuels",266.26,3.82,18.9,18.49,"https://www.pbs.gov.pk/wp-content/uploads/2020/07/Monthly-Review-September2026.pdf (PBS monthly review, Rural group table)"
2026-09-01,2026,September,9,FY2026-27,Rural,Furnishing & Household Equipment Maintenance,318.54,0.43,7.84,4.1,"https://www.pbs.gov.pk/wp-content/uploads/2020/07/Monthly-Review-September2026.pdf (PBS monthly review, Rural group table)"
2026-09-01,2026,September,9,FY2026-27,Rural,Health,301.46,0.78,8.29,3.51,"https://www.pbs.gov.pk/wp-content/uploads/2020/07/Monthly-Review-September2026.pdf (PBS monthly review, Rural group table)"
2026-09-01,2026,September,9,FY2026-27,Rural,Transport,405.66,5.67,24.53,5.56,"https://www.pbs.gov.pk/wp-content/uploads/2020/07/Monthly-Review-September2026.pdf (PBS monthly review, Rural group table)"
2026-09-01,2026,September,9,FY2026-27,Rural,Communication,142.71,0.0,10.35,1.99,"https://www.pbs.gov.pk/wp-content/uploads/2020/07/Monthly-Review-September2026.pdf (PBS monthly review, Rural group table)"
2026-09-01,2026,September,9,FY2026-27,Rural,Recreation & Culture,296.19,-0.25,-0.09,1.38,"https://www.pbs.gov.pk/wp-content/uploads/2020/07/Monthly-Review-September2026.pdf (PBS monthly review, Rural group table)"
2026-09-01,2026,September,9,FY2026-27,Rural,Education,270.54,0.26,9.03,2.13,"https://www.pbs.gov.pk/wp-content/uploads/2020/07/Monthly-Review-September2026.pdf (PBS monthly review, Rural group table)"
2026-09-01,2026,September,9,FY2026-27,Rural,Restaurants & Hotels,321.47,0.8,6.24,6.19,"https://www.pbs.gov.pk/wp-content/uploads/2020/07/Monthly-Review-September2026.pdf (PBS monthly review, Rural group table)"
2026-09-01,2026,September,9,FY2026-27,Rural,Miscellaneous Goods & Services,393.63,0.31,11.24,5.02,"https://www.pbs.gov.pk/wp-content/uploads/2020/07/Monthly-Review-September2026.pdf (PBS monthly review, Rural group table)"
