source,indicator,frequency,period,value,unit,geography,source_url,retrieved_at,notes
Pakistan Bureau of Statistics,Monthly price,monthly,2026-09-01,178.4,1 Dozen,Baha-walpur,https://www.pbs.gov.pk/wp-content/uploads/2020/07/SPI-Monthly-Prices-Annex-9.xlsx,2026-10-02T17:52:32+00:00,Bananas (Kela) Local
Pakistan Bureau of Statistics,Monthly price,monthly,2026-09-01,1116.42,1 Kg,Baha-walpur,https://www.pbs.gov.pk/wp-content/uploads/2020/07/SPI-Monthly-Prices-Annex-9.xlsx,2026-10-02T17:52:32+00:00,Beef with Bone (Average Quality)
Pakistan Bureau of Statistics,Monthly price,monthly,2026-09-01,113.24,Each,Baha-walpur,https://www.pbs.gov.pk/wp-content/uploads/2020/07/SPI-Monthly-Prices-Annex-9.xlsx,2026-10-02T17:52:32+00:00,Bread plain (Small Size)
Pakistan Bureau of Statistics,Monthly price,monthly,2026-09-01,138.6,1 kg/1 Ltr,Baha-walpur,https://www.pbs.gov.pk/wp-content/uploads/2020/07/SPI-Monthly-Prices-Annex-9.xlsx,2026-10-02T17:52:32+00:00,CNG
Pakistan Bureau of Statistics,Monthly price,monthly,2026-09-01,3766.37,50 Kg,Baha-walpur,https://www.pbs.gov.pk/wp-content/uploads/2020/07/SPI-Monthly-Prices-Annex-9.xlsx,2026-10-02T17:52:32+00:00,Calcium Ammonium Nitrate
Pakistan Bureau of Statistics,Monthly price,monthly,2026-09-01,1559.94,Each,Baha-walpur,https://www.pbs.gov.pk/wp-content/uploads/2020/07/SPI-Monthly-Prices-Annex-9.xlsx,2026-10-02T17:52:32+00:00,Cement (Local) 50 kg Bag
Pakistan Bureau of Statistics,Monthly price,monthly,2026-09-01,310.69,1 Kg,Baha-walpur,https://www.pbs.gov.pk/wp-content/uploads/2020/07/SPI-Monthly-Prices-Annex-9.xlsx,2026-10-02T17:52:32+00:00,Chicken Farm Broiler (Live)
Pakistan Bureau of Statistics,Monthly price,monthly,2026-09-01,380.0,Each,Baha-walpur,https://www.pbs.gov.pk/wp-content/uploads/2020/07/SPI-Monthly-Prices-Annex-9.xlsx,2026-10-02T17:52:32+00:00,Chilies Powder NATIONAL 200 gm Packet
Pakistan Bureau of Statistics,Monthly price,monthly,2026-09-01,240.0,Each,Baha-walpur,https://www.pbs.gov.pk/wp-content/uploads/2020/07/SPI-Monthly-Prices-Annex-9.xlsx,2026-10-02T17:52:32+00:00,Cigarettes Capstan 20'S Packet
Pakistan Bureau of Statistics,Monthly price,monthly,2026-09-01,309.68,Per Plate,Baha-walpur,https://www.pbs.gov.pk/wp-content/uploads/2020/07/SPI-Monthly-Prices-Annex-9.xlsx,2026-10-02T17:52:32+00:00,Cooked Beef at Average Hotel
Pakistan Bureau of Statistics,Monthly price,monthly,2026-09-01,173.27,Per Plate,Baha-walpur,https://www.pbs.gov.pk/wp-content/uploads/2020/07/SPI-Monthly-Prices-Annex-9.xlsx,2026-10-02T17:52:32+00:00,Cooked Daal at Average Hotel
Pakistan Bureau of Statistics,Monthly price,monthly,2026-09-01,3109.0,Each,Baha-walpur,https://www.pbs.gov.pk/wp-content/uploads/2020/07/SPI-Monthly-Prices-Annex-9.xlsx,2026-10-02T17:52:32+00:00,"Cooking Oil DALDA or Other Similar Brand (SN), 5 Litre Tin"
Pakistan Bureau of Statistics,Monthly price,monthly,2026-09-01,220.0,1 Kg,Baha-walpur,https://www.pbs.gov.pk/wp-content/uploads/2020/07/SPI-Monthly-Prices-Annex-9.xlsx,2026-10-02T17:52:32+00:00,Curd (Dahi) Loose
Pakistan Bureau of Statistics,Monthly price,monthly,2026-09-01,17078.28,50 Kg,Baha-walpur,https://www.pbs.gov.pk/wp-content/uploads/2020/07/SPI-Monthly-Prices-Annex-9.xlsx,2026-10-02T17:52:32+00:00,DIA Amun. Phosphate
Pakistan Bureau of Statistics,Monthly price,monthly,2026-09-01,239.69,1 Dozen,Baha-walpur,https://www.pbs.gov.pk/wp-content/uploads/2020/07/SPI-Monthly-Prices-Annex-9.xlsx,2026-10-02T17:52:32+00:00,Eggs Hen (Farm)
Pakistan Bureau of Statistics,Monthly price,monthly,2026-09-01,200.0,P/Point,Baha-walpur,https://www.pbs.gov.pk/wp-content/uploads/2020/07/SPI-Monthly-Prices-Annex-9.xlsx,2026-10-02T17:52:32+00:00,Electrician Charges
Pakistan Bureau of Statistics,Monthly price,monthly,2026-09-01,6.73,Per Unit,Baha-walpur,https://www.pbs.gov.pk/wp-content/uploads/2020/07/SPI-Monthly-Prices-Annex-9.xlsx,2026-10-02T17:52:32+00:00,Electricity Charges upto 50 Units
Pakistan Bureau of Statistics,Monthly price,monthly,2026-09-01,272.7,Each,Baha-walpur,https://www.pbs.gov.pk/wp-content/uploads/2020/07/SPI-Monthly-Prices-Annex-9.xlsx,2026-10-02T17:52:32+00:00,Energy Saver Philips 14 Watt
Pakistan Bureau of Statistics,Monthly price,monthly,2026-09-01,1632.66,40 Kg,Baha-walpur,https://www.pbs.gov.pk/wp-content/uploads/2020/07/SPI-Monthly-Prices-Annex-9.xlsx,2026-10-02T17:52:32+00:00,Firewood Whole
Pakistan Bureau of Statistics,Monthly price,monthly,2026-09-01,337.37,1 Kg,Baha-walpur,https://www.pbs.gov.pk/wp-content/uploads/2020/07/SPI-Monthly-Prices-Annex-9.xlsx,2026-10-02T17:52:32+00:00,Garlic (Lehsun)
Pakistan Bureau of Statistics,Monthly price,monthly,2026-09-01,2566.5,MMBTU,Baha-walpur,https://www.pbs.gov.pk/wp-content/uploads/2020/07/SPI-Monthly-Prices-Annex-9.xlsx,2026-10-02T17:52:32+00:00,Gas Charges upto 3.3719 MMBTU
Pakistan Bureau of Statistics,Monthly price,monthly,2026-09-01,2499.0,Pair,Baha-walpur,https://www.pbs.gov.pk/wp-content/uploads/2020/07/SPI-Monthly-Prices-Annex-9.xlsx,2026-10-02T17:52:32+00:00,Gents Sandal Bata
Pakistan Bureau of Statistics,Monthly price,monthly,2026-09-01,699.0,Pair,Baha-walpur,https://www.pbs.gov.pk/wp-content/uploads/2020/07/SPI-Monthly-Prices-Annex-9.xlsx,2026-10-02T17:52:32+00:00,Gents Sponge Chappal Bata
Pakistan Bureau of Statistics,Monthly price,monthly,2026-09-01,300.0,1 mtr,Baha-walpur,https://www.pbs.gov.pk/wp-content/uploads/2020/07/SPI-Monthly-Prices-Annex-9.xlsx,2026-10-02T17:52:32+00:00,Georgette (Average Quality)
Pakistan Bureau of Statistics,Monthly price,monthly,2026-09-01,169.8,1 Kg,Baha-walpur,https://www.pbs.gov.pk/wp-content/uploads/2020/07/SPI-Monthly-Prices-Annex-9.xlsx,2026-10-02T17:52:32+00:00,Gur (Average Quality)
Pakistan Bureau of Statistics,Monthly price,monthly,2026-09-01,403.73,Per Litre,Baha-walpur,https://www.pbs.gov.pk/wp-content/uploads/2020/07/SPI-Monthly-Prices-Annex-9.xlsx,2026-10-02T17:52:32+00:00,Hi-Speed Diesel
Pakistan Bureau of Statistics,Monthly price,monthly,2026-09-01,4618.39,Each,Baha-walpur,https://www.pbs.gov.pk/wp-content/uploads/2020/07/SPI-Monthly-Prices-Annex-9.xlsx,2026-10-02T17:52:32+00:00,LPG 11.67 kg Cylinder
Pakistan Bureau of Statistics,Monthly price,monthly,2026-09-01,1499.0,Pair,Baha-walpur,https://www.pbs.gov.pk/wp-content/uploads/2020/07/SPI-Monthly-Prices-Annex-9.xlsx,2026-10-02T17:52:32+00:00,Ladies Sandal Bata
Pakistan Bureau of Statistics,Monthly price,monthly,2026-09-01,818.89,1 mtr,Baha-walpur,https://www.pbs.gov.pk/wp-content/uploads/2020/07/SPI-Monthly-Prices-Annex-9.xlsx,2026-10-02T17:52:32+00:00,Lawn Printed Gul Ahmed/Al Karam
Pakistan Bureau of Statistics,Monthly price,monthly,2026-09-01,793.28,1 mtr,Baha-walpur,https://www.pbs.gov.pk/wp-content/uploads/2020/07/SPI-Monthly-Prices-Annex-9.xlsx,2026-10-02T17:52:32+00:00,"Long Cloth 57"" Gul Ahmed/Al Karam"
Pakistan Bureau of Statistics,Monthly price,monthly,2026-09-01,1864.34,Daily,Baha-walpur,https://www.pbs.gov.pk/wp-content/uploads/2020/07/SPI-Monthly-Prices-Annex-9.xlsx,2026-10-02T17:52:32+00:00,Mason Wage Rate
Pakistan Bureau of Statistics,Monthly price,monthly,2026-09-01,7.0,Each,Baha-walpur,https://www.pbs.gov.pk/wp-content/uploads/2020/07/SPI-Monthly-Prices-Annex-9.xlsx,2026-10-02T17:52:32+00:00,Match Box
Pakistan Bureau of Statistics,Monthly price,monthly,2026-09-01,186.43,1 Ltr,Baha-walpur,https://www.pbs.gov.pk/wp-content/uploads/2020/07/SPI-Monthly-Prices-Annex-9.xlsx,2026-10-02T17:52:32+00:00,Milk fresh (Un-boiled)
Pakistan Bureau of Statistics,Monthly price,monthly,2026-09-01,570.0,1 Kg,Baha-walpur,https://www.pbs.gov.pk/wp-content/uploads/2020/07/SPI-Monthly-Prices-Annex-9.xlsx,2026-10-02T17:52:32+00:00,Mustard Oil (Average Quality)
Pakistan Bureau of Statistics,Monthly price,monthly,2026-09-01,2266.17,1 Kg,Baha-walpur,https://www.pbs.gov.pk/wp-content/uploads/2020/07/SPI-Monthly-Prices-Annex-9.xlsx,2026-10-02T17:52:32+00:00,Mutton (Average Quality)
Pakistan Bureau of Statistics,Monthly price,monthly,2026-09-01,11200.0,50 Kg,Baha-walpur,https://www.pbs.gov.pk/wp-content/uploads/2020/07/SPI-Monthly-Prices-Annex-9.xlsx,2026-10-02T17:52:32+00:00,Nitro. Phosph. & Pot. (Npk)
Pakistan Bureau of Statistics,Monthly price,monthly,2026-09-01,10410.78,50 Kg,Baha-walpur,https://www.pbs.gov.pk/wp-content/uploads/2020/07/SPI-Monthly-Prices-Annex-9.xlsx,2026-10-02T17:52:32+00:00,Nitro. Phosphate
Pakistan Bureau of Statistics,Monthly price,monthly,2026-09-01,187.47,1 Kg,Baha-walpur,https://www.pbs.gov.pk/wp-content/uploads/2020/07/SPI-Monthly-Prices-Annex-9.xlsx,2026-10-02T17:52:32+00:00,Onions
Pakistan Bureau of Statistics,Monthly price,monthly,2026-09-01,4602.47,50 Kg,Baha-walpur,https://www.pbs.gov.pk/wp-content/uploads/2020/07/SPI-Monthly-Prices-Annex-9.xlsx,2026-10-02T17:52:32+00:00,"Other Urea (Tara, Sarsabz, Shandar etc)"
Pakistan Bureau of Statistics,Monthly price,monthly,2026-09-01,1432.57,Per Day,Baha-walpur,https://www.pbs.gov.pk/wp-content/uploads/2020/07/SPI-Monthly-Prices-Annex-9.xlsx,2026-10-02T17:52:32+00:00,Painter Wage Rate
Pakistan Bureau of Statistics,Monthly price,monthly,2026-09-01,376.74,Per Litre,Baha-walpur,https://www.pbs.gov.pk/wp-content/uploads/2020/07/SPI-Monthly-Prices-Annex-9.xlsx,2026-10-02T17:52:32+00:00,Petrol Super
Pakistan Bureau of Statistics,Monthly price,monthly,2026-09-01,1465.9,Daily,Baha-walpur,https://www.pbs.gov.pk/wp-content/uploads/2020/07/SPI-Monthly-Prices-Annex-9.xlsx,2026-10-02T17:52:32+00:00,Plumber Wage Rate
Pakistan Bureau of Statistics,Monthly price,monthly,2026-09-01,65.49,1 Kg,Baha-walpur,https://www.pbs.gov.pk/wp-content/uploads/2020/07/SPI-Monthly-Prices-Annex-9.xlsx,2026-10-02T17:52:32+00:00,Potatoes
Pakistan Bureau of Statistics,Monthly price,monthly,2026-09-01,1130.0,Each,Baha-walpur,https://www.pbs.gov.pk/wp-content/uploads/2020/07/SPI-Monthly-Prices-Annex-9.xlsx,2026-10-02T17:52:32+00:00,Powdered Milk NIDO 390 gm Polybag
Pakistan Bureau of Statistics,Monthly price,monthly,2026-09-01,249.87,1 Kg,Baha-walpur,https://www.pbs.gov.pk/wp-content/uploads/2020/07/SPI-Monthly-Prices-Annex-9.xlsx,2026-10-02T17:52:32+00:00,Pulse Gram
Pakistan Bureau of Statistics,Monthly price,monthly,2026-09-01,379.73,1 Kg,Baha-walpur,https://www.pbs.gov.pk/wp-content/uploads/2020/07/SPI-Monthly-Prices-Annex-9.xlsx,2026-10-02T17:52:32+00:00,Pulse Mash (Washed)
Pakistan Bureau of Statistics,Monthly price,monthly,2026-09-01,240.68,1 Kg,Baha-walpur,https://www.pbs.gov.pk/wp-content/uploads/2020/07/SPI-Monthly-Prices-Annex-9.xlsx,2026-10-02T17:52:32+00:00,Pulse Masoor (Washed)
Pakistan Bureau of Statistics,Monthly price,monthly,2026-09-01,296.63,1 Kg,Baha-walpur,https://www.pbs.gov.pk/wp-content/uploads/2020/07/SPI-Monthly-Prices-Annex-9.xlsx,2026-10-02T17:52:32+00:00,Pulse Moong (Washed)
Pakistan Bureau of Statistics,Monthly price,monthly,2026-09-01,203.11,1 Kg,Baha-walpur,https://www.pbs.gov.pk/wp-content/uploads/2020/07/SPI-Monthly-Prices-Annex-9.xlsx,2026-10-02T17:52:32+00:00,Rice Basmati Broken (Average Quality)
Pakistan Bureau of Statistics,Monthly price,monthly,2026-09-01,196.61,1 Kg,Baha-walpur,https://www.pbs.gov.pk/wp-content/uploads/2020/07/SPI-Monthly-Prices-Annex-9.xlsx,2026-10-02T17:52:32+00:00,Rice IRRI-6/9 (Sindh/Punjab)
Pakistan Bureau of Statistics,Monthly price,monthly,2026-09-01,63.16,Each,Baha-walpur,https://www.pbs.gov.pk/wp-content/uploads/2020/07/SPI-Monthly-Prices-Annex-9.xlsx,2026-10-02T17:52:32+00:00,Salt Powdered (NATIONAL/SHAN) 800 gm Packet
Pakistan Bureau of Statistics,Monthly price,monthly,2026-09-01,586.59,1 mtr,Baha-walpur,https://www.pbs.gov.pk/wp-content/uploads/2020/07/SPI-Monthly-Prices-Annex-9.xlsx,2026-10-02T17:52:32+00:00,Shirting (Average Quality)
Pakistan Bureau of Statistics,Monthly price,monthly,2026-09-01,4566.2,50 Kg,Baha-walpur,https://www.pbs.gov.pk/wp-content/uploads/2020/07/SPI-Monthly-Prices-Annex-9.xlsx,2026-10-02T17:52:32+00:00,Sona Urea
Pakistan Bureau of Statistics,Monthly price,monthly,2026-09-01,140.0,Each,Baha-walpur,https://www.pbs.gov.pk/wp-content/uploads/2020/07/SPI-Monthly-Prices-Annex-9.xlsx,2026-10-02T17:52:32+00:00,Sufi Washing Soap 250 gm Cake
Pakistan Bureau of Statistics,Monthly price,monthly,2026-09-01,141.65,1 Kg,Baha-walpur,https://www.pbs.gov.pk/wp-content/uploads/2020/07/SPI-Monthly-Prices-Annex-9.xlsx,2026-10-02T17:52:32+00:00,Sugar Refined
Pakistan Bureau of Statistics,Monthly price,monthly,2026-09-01,14892.86,50 Kg,Baha-walpur,https://www.pbs.gov.pk/wp-content/uploads/2020/07/SPI-Monthly-Prices-Annex-9.xlsx,2026-10-02T17:52:32+00:00,Sulphate of Potash
Pakistan Bureau of Statistics,Monthly price,monthly,2026-09-01,447.0,Each,Baha-walpur,https://www.pbs.gov.pk/wp-content/uploads/2020/07/SPI-Monthly-Prices-Annex-9.xlsx,2026-10-02T17:52:32+00:00,Tea Lipton Yellow Label 190 gm Packet
Pakistan Bureau of Statistics,Monthly price,monthly,2026-09-01,50.0,Per Cup,Baha-walpur,https://www.pbs.gov.pk/wp-content/uploads/2020/07/SPI-Monthly-Prices-Annex-9.xlsx,2026-10-02T17:52:32+00:00,Tea Prepared Ordinary
Pakistan Bureau of Statistics,Monthly price,monthly,2026-09-01,1.79,Per Minute,Baha-walpur,https://www.pbs.gov.pk/wp-content/uploads/2020/07/SPI-Monthly-Prices-Annex-9.xlsx,2026-10-02T17:52:32+00:00,Telephone Call Charges
Pakistan Bureau of Statistics,Monthly price,monthly,2026-09-01,116.17,Each,Baha-walpur,https://www.pbs.gov.pk/wp-content/uploads/2020/07/SPI-Monthly-Prices-Annex-9.xlsx,2026-10-02T17:52:32+00:00,Toilet Soap LIFEBUOY 115 gm
Pakistan Bureau of Statistics,Monthly price,monthly,2026-09-01,188.62,1 Kg,Baha-walpur,https://www.pbs.gov.pk/wp-content/uploads/2020/07/SPI-Monthly-Prices-Annex-9.xlsx,2026-10-02T17:52:32+00:00,Tomatoes
Pakistan Bureau of Statistics,Monthly price,monthly,2026-09-01,1000.0,Daily,Baha-walpur,https://www.pbs.gov.pk/wp-content/uploads/2020/07/SPI-Monthly-Prices-Annex-9.xlsx,2026-10-02T17:52:32+00:00,Unskilled Labour Wage Rate
Pakistan Bureau of Statistics,Monthly price,monthly,2026-09-01,1515.0,Each,Baha-walpur,https://www.pbs.gov.pk/wp-content/uploads/2020/07/SPI-Monthly-Prices-Annex-9.xlsx,2026-10-02T17:52:32+00:00,Vegetable Ghee DALDA/HABIB 2.5 kg Tin
Pakistan Bureau of Statistics,Monthly price,monthly,2026-09-01,606.65,Each,Baha-walpur,https://www.pbs.gov.pk/wp-content/uploads/2020/07/SPI-Monthly-Prices-Annex-9.xlsx,2026-10-02T17:52:32+00:00,Vegetable Ghee DALDA/HABIB or Other superior Quality 1 kg Pouch
Pakistan Bureau of Statistics,Monthly price,monthly,2026-09-01,2731.48,20 Kg,Baha-walpur,https://www.pbs.gov.pk/wp-content/uploads/2020/07/SPI-Monthly-Prices-Annex-9.xlsx,2026-10-02T17:52:32+00:00,Wheat Flour Bag
Pakistan Bureau of Statistics,Monthly price,monthly,2026-09-01,148.07,1 Dozen,Bannu,https://www.pbs.gov.pk/wp-content/uploads/2020/07/SPI-Monthly-Prices-Annex-9.xlsx,2026-10-02T17:52:32+00:00,Bananas (Kela) Local
Pakistan Bureau of Statistics,Monthly price,monthly,2026-09-01,1032.28,1 Kg,Bannu,https://www.pbs.gov.pk/wp-content/uploads/2020/07/SPI-Monthly-Prices-Annex-9.xlsx,2026-10-02T17:52:32+00:00,Beef with Bone (Average Quality)
Pakistan Bureau of Statistics,Monthly price,monthly,2026-09-01,100.0,Each,Bannu,https://www.pbs.gov.pk/wp-content/uploads/2020/07/SPI-Monthly-Prices-Annex-9.xlsx,2026-10-02T17:52:32+00:00,Bread plain (Small Size)
Pakistan Bureau of Statistics,Monthly price,monthly,2026-09-01,352.0,1 kg/1 Ltr,Bannu,https://www.pbs.gov.pk/wp-content/uploads/2020/07/SPI-Monthly-Prices-Annex-9.xlsx,2026-10-02T17:52:32+00:00,CNG
Pakistan Bureau of Statistics,Monthly price,monthly,2026-09-01,1477.39,Each,Bannu,https://www.pbs.gov.pk/wp-content/uploads/2020/07/SPI-Monthly-Prices-Annex-9.xlsx,2026-10-02T17:52:32+00:00,Cement (Local) 50 kg Bag
Pakistan Bureau of Statistics,Monthly price,monthly,2026-09-01,366.04,1 Kg,Bannu,https://www.pbs.gov.pk/wp-content/uploads/2020/07/SPI-Monthly-Prices-Annex-9.xlsx,2026-10-02T17:52:32+00:00,Chicken Farm Broiler (Live)
Pakistan Bureau of Statistics,Monthly price,monthly,2026-09-01,380.0,Each,Bannu,https://www.pbs.gov.pk/wp-content/uploads/2020/07/SPI-Monthly-Prices-Annex-9.xlsx,2026-10-02T17:52:32+00:00,Chilies Powder NATIONAL 200 gm Packet
Pakistan Bureau of Statistics,Monthly price,monthly,2026-09-01,260.0,Each,Bannu,https://www.pbs.gov.pk/wp-content/uploads/2020/07/SPI-Monthly-Prices-Annex-9.xlsx,2026-10-02T17:52:32+00:00,Cigarettes Capstan 20'S Packet
Pakistan Bureau of Statistics,Monthly price,monthly,2026-09-01,300.0,Per Plate,Bannu,https://www.pbs.gov.pk/wp-content/uploads/2020/07/SPI-Monthly-Prices-Annex-9.xlsx,2026-10-02T17:52:32+00:00,Cooked Beef at Average Hotel
Pakistan Bureau of Statistics,Monthly price,monthly,2026-09-01,130.0,Per Plate,Bannu,https://www.pbs.gov.pk/wp-content/uploads/2020/07/SPI-Monthly-Prices-Annex-9.xlsx,2026-10-02T17:52:32+00:00,Cooked Daal at Average Hotel
Pakistan Bureau of Statistics,Monthly price,monthly,2026-09-01,3100.0,Each,Bannu,https://www.pbs.gov.pk/wp-content/uploads/2020/07/SPI-Monthly-Prices-Annex-9.xlsx,2026-10-02T17:52:32+00:00,"Cooking Oil DALDA or Other Similar Brand (SN), 5 Litre Tin"
Pakistan Bureau of Statistics,Monthly price,monthly,2026-09-01,213.12,1 Kg,Bannu,https://www.pbs.gov.pk/wp-content/uploads/2020/07/SPI-Monthly-Prices-Annex-9.xlsx,2026-10-02T17:52:32+00:00,Curd (Dahi) Loose
Pakistan Bureau of Statistics,Monthly price,monthly,2026-09-01,17000.0,50 Kg,Bannu,https://www.pbs.gov.pk/wp-content/uploads/2020/07/SPI-Monthly-Prices-Annex-9.xlsx,2026-10-02T17:52:32+00:00,DIA Amun. Phosphate
Pakistan Bureau of Statistics,Monthly price,monthly,2026-09-01,250.82,1 Dozen,Bannu,https://www.pbs.gov.pk/wp-content/uploads/2020/07/SPI-Monthly-Prices-Annex-9.xlsx,2026-10-02T17:52:32+00:00,Eggs Hen (Farm)
Pakistan Bureau of Statistics,Monthly price,monthly,2026-09-01,200.0,P/Point,Bannu,https://www.pbs.gov.pk/wp-content/uploads/2020/07/SPI-Monthly-Prices-Annex-9.xlsx,2026-10-02T17:52:32+00:00,Electrician Charges
Pakistan Bureau of Statistics,Monthly price,monthly,2026-09-01,6.73,Per Unit,Bannu,https://www.pbs.gov.pk/wp-content/uploads/2020/07/SPI-Monthly-Prices-Annex-9.xlsx,2026-10-02T17:52:32+00:00,Electricity Charges upto 50 Units
Pakistan Bureau of Statistics,Monthly price,monthly,2026-09-01,300.0,Each,Bannu,https://www.pbs.gov.pk/wp-content/uploads/2020/07/SPI-Monthly-Prices-Annex-9.xlsx,2026-10-02T17:52:32+00:00,Energy Saver Philips 14 Watt
Pakistan Bureau of Statistics,Monthly price,monthly,2026-09-01,965.49,40 Kg,Bannu,https://www.pbs.gov.pk/wp-content/uploads/2020/07/SPI-Monthly-Prices-Annex-9.xlsx,2026-10-02T17:52:32+00:00,Firewood Whole
Pakistan Bureau of Statistics,Monthly price,monthly,2026-09-01,450.0,1 Kg,Bannu,https://www.pbs.gov.pk/wp-content/uploads/2020/07/SPI-Monthly-Prices-Annex-9.xlsx,2026-10-02T17:52:32+00:00,Garlic (Lehsun)
Pakistan Bureau of Statistics,Monthly price,monthly,2026-09-01,2566.5,MMBTU,Bannu,https://www.pbs.gov.pk/wp-content/uploads/2020/07/SPI-Monthly-Prices-Annex-9.xlsx,2026-10-02T17:52:32+00:00,Gas Charges upto 3.3719 MMBTU
Pakistan Bureau of Statistics,Monthly price,monthly,2026-09-01,2499.0,Pair,Bannu,https://www.pbs.gov.pk/wp-content/uploads/2020/07/SPI-Monthly-Prices-Annex-9.xlsx,2026-10-02T17:52:32+00:00,Gents Sandal Bata
Pakistan Bureau of Statistics,Monthly price,monthly,2026-09-01,699.0,Pair,Bannu,https://www.pbs.gov.pk/wp-content/uploads/2020/07/SPI-Monthly-Prices-Annex-9.xlsx,2026-10-02T17:52:32+00:00,Gents Sponge Chappal Bata
Pakistan Bureau of Statistics,Monthly price,monthly,2026-09-01,250.0,1 mtr,Bannu,https://www.pbs.gov.pk/wp-content/uploads/2020/07/SPI-Monthly-Prices-Annex-9.xlsx,2026-10-02T17:52:32+00:00,Georgette (Average Quality)
Pakistan Bureau of Statistics,Monthly price,monthly,2026-09-01,230.0,1 Kg,Bannu,https://www.pbs.gov.pk/wp-content/uploads/2020/07/SPI-Monthly-Prices-Annex-9.xlsx,2026-10-02T17:52:32+00:00,Gur (Average Quality)
Pakistan Bureau of Statistics,Monthly price,monthly,2026-09-01,402.57,Per Litre,Bannu,https://www.pbs.gov.pk/wp-content/uploads/2020/07/SPI-Monthly-Prices-Annex-9.xlsx,2026-10-02T17:52:32+00:00,Hi-Speed Diesel
Pakistan Bureau of Statistics,Monthly price,monthly,2026-09-01,4623.73,Each,Bannu,https://www.pbs.gov.pk/wp-content/uploads/2020/07/SPI-Monthly-Prices-Annex-9.xlsx,2026-10-02T17:52:32+00:00,LPG 11.67 kg Cylinder
Pakistan Bureau of Statistics,Monthly price,monthly,2026-09-01,1499.0,Pair,Bannu,https://www.pbs.gov.pk/wp-content/uploads/2020/07/SPI-Monthly-Prices-Annex-9.xlsx,2026-10-02T17:52:32+00:00,Ladies Sandal Bata
Pakistan Bureau of Statistics,Monthly price,monthly,2026-09-01,650.0,1 mtr,Bannu,https://www.pbs.gov.pk/wp-content/uploads/2020/07/SPI-Monthly-Prices-Annex-9.xlsx,2026-10-02T17:52:32+00:00,Lawn Printed Gul Ahmed/Al Karam
Pakistan Bureau of Statistics,Monthly price,monthly,2026-09-01,700.0,1 mtr,Bannu,https://www.pbs.gov.pk/wp-content/uploads/2020/07/SPI-Monthly-Prices-Annex-9.xlsx,2026-10-02T17:52:32+00:00,"Long Cloth 57"" Gul Ahmed/Al Karam"
Pakistan Bureau of Statistics,Monthly price,monthly,2026-09-01,2200.0,Daily,Bannu,https://www.pbs.gov.pk/wp-content/uploads/2020/07/SPI-Monthly-Prices-Annex-9.xlsx,2026-10-02T17:52:32+00:00,Mason Wage Rate
Pakistan Bureau of Statistics,Monthly price,monthly,2026-09-01,5.0,Each,Bannu,https://www.pbs.gov.pk/wp-content/uploads/2020/07/SPI-Monthly-Prices-Annex-9.xlsx,2026-10-02T17:52:32+00:00,Match Box
Pakistan Bureau of Statistics,Monthly price,monthly,2026-09-01,193.1,1 Ltr,Bannu,https://www.pbs.gov.pk/wp-content/uploads/2020/07/SPI-Monthly-Prices-Annex-9.xlsx,2026-10-02T17:52:32+00:00,Milk fresh (Un-boiled)
Pakistan Bureau of Statistics,Monthly price,monthly,2026-09-01,500.0,1 Kg,Bannu,https://www.pbs.gov.pk/wp-content/uploads/2020/07/SPI-Monthly-Prices-Annex-9.xlsx,2026-10-02T17:52:32+00:00,Mustard Oil (Average Quality)
Pakistan Bureau of Statistics,Monthly price,monthly,2026-09-01,1800.0,1 Kg,Bannu,https://www.pbs.gov.pk/wp-content/uploads/2020/07/SPI-Monthly-Prices-Annex-9.xlsx,2026-10-02T17:52:32+00:00,Mutton (Average Quality)
Pakistan Bureau of Statistics,Monthly price,monthly,2026-09-01,10700.0,50 Kg,Bannu,https://www.pbs.gov.pk/wp-content/uploads/2020/07/SPI-Monthly-Prices-Annex-9.xlsx,2026-10-02T17:52:32+00:00,Nitro. Phosph. & Pot. (Npk)
Pakistan Bureau of Statistics,Monthly price,monthly,2026-09-01,189.74,1 Kg,Bannu,https://www.pbs.gov.pk/wp-content/uploads/2020/07/SPI-Monthly-Prices-Annex-9.xlsx,2026-10-02T17:52:32+00:00,Onions
Pakistan Bureau of Statistics,Monthly price,monthly,2026-09-01,4300.0,50 Kg,Bannu,https://www.pbs.gov.pk/wp-content/uploads/2020/07/SPI-Monthly-Prices-Annex-9.xlsx,2026-10-02T17:52:32+00:00,"Other Urea (Tara, Sarsabz, Shandar etc)"
Pakistan Bureau of Statistics,Monthly price,monthly,2026-09-01,1800.0,Per Day,Bannu,https://www.pbs.gov.pk/wp-content/uploads/2020/07/SPI-Monthly-Prices-Annex-9.xlsx,2026-10-02T17:52:32+00:00,Painter Wage Rate
Pakistan Bureau of Statistics,Monthly price,monthly,2026-09-01,376.25,Per Litre,Bannu,https://www.pbs.gov.pk/wp-content/uploads/2020/07/SPI-Monthly-Prices-Annex-9.xlsx,2026-10-02T17:52:32+00:00,Petrol Super
Pakistan Bureau of Statistics,Monthly price,monthly,2026-09-01,2000.0,Daily,Bannu,https://www.pbs.gov.pk/wp-content/uploads/2020/07/SPI-Monthly-Prices-Annex-9.xlsx,2026-10-02T17:52:32+00:00,Plumber Wage Rate
Pakistan Bureau of Statistics,Monthly price,monthly,2026-09-01,33.02,1 Kg,Bannu,https://www.pbs.gov.pk/wp-content/uploads/2020/07/SPI-Monthly-Prices-Annex-9.xlsx,2026-10-02T17:52:32+00:00,Potatoes
Pakistan Bureau of Statistics,Monthly price,monthly,2026-09-01,1100.0,Each,Bannu,https://www.pbs.gov.pk/wp-content/uploads/2020/07/SPI-Monthly-Prices-Annex-9.xlsx,2026-10-02T17:52:32+00:00,Powdered Milk NIDO 390 gm Polybag
Pakistan Bureau of Statistics,Monthly price,monthly,2026-09-01,253.29,1 Kg,Bannu,https://www.pbs.gov.pk/wp-content/uploads/2020/07/SPI-Monthly-Prices-Annex-9.xlsx,2026-10-02T17:52:32+00:00,Pulse Gram
Pakistan Bureau of Statistics,Monthly price,monthly,2026-09-01,440.0,1 Kg,Bannu,https://www.pbs.gov.pk/wp-content/uploads/2020/07/SPI-Monthly-Prices-Annex-9.xlsx,2026-10-02T17:52:32+00:00,Pulse Mash (Washed)
Pakistan Bureau of Statistics,Monthly price,monthly,2026-09-01,240.0,1 Kg,Bannu,https://www.pbs.gov.pk/wp-content/uploads/2020/07/SPI-Monthly-Prices-Annex-9.xlsx,2026-10-02T17:52:32+00:00,Pulse Masoor (Washed)
Pakistan Bureau of Statistics,Monthly price,monthly,2026-09-01,300.0,1 Kg,Bannu,https://www.pbs.gov.pk/wp-content/uploads/2020/07/SPI-Monthly-Prices-Annex-9.xlsx,2026-10-02T17:52:32+00:00,Pulse Moong (Washed)
Pakistan Bureau of Statistics,Monthly price,monthly,2026-09-01,141.62,1 Kg,Bannu,https://www.pbs.gov.pk/wp-content/uploads/2020/07/SPI-Monthly-Prices-Annex-9.xlsx,2026-10-02T17:52:32+00:00,Rice Basmati Broken (Average Quality)
Pakistan Bureau of Statistics,Monthly price,monthly,2026-09-01,166.6,1 Kg,Bannu,https://www.pbs.gov.pk/wp-content/uploads/2020/07/SPI-Monthly-Prices-Annex-9.xlsx,2026-10-02T17:52:32+00:00,Rice IRRI-6/9 (Sindh/Punjab)
Pakistan Bureau of Statistics,Monthly price,monthly,2026-09-01,60.0,Each,Bannu,https://www.pbs.gov.pk/wp-content/uploads/2020/07/SPI-Monthly-Prices-Annex-9.xlsx,2026-10-02T17:52:32+00:00,Salt Powdered (NATIONAL/SHAN) 800 gm Packet
Pakistan Bureau of Statistics,Monthly price,monthly,2026-09-01,476.22,1 mtr,Bannu,https://www.pbs.gov.pk/wp-content/uploads/2020/07/SPI-Monthly-Prices-Annex-9.xlsx,2026-10-02T17:52:32+00:00,Shirting (Average Quality)
Pakistan Bureau of Statistics,Monthly price,monthly,2026-09-01,4650.0,50 Kg,Bannu,https://www.pbs.gov.pk/wp-content/uploads/2020/07/SPI-Monthly-Prices-Annex-9.xlsx,2026-10-02T17:52:32+00:00,Sona Urea
Pakistan Bureau of Statistics,Monthly price,monthly,2026-09-01,130.0,Each,Bannu,https://www.pbs.gov.pk/wp-content/uploads/2020/07/SPI-Monthly-Prices-Annex-9.xlsx,2026-10-02T17:52:32+00:00,Sufi Washing Soap 250 gm Cake
Pakistan Bureau of Statistics,Monthly price,monthly,2026-09-01,140.0,1 Kg,Bannu,https://www.pbs.gov.pk/wp-content/uploads/2020/07/SPI-Monthly-Prices-Annex-9.xlsx,2026-10-02T17:52:32+00:00,Sugar Refined
Pakistan Bureau of Statistics,Monthly price,monthly,2026-09-01,447.0,Each,Bannu,https://www.pbs.gov.pk/wp-content/uploads/2020/07/SPI-Monthly-Prices-Annex-9.xlsx,2026-10-02T17:52:32+00:00,Tea Lipton Yellow Label 190 gm Packet
Pakistan Bureau of Statistics,Monthly price,monthly,2026-09-01,56.46,Per Cup,Bannu,https://www.pbs.gov.pk/wp-content/uploads/2020/07/SPI-Monthly-Prices-Annex-9.xlsx,2026-10-02T17:52:32+00:00,Tea Prepared Ordinary
Pakistan Bureau of Statistics,Monthly price,monthly,2026-09-01,1.79,Per Minute,Bannu,https://www.pbs.gov.pk/wp-content/uploads/2020/07/SPI-Monthly-Prices-Annex-9.xlsx,2026-10-02T17:52:32+00:00,Telephone Call Charges
Pakistan Bureau of Statistics,Monthly price,monthly,2026-09-01,136.02,Each,Bannu,https://www.pbs.gov.pk/wp-content/uploads/2020/07/SPI-Monthly-Prices-Annex-9.xlsx,2026-10-02T17:52:32+00:00,Toilet Soap LIFEBUOY 115 gm
Pakistan Bureau of Statistics,Monthly price,monthly,2026-09-01,151.71,1 Kg,Bannu,https://www.pbs.gov.pk/wp-content/uploads/2020/07/SPI-Monthly-Prices-Annex-9.xlsx,2026-10-02T17:52:32+00:00,Tomatoes
Pakistan Bureau of Statistics,Monthly price,monthly,2026-09-01,1200.0,Daily,Bannu,https://www.pbs.gov.pk/wp-content/uploads/2020/07/SPI-Monthly-Prices-Annex-9.xlsx,2026-10-02T17:52:32+00:00,Unskilled Labour Wage Rate
Pakistan Bureau of Statistics,Monthly price,monthly,2026-09-01,1500.0,Each,Bannu,https://www.pbs.gov.pk/wp-content/uploads/2020/07/SPI-Monthly-Prices-Annex-9.xlsx,2026-10-02T17:52:32+00:00,Vegetable Ghee DALDA/HABIB 2.5 kg Tin
Pakistan Bureau of Statistics,Monthly price,monthly,2026-09-01,590.0,Each,Bannu,https://www.pbs.gov.pk/wp-content/uploads/2020/07/SPI-Monthly-Prices-Annex-9.xlsx,2026-10-02T17:52:32+00:00,Vegetable Ghee DALDA/HABIB or Other superior Quality 1 kg Pouch
Pakistan Bureau of Statistics,Monthly price,monthly,2026-09-01,2866.57,20 Kg,Bannu,https://www.pbs.gov.pk/wp-content/uploads/2020/07/SPI-Monthly-Prices-Annex-9.xlsx,2026-10-02T17:52:32+00:00,Wheat Flour Bag
Pakistan Bureau of Statistics,Monthly price,monthly,2026-09-01,181.73,1 Dozen,Faisal-abad,https://www.pbs.gov.pk/wp-content/uploads/2020/07/SPI-Monthly-Prices-Annex-9.xlsx,2026-10-02T17:52:32+00:00,Bananas (Kela) Local
Pakistan Bureau of Statistics,Monthly price,monthly,2026-09-01,1408.07,1 Kg,Faisal-abad,https://www.pbs.gov.pk/wp-content/uploads/2020/07/SPI-Monthly-Prices-Annex-9.xlsx,2026-10-02T17:52:32+00:00,Beef with Bone (Average Quality)
Pakistan Bureau of Statistics,Monthly price,monthly,2026-09-01,120.0,Each,Faisal-abad,https://www.pbs.gov.pk/wp-content/uploads/2020/07/SPI-Monthly-Prices-Annex-9.xlsx,2026-10-02T17:52:32+00:00,Bread plain (Small Size)
Pakistan Bureau of Statistics,Monthly price,monthly,2026-09-01,141.99,1 kg/1 Ltr,Faisal-abad,https://www.pbs.gov.pk/wp-content/uploads/2020/07/SPI-Monthly-Prices-Annex-9.xlsx,2026-10-02T17:52:32+00:00,CNG
Pakistan Bureau of Statistics,Monthly price,monthly,2026-09-01,1550.0,Each,Faisal-abad,https://www.pbs.gov.pk/wp-content/uploads/2020/07/SPI-Monthly-Prices-Annex-9.xlsx,2026-10-02T17:52:32+00:00,Cement (Local) 50 kg Bag
Pakistan Bureau of Statistics,Monthly price,monthly,2026-09-01,361.07,1 Kg,Faisal-abad,https://www.pbs.gov.pk/wp-content/uploads/2020/07/SPI-Monthly-Prices-Annex-9.xlsx,2026-10-02T17:52:32+00:00,Chicken Farm Broiler (Live)
Pakistan Bureau of Statistics,Monthly price,monthly,2026-09-01,380.0,Each,Faisal-abad,https://www.pbs.gov.pk/wp-content/uploads/2020/07/SPI-Monthly-Prices-Annex-9.xlsx,2026-10-02T17:52:32+00:00,Chilies Powder NATIONAL 200 gm Packet
Pakistan Bureau of Statistics,Monthly price,monthly,2026-09-01,250.0,Each,Faisal-abad,https://www.pbs.gov.pk/wp-content/uploads/2020/07/SPI-Monthly-Prices-Annex-9.xlsx,2026-10-02T17:52:32+00:00,Cigarettes Capstan 20'S Packet
Pakistan Bureau of Statistics,Monthly price,monthly,2026-09-01,315.82,Per Plate,Faisal-abad,https://www.pbs.gov.pk/wp-content/uploads/2020/07/SPI-Monthly-Prices-Annex-9.xlsx,2026-10-02T17:52:32+00:00,Cooked Beef at Average Hotel
Pakistan Bureau of Statistics,Monthly price,monthly,2026-09-01,186.43,Per Plate,Faisal-abad,https://www.pbs.gov.pk/wp-content/uploads/2020/07/SPI-Monthly-Prices-Annex-9.xlsx,2026-10-02T17:52:32+00:00,Cooked Daal at Average Hotel
Pakistan Bureau of Statistics,Monthly price,monthly,2026-09-01,3090.0,Each,Faisal-abad,https://www.pbs.gov.pk/wp-content/uploads/2020/07/SPI-Monthly-Prices-Annex-9.xlsx,2026-10-02T17:52:32+00:00,"Cooking Oil DALDA or Other Similar Brand (SN), 5 Litre Tin"
Pakistan Bureau of Statistics,Monthly price,monthly,2026-09-01,240.0,1 Kg,Faisal-abad,https://www.pbs.gov.pk/wp-content/uploads/2020/07/SPI-Monthly-Prices-Annex-9.xlsx,2026-10-02T17:52:32+00:00,Curd (Dahi) Loose
Pakistan Bureau of Statistics,Monthly price,monthly,2026-09-01,17073.61,50 Kg,Faisal-abad,https://www.pbs.gov.pk/wp-content/uploads/2020/07/SPI-Monthly-Prices-Annex-9.xlsx,2026-10-02T17:52:32+00:00,DIA Amun. Phosphate
Pakistan Bureau of Statistics,Monthly price,monthly,2026-09-01,248.14,1 Dozen,Faisal-abad,https://www.pbs.gov.pk/wp-content/uploads/2020/07/SPI-Monthly-Prices-Annex-9.xlsx,2026-10-02T17:52:32+00:00,Eggs Hen (Farm)
Pakistan Bureau of Statistics,Monthly price,monthly,2026-09-01,265.66,P/Point,Faisal-abad,https://www.pbs.gov.pk/wp-content/uploads/2020/07/SPI-Monthly-Prices-Annex-9.xlsx,2026-10-02T17:52:32+00:00,Electrician Charges
Pakistan Bureau of Statistics,Monthly price,monthly,2026-09-01,6.73,Per Unit,Faisal-abad,https://www.pbs.gov.pk/wp-content/uploads/2020/07/SPI-Monthly-Prices-Annex-9.xlsx,2026-10-02T17:52:32+00:00,Electricity Charges upto 50 Units
Pakistan Bureau of Statistics,Monthly price,monthly,2026-09-01,400.0,Each,Faisal-abad,https://www.pbs.gov.pk/wp-content/uploads/2020/07/SPI-Monthly-Prices-Annex-9.xlsx,2026-10-02T17:52:32+00:00,Energy Saver Philips 14 Watt
Pakistan Bureau of Statistics,Monthly price,monthly,2026-09-01,1800.0,40 Kg,Faisal-abad,https://www.pbs.gov.pk/wp-content/uploads/2020/07/SPI-Monthly-Prices-Annex-9.xlsx,2026-10-02T17:52:32+00:00,Firewood Whole
Pakistan Bureau of Statistics,Monthly price,monthly,2026-09-01,311.79,1 Kg,Faisal-abad,https://www.pbs.gov.pk/wp-content/uploads/2020/07/SPI-Monthly-Prices-Annex-9.xlsx,2026-10-02T17:52:32+00:00,Garlic (Lehsun)
Pakistan Bureau of Statistics,Monthly price,monthly,2026-09-01,2566.5,MMBTU,Faisal-abad,https://www.pbs.gov.pk/wp-content/uploads/2020/07/SPI-Monthly-Prices-Annex-9.xlsx,2026-10-02T17:52:32+00:00,Gas Charges upto 3.3719 MMBTU
Pakistan Bureau of Statistics,Monthly price,monthly,2026-09-01,2499.0,Pair,Faisal-abad,https://www.pbs.gov.pk/wp-content/uploads/2020/07/SPI-Monthly-Prices-Annex-9.xlsx,2026-10-02T17:52:32+00:00,Gents Sandal Bata
Pakistan Bureau of Statistics,Monthly price,monthly,2026-09-01,699.0,Pair,Faisal-abad,https://www.pbs.gov.pk/wp-content/uploads/2020/07/SPI-Monthly-Prices-Annex-9.xlsx,2026-10-02T17:52:32+00:00,Gents Sponge Chappal Bata
Pakistan Bureau of Statistics,Monthly price,monthly,2026-09-01,350.0,1 mtr,Faisal-abad,https://www.pbs.gov.pk/wp-content/uploads/2020/07/SPI-Monthly-Prices-Annex-9.xlsx,2026-10-02T17:52:32+00:00,Georgette (Average Quality)
Pakistan Bureau of Statistics,Monthly price,monthly,2026-09-01,226.47,1 Kg,Faisal-abad,https://www.pbs.gov.pk/wp-content/uploads/2020/07/SPI-Monthly-Prices-Annex-9.xlsx,2026-10-02T17:52:32+00:00,Gur (Average Quality)
Pakistan Bureau of Statistics,Monthly price,monthly,2026-09-01,401.15,Per Litre,Faisal-abad,https://www.pbs.gov.pk/wp-content/uploads/2020/07/SPI-Monthly-Prices-Annex-9.xlsx,2026-10-02T17:52:32+00:00,Hi-Speed Diesel
Pakistan Bureau of Statistics,Monthly price,monthly,2026-09-01,5085.97,Each,Faisal-abad,https://www.pbs.gov.pk/wp-content/uploads/2020/07/SPI-Monthly-Prices-Annex-9.xlsx,2026-10-02T17:52:32+00:00,LPG 11.67 kg Cylinder
Pakistan Bureau of Statistics,Monthly price,monthly,2026-09-01,1499.0,Pair,Faisal-abad,https://www.pbs.gov.pk/wp-content/uploads/2020/07/SPI-Monthly-Prices-Annex-9.xlsx,2026-10-02T17:52:32+00:00,Ladies Sandal Bata
Pakistan Bureau of Statistics,Monthly price,monthly,2026-09-01,666.26,1 mtr,Faisal-abad,https://www.pbs.gov.pk/wp-content/uploads/2020/07/SPI-Monthly-Prices-Annex-9.xlsx,2026-10-02T17:52:32+00:00,Lawn Printed Gul Ahmed/Al Karam
Pakistan Bureau of Statistics,Monthly price,monthly,2026-09-01,659.85,1 mtr,Faisal-abad,https://www.pbs.gov.pk/wp-content/uploads/2020/07/SPI-Monthly-Prices-Annex-9.xlsx,2026-10-02T17:52:32+00:00,"Long Cloth 57"" Gul Ahmed/Al Karam"
Pakistan Bureau of Statistics,Monthly price,monthly,2026-09-01,2028.62,Daily,Faisal-abad,https://www.pbs.gov.pk/wp-content/uploads/2020/07/SPI-Monthly-Prices-Annex-9.xlsx,2026-10-02T17:52:32+00:00,Mason Wage Rate
Pakistan Bureau of Statistics,Monthly price,monthly,2026-09-01,7.0,Each,Faisal-abad,https://www.pbs.gov.pk/wp-content/uploads/2020/07/SPI-Monthly-Prices-Annex-9.xlsx,2026-10-02T17:52:32+00:00,Match Box
Pakistan Bureau of Statistics,Monthly price,monthly,2026-09-01,206.46,1 Ltr,Faisal-abad,https://www.pbs.gov.pk/wp-content/uploads/2020/07/SPI-Monthly-Prices-Annex-9.xlsx,2026-10-02T17:52:32+00:00,Milk fresh (Un-boiled)
Pakistan Bureau of Statistics,Monthly price,monthly,2026-09-01,574.93,1 Kg,Faisal-abad,https://www.pbs.gov.pk/wp-content/uploads/2020/07/SPI-Monthly-Prices-Annex-9.xlsx,2026-10-02T17:52:32+00:00,Mustard Oil (Average Quality)
Pakistan Bureau of Statistics,Monthly price,monthly,2026-09-01,2416.06,1 Kg,Faisal-abad,https://www.pbs.gov.pk/wp-content/uploads/2020/07/SPI-Monthly-Prices-Annex-9.xlsx,2026-10-02T17:52:32+00:00,Mutton (Average Quality)
Pakistan Bureau of Statistics,Monthly price,monthly,2026-09-01,9600.0,50 Kg,Faisal-abad,https://www.pbs.gov.pk/wp-content/uploads/2020/07/SPI-Monthly-Prices-Annex-9.xlsx,2026-10-02T17:52:32+00:00,Nitro. Phosph. & Pot. (Npk)
Pakistan Bureau of Statistics,Monthly price,monthly,2026-09-01,10700.0,50 Kg,Faisal-abad,https://www.pbs.gov.pk/wp-content/uploads/2020/07/SPI-Monthly-Prices-Annex-9.xlsx,2026-10-02T17:52:32+00:00,Nitro. Phosphate
Pakistan Bureau of Statistics,Monthly price,monthly,2026-09-01,188.83,1 Kg,Faisal-abad,https://www.pbs.gov.pk/wp-content/uploads/2020/07/SPI-Monthly-Prices-Annex-9.xlsx,2026-10-02T17:52:32+00:00,Onions
Pakistan Bureau of Statistics,Monthly price,monthly,2026-09-01,4550.0,50 Kg,Faisal-abad,https://www.pbs.gov.pk/wp-content/uploads/2020/07/SPI-Monthly-Prices-Annex-9.xlsx,2026-10-02T17:52:32+00:00,"Other Urea (Tara, Sarsabz, Shandar etc)"
Pakistan Bureau of Statistics,Monthly price,monthly,2026-09-01,1701.9,Per Day,Faisal-abad,https://www.pbs.gov.pk/wp-content/uploads/2020/07/SPI-Monthly-Prices-Annex-9.xlsx,2026-10-02T17:52:32+00:00,Painter Wage Rate
Pakistan Bureau of Statistics,Monthly price,monthly,2026-09-01,374.74,Per Litre,Faisal-abad,https://www.pbs.gov.pk/wp-content/uploads/2020/07/SPI-Monthly-Prices-Annex-9.xlsx,2026-10-02T17:52:32+00:00,Petrol Super
Pakistan Bureau of Statistics,Monthly price,monthly,2026-09-01,1546.28,Daily,Faisal-abad,https://www.pbs.gov.pk/wp-content/uploads/2020/07/SPI-Monthly-Prices-Annex-9.xlsx,2026-10-02T17:52:32+00:00,Plumber Wage Rate
Pakistan Bureau of Statistics,Monthly price,monthly,2026-09-01,57.33,1 Kg,Faisal-abad,https://www.pbs.gov.pk/wp-content/uploads/2020/07/SPI-Monthly-Prices-Annex-9.xlsx,2026-10-02T17:52:32+00:00,Potatoes
Pakistan Bureau of Statistics,Monthly price,monthly,2026-09-01,1170.0,Each,Faisal-abad,https://www.pbs.gov.pk/wp-content/uploads/2020/07/SPI-Monthly-Prices-Annex-9.xlsx,2026-10-02T17:52:32+00:00,Powdered Milk NIDO 390 gm Polybag
Pakistan Bureau of Statistics,Monthly price,monthly,2026-09-01,220.63,1 Kg,Faisal-abad,https://www.pbs.gov.pk/wp-content/uploads/2020/07/SPI-Monthly-Prices-Annex-9.xlsx,2026-10-02T17:52:32+00:00,Pulse Gram
Pakistan Bureau of Statistics,Monthly price,monthly,2026-09-01,426.24,1 Kg,Faisal-abad,https://www.pbs.gov.pk/wp-content/uploads/2020/07/SPI-Monthly-Prices-Annex-9.xlsx,2026-10-02T17:52:32+00:00,Pulse Mash (Washed)
Pakistan Bureau of Statistics,Monthly price,monthly,2026-09-01,249.1,1 Kg,Faisal-abad,https://www.pbs.gov.pk/wp-content/uploads/2020/07/SPI-Monthly-Prices-Annex-9.xlsx,2026-10-02T17:52:32+00:00,Pulse Masoor (Washed)
Pakistan Bureau of Statistics,Monthly price,monthly,2026-09-01,346.54,1 Kg,Faisal-abad,https://www.pbs.gov.pk/wp-content/uploads/2020/07/SPI-Monthly-Prices-Annex-9.xlsx,2026-10-02T17:52:32+00:00,Pulse Moong (Washed)
Pakistan Bureau of Statistics,Monthly price,monthly,2026-09-01,233.14,1 Kg,Faisal-abad,https://www.pbs.gov.pk/wp-content/uploads/2020/07/SPI-Monthly-Prices-Annex-9.xlsx,2026-10-02T17:52:32+00:00,Rice Basmati Broken (Average Quality)
Pakistan Bureau of Statistics,Monthly price,monthly,2026-09-01,160.0,1 Kg,Faisal-abad,https://www.pbs.gov.pk/wp-content/uploads/2020/07/SPI-Monthly-Prices-Annex-9.xlsx,2026-10-02T17:52:32+00:00,Rice IRRI-6/9 (Sindh/Punjab)
Pakistan Bureau of Statistics,Monthly price,monthly,2026-09-01,4800.0,50 Kg,Faisal-abad,https://www.pbs.gov.pk/wp-content/uploads/2020/07/SPI-Monthly-Prices-Annex-9.xlsx,2026-10-02T17:52:32+00:00,"S.S Phosphate, Gr. 18%"
Pakistan Bureau of Statistics,Monthly price,monthly,2026-09-01,60.0,Each,Faisal-abad,https://www.pbs.gov.pk/wp-content/uploads/2020/07/SPI-Monthly-Prices-Annex-9.xlsx,2026-10-02T17:52:32+00:00,Salt Powdered (NATIONAL/SHAN) 800 gm Packet
Pakistan Bureau of Statistics,Monthly price,monthly,2026-09-01,866.35,1 mtr,Faisal-abad,https://www.pbs.gov.pk/wp-content/uploads/2020/07/SPI-Monthly-Prices-Annex-9.xlsx,2026-10-02T17:52:32+00:00,Shirting (Average Quality)
Pakistan Bureau of Statistics,Monthly price,monthly,2026-09-01,4600.0,50 Kg,Faisal-abad,https://www.pbs.gov.pk/wp-content/uploads/2020/07/SPI-Monthly-Prices-Annex-9.xlsx,2026-10-02T17:52:32+00:00,Sona Urea
Pakistan Bureau of Statistics,Monthly price,monthly,2026-09-01,140.0,Each,Faisal-abad,https://www.pbs.gov.pk/wp-content/uploads/2020/07/SPI-Monthly-Prices-Annex-9.xlsx,2026-10-02T17:52:32+00:00,Sufi Washing Soap 250 gm Cake
Pakistan Bureau of Statistics,Monthly price,monthly,2026-09-01,150.0,1 Kg,Faisal-abad,https://www.pbs.gov.pk/wp-content/uploads/2020/07/SPI-Monthly-Prices-Annex-9.xlsx,2026-10-02T17:52:32+00:00,Sugar Refined
Pakistan Bureau of Statistics,Monthly price,monthly,2026-09-01,15800.0,50 Kg,Faisal-abad,https://www.pbs.gov.pk/wp-content/uploads/2020/07/SPI-Monthly-Prices-Annex-9.xlsx,2026-10-02T17:52:32+00:00,Sulphate of Potash
Pakistan Bureau of Statistics,Monthly price,monthly,2026-09-01,469.41,Each,Faisal-abad,https://www.pbs.gov.pk/wp-content/uploads/2020/07/SPI-Monthly-Prices-Annex-9.xlsx,2026-10-02T17:52:32+00:00,Tea Lipton Yellow Label 190 gm Packet
Pakistan Bureau of Statistics,Monthly price,monthly,2026-09-01,63.16,Per Cup,Faisal-abad,https://www.pbs.gov.pk/wp-content/uploads/2020/07/SPI-Monthly-Prices-Annex-9.xlsx,2026-10-02T17:52:32+00:00,Tea Prepared Ordinary
Pakistan Bureau of Statistics,Monthly price,monthly,2026-09-01,1.79,Per Minute,Faisal-abad,https://www.pbs.gov.pk/wp-content/uploads/2020/07/SPI-Monthly-Prices-Annex-9.xlsx,2026-10-02T17:52:32+00:00,Telephone Call Charges
Pakistan Bureau of Statistics,Monthly price,monthly,2026-09-01,136.02,Each,Faisal-abad,https://www.pbs.gov.pk/wp-content/uploads/2020/07/SPI-Monthly-Prices-Annex-9.xlsx,2026-10-02T17:52:32+00:00,Toilet Soap LIFEBUOY 115 gm
Pakistan Bureau of Statistics,Monthly price,monthly,2026-09-01,180.42,1 Kg,Faisal-abad,https://www.pbs.gov.pk/wp-content/uploads/2020/07/SPI-Monthly-Prices-Annex-9.xlsx,2026-10-02T17:52:32+00:00,Tomatoes
Pakistan Bureau of Statistics,Monthly price,monthly,2026-09-01,1314.08,Daily,Faisal-abad,https://www.pbs.gov.pk/wp-content/uploads/2020/07/SPI-Monthly-Prices-Annex-9.xlsx,2026-10-02T17:52:32+00:00,Unskilled Labour Wage Rate
Pakistan Bureau of Statistics,Monthly price,monthly,2026-09-01,1580.0,Each,Faisal-abad,https://www.pbs.gov.pk/wp-content/uploads/2020/07/SPI-Monthly-Prices-Annex-9.xlsx,2026-10-02T17:52:32+00:00,Vegetable Ghee DALDA/HABIB 2.5 kg Tin
Pakistan Bureau of Statistics,Monthly price,monthly,2026-09-01,615.0,Each,Faisal-abad,https://www.pbs.gov.pk/wp-content/uploads/2020/07/SPI-Monthly-Prices-Annex-9.xlsx,2026-10-02T17:52:32+00:00,Vegetable Ghee DALDA/HABIB or Other superior Quality 1 kg Pouch
Pakistan Bureau of Statistics,Monthly price,monthly,2026-09-01,2200.0,20 Kg,Faisal-abad,https://www.pbs.gov.pk/wp-content/uploads/2020/07/SPI-Monthly-Prices-Annex-9.xlsx,2026-10-02T17:52:32+00:00,Wheat Flour Bag
Pakistan Bureau of Statistics,Monthly price,monthly,2026-09-01,153.66,1 Dozen,Gujran-wala,https://www.pbs.gov.pk/wp-content/uploads/2020/07/SPI-Monthly-Prices-Annex-9.xlsx,2026-10-02T17:52:32+00:00,Bananas (Kela) Local
Pakistan Bureau of Statistics,Monthly price,monthly,2026-09-01,1200.0,1 Kg,Gujran-wala,https://www.pbs.gov.pk/wp-content/uploads/2020/07/SPI-Monthly-Prices-Annex-9.xlsx,2026-10-02T17:52:32+00:00,Beef with Bone (Average Quality)
Pakistan Bureau of Statistics,Monthly price,monthly,2026-09-01,120.0,Each,Gujran-wala,https://www.pbs.gov.pk/wp-content/uploads/2020/07/SPI-Monthly-Prices-Annex-9.xlsx,2026-10-02T17:52:32+00:00,Bread plain (Small Size)
Pakistan Bureau of Statistics,Monthly price,monthly,2026-09-01,142.99,1 kg/1 Ltr,Gujran-wala,https://www.pbs.gov.pk/wp-content/uploads/2020/07/SPI-Monthly-Prices-Annex-9.xlsx,2026-10-02T17:52:32+00:00,CNG
Pakistan Bureau of Statistics,Monthly price,monthly,2026-09-01,4349.71,50 Kg,Gujran-wala,https://www.pbs.gov.pk/wp-content/uploads/2020/07/SPI-Monthly-Prices-Annex-9.xlsx,2026-10-02T17:52:32+00:00,Calcium Ammonium Nitrate
Pakistan Bureau of Statistics,Monthly price,monthly,2026-09-01,1600.0,Each,Gujran-wala,https://www.pbs.gov.pk/wp-content/uploads/2020/07/SPI-Monthly-Prices-Annex-9.xlsx,2026-10-02T17:52:32+00:00,Cement (Local) 50 kg Bag
Pakistan Bureau of Statistics,Monthly price,monthly,2026-09-01,333.63,1 Kg,Gujran-wala,https://www.pbs.gov.pk/wp-content/uploads/2020/07/SPI-Monthly-Prices-Annex-9.xlsx,2026-10-02T17:52:32+00:00,Chicken Farm Broiler (Live)
Pakistan Bureau of Statistics,Monthly price,monthly,2026-09-01,380.0,Each,Gujran-wala,https://www.pbs.gov.pk/wp-content/uploads/2020/07/SPI-Monthly-Prices-Annex-9.xlsx,2026-10-02T17:52:32+00:00,Chilies Powder NATIONAL 200 gm Packet
Pakistan Bureau of Statistics,Monthly price,monthly,2026-09-01,250.0,Each,Gujran-wala,https://www.pbs.gov.pk/wp-content/uploads/2020/07/SPI-Monthly-Prices-Annex-9.xlsx,2026-10-02T17:52:32+00:00,Cigarettes Capstan 20'S Packet
Pakistan Bureau of Statistics,Monthly price,monthly,2026-09-01,450.0,Per Plate,Gujran-wala,https://www.pbs.gov.pk/wp-content/uploads/2020/07/SPI-Monthly-Prices-Annex-9.xlsx,2026-10-02T17:52:32+00:00,Cooked Beef at Average Hotel
Pakistan Bureau of Statistics,Monthly price,monthly,2026-09-01,150.0,Per Plate,Gujran-wala,https://www.pbs.gov.pk/wp-content/uploads/2020/07/SPI-Monthly-Prices-Annex-9.xlsx,2026-10-02T17:52:32+00:00,Cooked Daal at Average Hotel
Pakistan Bureau of Statistics,Monthly price,monthly,2026-09-01,3090.0,Each,Gujran-wala,https://www.pbs.gov.pk/wp-content/uploads/2020/07/SPI-Monthly-Prices-Annex-9.xlsx,2026-10-02T17:52:32+00:00,"Cooking Oil DALDA or Other Similar Brand (SN), 5 Litre Tin"
Pakistan Bureau of Statistics,Monthly price,monthly,2026-09-01,240.0,1 Kg,Gujran-wala,https://www.pbs.gov.pk/wp-content/uploads/2020/07/SPI-Monthly-Prices-Annex-9.xlsx,2026-10-02T17:52:32+00:00,Curd (Dahi) Loose
Pakistan Bureau of Statistics,Monthly price,monthly,2026-09-01,17000.0,50 Kg,Gujran-wala,https://www.pbs.gov.pk/wp-content/uploads/2020/07/SPI-Monthly-Prices-Annex-9.xlsx,2026-10-02T17:52:32+00:00,DIA Amun. Phosphate
Pakistan Bureau of Statistics,Monthly price,monthly,2026-09-01,242.39,1 Dozen,Gujran-wala,https://www.pbs.gov.pk/wp-content/uploads/2020/07/SPI-Monthly-Prices-Annex-9.xlsx,2026-10-02T17:52:32+00:00,Eggs Hen (Farm)
Pakistan Bureau of Statistics,Monthly price,monthly,2026-09-01,250.0,P/Point,Gujran-wala,https://www.pbs.gov.pk/wp-content/uploads/2020/07/SPI-Monthly-Prices-Annex-9.xlsx,2026-10-02T17:52:32+00:00,Electrician Charges
Pakistan Bureau of Statistics,Monthly price,monthly,2026-09-01,6.73,Per Unit,Gujran-wala,https://www.pbs.gov.pk/wp-content/uploads/2020/07/SPI-Monthly-Prices-Annex-9.xlsx,2026-10-02T17:52:32+00:00,Electricity Charges upto 50 Units
Pakistan Bureau of Statistics,Monthly price,monthly,2026-09-01,550.0,Each,Gujran-wala,https://www.pbs.gov.pk/wp-content/uploads/2020/07/SPI-Monthly-Prices-Annex-9.xlsx,2026-10-02T17:52:32+00:00,Energy Saver Philips 14 Watt
Pakistan Bureau of Statistics,Monthly price,monthly,2026-09-01,1932.77,40 Kg,Gujran-wala,https://www.pbs.gov.pk/wp-content/uploads/2020/07/SPI-Monthly-Prices-Annex-9.xlsx,2026-10-02T17:52:32+00:00,Firewood Whole
Pakistan Bureau of Statistics,Monthly price,monthly,2026-09-01,390.17,1 Kg,Gujran-wala,https://www.pbs.gov.pk/wp-content/uploads/2020/07/SPI-Monthly-Prices-Annex-9.xlsx,2026-10-02T17:52:32+00:00,Garlic (Lehsun)
Pakistan Bureau of Statistics,Monthly price,monthly,2026-09-01,2566.5,MMBTU,Gujran-wala,https://www.pbs.gov.pk/wp-content/uploads/2020/07/SPI-Monthly-Prices-Annex-9.xlsx,2026-10-02T17:52:32+00:00,Gas Charges upto 3.3719 MMBTU
Pakistan Bureau of Statistics,Monthly price,monthly,2026-09-01,2499.0,Pair,Gujran-wala,https://www.pbs.gov.pk/wp-content/uploads/2020/07/SPI-Monthly-Prices-Annex-9.xlsx,2026-10-02T17:52:32+00:00,Gents Sandal Bata
Pakistan Bureau of Statistics,Monthly price,monthly,2026-09-01,699.0,Pair,Gujran-wala,https://www.pbs.gov.pk/wp-content/uploads/2020/07/SPI-Monthly-Prices-Annex-9.xlsx,2026-10-02T17:52:32+00:00,Gents Sponge Chappal Bata
Pakistan Bureau of Statistics,Monthly price,monthly,2026-09-01,250.0,1 mtr,Gujran-wala,https://www.pbs.gov.pk/wp-content/uploads/2020/07/SPI-Monthly-Prices-Annex-9.xlsx,2026-10-02T17:52:32+00:00,Georgette (Average Quality)
Pakistan Bureau of Statistics,Monthly price,monthly,2026-09-01,220.0,1 Kg,Gujran-wala,https://www.pbs.gov.pk/wp-content/uploads/2020/07/SPI-Monthly-Prices-Annex-9.xlsx,2026-10-02T17:52:32+00:00,Gur (Average Quality)
Pakistan Bureau of Statistics,Monthly price,monthly,2026-09-01,401.91,Per Litre,Gujran-wala,https://www.pbs.gov.pk/wp-content/uploads/2020/07/SPI-Monthly-Prices-Annex-9.xlsx,2026-10-02T17:52:32+00:00,Hi-Speed Diesel
Pakistan Bureau of Statistics,Monthly price,monthly,2026-09-01,4993.72,Each,Gujran-wala,https://www.pbs.gov.pk/wp-content/uploads/2020/07/SPI-Monthly-Prices-Annex-9.xlsx,2026-10-02T17:52:32+00:00,LPG 11.67 kg Cylinder
Pakistan Bureau of Statistics,Monthly price,monthly,2026-09-01,1499.0,Pair,Gujran-wala,https://www.pbs.gov.pk/wp-content/uploads/2020/07/SPI-Monthly-Prices-Annex-9.xlsx,2026-10-02T17:52:32+00:00,Ladies Sandal Bata
Pakistan Bureau of Statistics,Monthly price,monthly,2026-09-01,748.0,1 mtr,Gujran-wala,https://www.pbs.gov.pk/wp-content/uploads/2020/07/SPI-Monthly-Prices-Annex-9.xlsx,2026-10-02T17:52:32+00:00,Lawn Printed Gul Ahmed/Al Karam
Pakistan Bureau of Statistics,Monthly price,monthly,2026-09-01,700.0,1 mtr,Gujran-wala,https://www.pbs.gov.pk/wp-content/uploads/2020/07/SPI-Monthly-Prices-Annex-9.xlsx,2026-10-02T17:52:32+00:00,"Long Cloth 57"" Gul Ahmed/Al Karam"
Pakistan Bureau of Statistics,Monthly price,monthly,2026-09-01,2200.0,Daily,Gujran-wala,https://www.pbs.gov.pk/wp-content/uploads/2020/07/SPI-Monthly-Prices-Annex-9.xlsx,2026-10-02T17:52:32+00:00,Mason Wage Rate
Pakistan Bureau of Statistics,Monthly price,monthly,2026-09-01,7.0,Each,Gujran-wala,https://www.pbs.gov.pk/wp-content/uploads/2020/07/SPI-Monthly-Prices-Annex-9.xlsx,2026-10-02T17:52:32+00:00,Match Box
Pakistan Bureau of Statistics,Monthly price,monthly,2026-09-01,220.0,1 Ltr,Gujran-wala,https://www.pbs.gov.pk/wp-content/uploads/2020/07/SPI-Monthly-Prices-Annex-9.xlsx,2026-10-02T17:52:32+00:00,Milk fresh (Un-boiled)
Pakistan Bureau of Statistics,Monthly price,monthly,2026-09-01,500.0,1 Kg,Gujran-wala,https://www.pbs.gov.pk/wp-content/uploads/2020/07/SPI-Monthly-Prices-Annex-9.xlsx,2026-10-02T17:52:32+00:00,Mustard Oil (Average Quality)
Pakistan Bureau of Statistics,Monthly price,monthly,2026-09-01,2600.0,1 Kg,Gujran-wala,https://www.pbs.gov.pk/wp-content/uploads/2020/07/SPI-Monthly-Prices-Annex-9.xlsx,2026-10-02T17:52:32+00:00,Mutton (Average Quality)
Pakistan Bureau of Statistics,Monthly price,monthly,2026-09-01,10491.23,50 Kg,Gujran-wala,https://www.pbs.gov.pk/wp-content/uploads/2020/07/SPI-Monthly-Prices-Annex-9.xlsx,2026-10-02T17:52:32+00:00,Nitro. Phosphate
Pakistan Bureau of Statistics,Monthly price,monthly,2026-09-01,225.49,1 Kg,Gujran-wala,https://www.pbs.gov.pk/wp-content/uploads/2020/07/SPI-Monthly-Prices-Annex-9.xlsx,2026-10-02T17:52:32+00:00,Onions
Pakistan Bureau of Statistics,Monthly price,monthly,2026-09-01,4600.0,50 Kg,Gujran-wala,https://www.pbs.gov.pk/wp-content/uploads/2020/07/SPI-Monthly-Prices-Annex-9.xlsx,2026-10-02T17:52:32+00:00,"Other Urea (Tara, Sarsabz, Shandar etc)"
Pakistan Bureau of Statistics,Monthly price,monthly,2026-09-01,1800.0,Per Day,Gujran-wala,https://www.pbs.gov.pk/wp-content/uploads/2020/07/SPI-Monthly-Prices-Annex-9.xlsx,2026-10-02T17:52:32+00:00,Painter Wage Rate
Pakistan Bureau of Statistics,Monthly price,monthly,2026-09-01,375.63,Per Litre,Gujran-wala,https://www.pbs.gov.pk/wp-content/uploads/2020/07/SPI-Monthly-Prices-Annex-9.xlsx,2026-10-02T17:52:32+00:00,Petrol Super
Pakistan Bureau of Statistics,Monthly price,monthly,2026-09-01,1800.0,Daily,Gujran-wala,https://www.pbs.gov.pk/wp-content/uploads/2020/07/SPI-Monthly-Prices-Annex-9.xlsx,2026-10-02T17:52:32+00:00,Plumber Wage Rate
Pakistan Bureau of Statistics,Monthly price,monthly,2026-09-01,60.0,1 Kg,Gujran-wala,https://www.pbs.gov.pk/wp-content/uploads/2020/07/SPI-Monthly-Prices-Annex-9.xlsx,2026-10-02T17:52:32+00:00,Potatoes
Pakistan Bureau of Statistics,Monthly price,monthly,2026-09-01,1163.32,Each,Gujran-wala,https://www.pbs.gov.pk/wp-content/uploads/2020/07/SPI-Monthly-Prices-Annex-9.xlsx,2026-10-02T17:52:32+00:00,Powdered Milk NIDO 390 gm Polybag
Pakistan Bureau of Statistics,Monthly price,monthly,2026-09-01,252.46,1 Kg,Gujran-wala,https://www.pbs.gov.pk/wp-content/uploads/2020/07/SPI-Monthly-Prices-Annex-9.xlsx,2026-10-02T17:52:32+00:00,Pulse Gram
Pakistan Bureau of Statistics,Monthly price,monthly,2026-09-01,438.24,1 Kg,Gujran-wala,https://www.pbs.gov.pk/wp-content/uploads/2020/07/SPI-Monthly-Prices-Annex-9.xlsx,2026-10-02T17:52:32+00:00,Pulse Mash (Washed)
Pakistan Bureau of Statistics,Monthly price,monthly,2026-09-01,240.0,1 Kg,Gujran-wala,https://www.pbs.gov.pk/wp-content/uploads/2020/07/SPI-Monthly-Prices-Annex-9.xlsx,2026-10-02T17:52:32+00:00,Pulse Masoor (Washed)
Pakistan Bureau of Statistics,Monthly price,monthly,2026-09-01,270.0,1 Kg,Gujran-wala,https://www.pbs.gov.pk/wp-content/uploads/2020/07/SPI-Monthly-Prices-Annex-9.xlsx,2026-10-02T17:52:32+00:00,Pulse Moong (Washed)
Pakistan Bureau of Statistics,Monthly price,monthly,2026-09-01,180.0,1 Kg,Gujran-wala,https://www.pbs.gov.pk/wp-content/uploads/2020/07/SPI-Monthly-Prices-Annex-9.xlsx,2026-10-02T17:52:32+00:00,Rice Basmati Broken (Average Quality)
Pakistan Bureau of Statistics,Monthly price,monthly,2026-09-01,4798.46,50 Kg,Gujran-wala,https://www.pbs.gov.pk/wp-content/uploads/2020/07/SPI-Monthly-Prices-Annex-9.xlsx,2026-10-02T17:52:32+00:00,"S.S Phosphate, Gr. 18%"
Pakistan Bureau of Statistics,Monthly price,monthly,2026-09-01,60.0,Each,Gujran-wala,https://www.pbs.gov.pk/wp-content/uploads/2020/07/SPI-Monthly-Prices-Annex-9.xlsx,2026-10-02T17:52:32+00:00,Salt Powdered (NATIONAL/SHAN) 800 gm Packet
Pakistan Bureau of Statistics,Monthly price,monthly,2026-09-01,600.0,1 mtr,Gujran-wala,https://www.pbs.gov.pk/wp-content/uploads/2020/07/SPI-Monthly-Prices-Annex-9.xlsx,2026-10-02T17:52:32+00:00,Shirting (Average Quality)
Pakistan Bureau of Statistics,Monthly price,monthly,2026-09-01,4700.0,50 Kg,Gujran-wala,https://www.pbs.gov.pk/wp-content/uploads/2020/07/SPI-Monthly-Prices-Annex-9.xlsx,2026-10-02T17:52:32+00:00,Sona Urea
Pakistan Bureau of Statistics,Monthly price,monthly,2026-09-01,143.26,Each,Gujran-wala,https://www.pbs.gov.pk/wp-content/uploads/2020/07/SPI-Monthly-Prices-Annex-9.xlsx,2026-10-02T17:52:32+00:00,Sufi Washing Soap 250 gm Cake
Pakistan Bureau of Statistics,Monthly price,monthly,2026-09-01,145.0,1 Kg,Gujran-wala,https://www.pbs.gov.pk/wp-content/uploads/2020/07/SPI-Monthly-Prices-Annex-9.xlsx,2026-10-02T17:52:32+00:00,Sugar Refined
Pakistan Bureau of Statistics,Monthly price,monthly,2026-09-01,15000.0,50 Kg,Gujran-wala,https://www.pbs.gov.pk/wp-content/uploads/2020/07/SPI-Monthly-Prices-Annex-9.xlsx,2026-10-02T17:52:32+00:00,Sulphate of Potash
Pakistan Bureau of Statistics,Monthly price,monthly,2026-09-01,469.41,Each,Gujran-wala,https://www.pbs.gov.pk/wp-content/uploads/2020/07/SPI-Monthly-Prices-Annex-9.xlsx,2026-10-02T17:52:32+00:00,Tea Lipton Yellow Label 190 gm Packet
Pakistan Bureau of Statistics,Monthly price,monthly,2026-09-01,70.0,Per Cup,Gujran-wala,https://www.pbs.gov.pk/wp-content/uploads/2020/07/SPI-Monthly-Prices-Annex-9.xlsx,2026-10-02T17:52:32+00:00,Tea Prepared Ordinary
Pakistan Bureau of Statistics,Monthly price,monthly,2026-09-01,1.79,Per Minute,Gujran-wala,https://www.pbs.gov.pk/wp-content/uploads/2020/07/SPI-Monthly-Prices-Annex-9.xlsx,2026-10-02T17:52:32+00:00,Telephone Call Charges
Pakistan Bureau of Statistics,Monthly price,monthly,2026-09-01,136.02,Each,Gujran-wala,https://www.pbs.gov.pk/wp-content/uploads/2020/07/SPI-Monthly-Prices-Annex-9.xlsx,2026-10-02T17:52:32+00:00,Toilet Soap LIFEBUOY 115 gm
Pakistan Bureau of Statistics,Monthly price,monthly,2026-09-01,204.31,1 Kg,Gujran-wala,https://www.pbs.gov.pk/wp-content/uploads/2020/07/SPI-Monthly-Prices-Annex-9.xlsx,2026-10-02T17:52:32+00:00,Tomatoes
Pakistan Bureau of Statistics,Monthly price,monthly,2026-09-01,1500.0,Daily,Gujran-wala,https://www.pbs.gov.pk/wp-content/uploads/2020/07/SPI-Monthly-Prices-Annex-9.xlsx,2026-10-02T17:52:32+00:00,Unskilled Labour Wage Rate
Pakistan Bureau of Statistics,Monthly price,monthly,2026-09-01,1580.0,Each,Gujran-wala,https://www.pbs.gov.pk/wp-content/uploads/2020/07/SPI-Monthly-Prices-Annex-9.xlsx,2026-10-02T17:52:32+00:00,Vegetable Ghee DALDA/HABIB 2.5 kg Tin
Pakistan Bureau of Statistics,Monthly price,monthly,2026-09-01,615.0,Each,Gujran-wala,https://www.pbs.gov.pk/wp-content/uploads/2020/07/SPI-Monthly-Prices-Annex-9.xlsx,2026-10-02T17:52:32+00:00,Vegetable Ghee DALDA/HABIB or Other superior Quality 1 kg Pouch
Pakistan Bureau of Statistics,Monthly price,monthly,2026-09-01,2583.72,20 Kg,Gujran-wala,https://www.pbs.gov.pk/wp-content/uploads/2020/07/SPI-Monthly-Prices-Annex-9.xlsx,2026-10-02T17:52:32+00:00,Wheat Flour Bag
Pakistan Bureau of Statistics,Monthly price,monthly,2026-09-01,112.96,1 Dozen,Hyder-abad,https://www.pbs.gov.pk/wp-content/uploads/2020/07/SPI-Monthly-Prices-Annex-9.xlsx,2026-10-02T17:52:32+00:00,Bananas (Kela) Local
Pakistan Bureau of Statistics,Monthly price,monthly,2026-09-01,1291.53,1 Kg,Hyder-abad,https://www.pbs.gov.pk/wp-content/uploads/2020/07/SPI-Monthly-Prices-Annex-9.xlsx,2026-10-02T17:52:32+00:00,Beef with Bone (Average Quality)
Pakistan Bureau of Statistics,Monthly price,monthly,2026-09-01,134.91,Each,Hyder-abad,https://www.pbs.gov.pk/wp-content/uploads/2020/07/SPI-Monthly-Prices-Annex-9.xlsx,2026-10-02T17:52:32+00:00,Bread plain (Small Size)
Pakistan Bureau of Statistics,Monthly price,monthly,2026-09-01,330.0,1 kg/1 Ltr,Hyder-abad,https://www.pbs.gov.pk/wp-content/uploads/2020/07/SPI-Monthly-Prices-Annex-9.xlsx,2026-10-02T17:52:32+00:00,CNG
Pakistan Bureau of Statistics,Monthly price,monthly,2026-09-01,4349.71,50 Kg,Hyder-abad,https://www.pbs.gov.pk/wp-content/uploads/2020/07/SPI-Monthly-Prices-Annex-9.xlsx,2026-10-02T17:52:32+00:00,Calcium Ammonium Nitrate
Pakistan Bureau of Statistics,Monthly price,monthly,2026-09-01,1519.37,Each,Hyder-abad,https://www.pbs.gov.pk/wp-content/uploads/2020/07/SPI-Monthly-Prices-Annex-9.xlsx,2026-10-02T17:52:32+00:00,Cement (Local) 50 kg Bag
Pakistan Bureau of Statistics,Monthly price,monthly,2026-09-01,327.91,1 Kg,Hyder-abad,https://www.pbs.gov.pk/wp-content/uploads/2020/07/SPI-Monthly-Prices-Annex-9.xlsx,2026-10-02T17:52:32+00:00,Chicken Farm Broiler (Live)
Pakistan Bureau of Statistics,Monthly price,monthly,2026-09-01,380.0,Each,Hyder-abad,https://www.pbs.gov.pk/wp-content/uploads/2020/07/SPI-Monthly-Prices-Annex-9.xlsx,2026-10-02T17:52:32+00:00,Chilies Powder NATIONAL 200 gm Packet
Pakistan Bureau of Statistics,Monthly price,monthly,2026-09-01,253.29,Each,Hyder-abad,https://www.pbs.gov.pk/wp-content/uploads/2020/07/SPI-Monthly-Prices-Annex-9.xlsx,2026-10-02T17:52:32+00:00,Cigarettes Capstan 20'S Packet
Pakistan Bureau of Statistics,Monthly price,monthly,2026-09-01,329.7,Per Plate,Hyder-abad,https://www.pbs.gov.pk/wp-content/uploads/2020/07/SPI-Monthly-Prices-Annex-9.xlsx,2026-10-02T17:52:32+00:00,Cooked Beef at Average Hotel
Pakistan Bureau of Statistics,Monthly price,monthly,2026-09-01,177.45,Per Plate,Hyder-abad,https://www.pbs.gov.pk/wp-content/uploads/2020/07/SPI-Monthly-Prices-Annex-9.xlsx,2026-10-02T17:52:32+00:00,Cooked Daal at Average Hotel
Pakistan Bureau of Statistics,Monthly price,monthly,2026-09-01,3065.0,Each,Hyder-abad,https://www.pbs.gov.pk/wp-content/uploads/2020/07/SPI-Monthly-Prices-Annex-9.xlsx,2026-10-02T17:52:32+00:00,"Cooking Oil DALDA or Other Similar Brand (SN), 5 Litre Tin"
Pakistan Bureau of Statistics,Monthly price,monthly,2026-09-01,326.53,1 Kg,Hyder-abad,https://www.pbs.gov.pk/wp-content/uploads/2020/07/SPI-Monthly-Prices-Annex-9.xlsx,2026-10-02T17:52:32+00:00,Curd (Dahi) Loose
Pakistan Bureau of Statistics,Monthly price,monthly,2026-09-01,17099.86,50 Kg,Hyder-abad,https://www.pbs.gov.pk/wp-content/uploads/2020/07/SPI-Monthly-Prices-Annex-9.xlsx,2026-10-02T17:52:32+00:00,DIA Amun. Phosphate
Pakistan Bureau of Statistics,Monthly price,monthly,2026-09-01,247.11,1 Dozen,Hyder-abad,https://www.pbs.gov.pk/wp-content/uploads/2020/07/SPI-Monthly-Prices-Annex-9.xlsx,2026-10-02T17:52:32+00:00,Eggs Hen (Farm)
Pakistan Bureau of Statistics,Monthly price,monthly,2026-09-01,398.29,P/Point,Hyder-abad,https://www.pbs.gov.pk/wp-content/uploads/2020/07/SPI-Monthly-Prices-Annex-9.xlsx,2026-10-02T17:52:32+00:00,Electrician Charges
Pakistan Bureau of Statistics,Monthly price,monthly,2026-09-01,6.73,Per Unit,Hyder-abad,https://www.pbs.gov.pk/wp-content/uploads/2020/07/SPI-Monthly-Prices-Annex-9.xlsx,2026-10-02T17:52:32+00:00,Electricity Charges upto 50 Units
Pakistan Bureau of Statistics,Monthly price,monthly,2026-09-01,450.0,Each,Hyder-abad,https://www.pbs.gov.pk/wp-content/uploads/2020/07/SPI-Monthly-Prices-Annex-9.xlsx,2026-10-02T17:52:32+00:00,Energy Saver Philips 14 Watt
Pakistan Bureau of Statistics,Monthly price,monthly,2026-09-01,1483.14,40 Kg,Hyder-abad,https://www.pbs.gov.pk/wp-content/uploads/2020/07/SPI-Monthly-Prices-Annex-9.xlsx,2026-10-02T17:52:32+00:00,Firewood Whole
Pakistan Bureau of Statistics,Monthly price,monthly,2026-09-01,288.17,1 Kg,Hyder-abad,https://www.pbs.gov.pk/wp-content/uploads/2020/07/SPI-Monthly-Prices-Annex-9.xlsx,2026-10-02T17:52:32+00:00,Garlic (Lehsun)
Pakistan Bureau of Statistics,Monthly price,monthly,2026-09-01,2566.5,MMBTU,Hyder-abad,https://www.pbs.gov.pk/wp-content/uploads/2020/07/SPI-Monthly-Prices-Annex-9.xlsx,2026-10-02T17:52:32+00:00,Gas Charges upto 3.3719 MMBTU
Pakistan Bureau of Statistics,Monthly price,monthly,2026-09-01,2499.0,Pair,Hyder-abad,https://www.pbs.gov.pk/wp-content/uploads/2020/07/SPI-Monthly-Prices-Annex-9.xlsx,2026-10-02T17:52:32+00:00,Gents Sandal Bata
Pakistan Bureau of Statistics,Monthly price,monthly,2026-09-01,699.0,Pair,Hyder-abad,https://www.pbs.gov.pk/wp-content/uploads/2020/07/SPI-Monthly-Prices-Annex-9.xlsx,2026-10-02T17:52:32+00:00,Gents Sponge Chappal Bata
Pakistan Bureau of Statistics,Monthly price,monthly,2026-09-01,314.72,1 mtr,Hyder-abad,https://www.pbs.gov.pk/wp-content/uploads/2020/07/SPI-Monthly-Prices-Annex-9.xlsx,2026-10-02T17:52:32+00:00,Georgette (Average Quality)
Pakistan Bureau of Statistics,Monthly price,monthly,2026-09-01,244.95,1 Kg,Hyder-abad,https://www.pbs.gov.pk/wp-content/uploads/2020/07/SPI-Monthly-Prices-Annex-9.xlsx,2026-10-02T17:52:32+00:00,Gur (Average Quality)
Pakistan Bureau of Statistics,Monthly price,monthly,2026-09-01,403.63,Per Litre,Hyder-abad,https://www.pbs.gov.pk/wp-content/uploads/2020/07/SPI-Monthly-Prices-Annex-9.xlsx,2026-10-02T17:52:32+00:00,Hi-Speed Diesel
Pakistan Bureau of Statistics,Monthly price,monthly,2026-09-01,4663.77,Each,Hyder-abad,https://www.pbs.gov.pk/wp-content/uploads/2020/07/SPI-Monthly-Prices-Annex-9.xlsx,2026-10-02T17:52:32+00:00,LPG 11.67 kg Cylinder
Pakistan Bureau of Statistics,Monthly price,monthly,2026-09-01,1499.0,Pair,Hyder-abad,https://www.pbs.gov.pk/wp-content/uploads/2020/07/SPI-Monthly-Prices-Annex-9.xlsx,2026-10-02T17:52:32+00:00,Ladies Sandal Bata
Pakistan Bureau of Statistics,Monthly price,monthly,2026-09-01,599.94,1 mtr,Hyder-abad,https://www.pbs.gov.pk/wp-content/uploads/2020/07/SPI-Monthly-Prices-Annex-9.xlsx,2026-10-02T17:52:32+00:00,Lawn Printed Gul Ahmed/Al Karam
Pakistan Bureau of Statistics,Monthly price,monthly,2026-09-01,606.59,1 mtr,Hyder-abad,https://www.pbs.gov.pk/wp-content/uploads/2020/07/SPI-Monthly-Prices-Annex-9.xlsx,2026-10-02T17:52:32+00:00,"Long Cloth 57"" Gul Ahmed/Al Karam"
Pakistan Bureau of Statistics,Monthly price,monthly,2026-09-01,1991.47,Daily,Hyder-abad,https://www.pbs.gov.pk/wp-content/uploads/2020/07/SPI-Monthly-Prices-Annex-9.xlsx,2026-10-02T17:52:32+00:00,Mason Wage Rate
Pakistan Bureau of Statistics,Monthly price,monthly,2026-09-01,6.65,Each,Hyder-abad,https://www.pbs.gov.pk/wp-content/uploads/2020/07/SPI-Monthly-Prices-Annex-9.xlsx,2026-10-02T17:52:32+00:00,Match Box
Pakistan Bureau of Statistics,Monthly price,monthly,2026-09-01,230.0,1 Ltr,Hyder-abad,https://www.pbs.gov.pk/wp-content/uploads/2020/07/SPI-Monthly-Prices-Annex-9.xlsx,2026-10-02T17:52:32+00:00,Milk fresh (Un-boiled)
Pakistan Bureau of Statistics,Monthly price,monthly,2026-09-01,495.3,1 Kg,Hyder-abad,https://www.pbs.gov.pk/wp-content/uploads/2020/07/SPI-Monthly-Prices-Annex-9.xlsx,2026-10-02T17:52:32+00:00,Mustard Oil (Average Quality)
Pakistan Bureau of Statistics,Monthly price,monthly,2026-09-01,2412.23,1 Kg,Hyder-abad,https://www.pbs.gov.pk/wp-content/uploads/2020/07/SPI-Monthly-Prices-Annex-9.xlsx,2026-10-02T17:52:32+00:00,Mutton (Average Quality)
Pakistan Bureau of Statistics,Monthly price,monthly,2026-09-01,10749.88,50 Kg,Hyder-abad,https://www.pbs.gov.pk/wp-content/uploads/2020/07/SPI-Monthly-Prices-Annex-9.xlsx,2026-10-02T17:52:32+00:00,Nitro. Phosphate
Pakistan Bureau of Statistics,Monthly price,monthly,2026-09-01,194.98,1 Kg,Hyder-abad,https://www.pbs.gov.pk/wp-content/uploads/2020/07/SPI-Monthly-Prices-Annex-9.xlsx,2026-10-02T17:52:32+00:00,Onions
Pakistan Bureau of Statistics,Monthly price,monthly,2026-09-01,1818.84,Per Day,Hyder-abad,https://www.pbs.gov.pk/wp-content/uploads/2020/07/SPI-Monthly-Prices-Annex-9.xlsx,2026-10-02T17:52:32+00:00,Painter Wage Rate
Pakistan Bureau of Statistics,Monthly price,monthly,2026-09-01,377.2,Per Litre,Hyder-abad,https://www.pbs.gov.pk/wp-content/uploads/2020/07/SPI-Monthly-Prices-Annex-9.xlsx,2026-10-02T17:52:32+00:00,Petrol Super
Pakistan Bureau of Statistics,Monthly price,monthly,2026-09-01,2148.2,Daily,Hyder-abad,https://www.pbs.gov.pk/wp-content/uploads/2020/07/SPI-Monthly-Prices-Annex-9.xlsx,2026-10-02T17:52:32+00:00,Plumber Wage Rate
Pakistan Bureau of Statistics,Monthly price,monthly,2026-09-01,43.9,1 Kg,Hyder-abad,https://www.pbs.gov.pk/wp-content/uploads/2020/07/SPI-Monthly-Prices-Annex-9.xlsx,2026-10-02T17:52:32+00:00,Potatoes
Pakistan Bureau of Statistics,Monthly price,monthly,2026-09-01,1186.23,Each,Hyder-abad,https://www.pbs.gov.pk/wp-content/uploads/2020/07/SPI-Monthly-Prices-Annex-9.xlsx,2026-10-02T17:52:32+00:00,Powdered Milk NIDO 390 gm Polybag
Pakistan Bureau of Statistics,Monthly price,monthly,2026-09-01,259.73,1 Kg,Hyder-abad,https://www.pbs.gov.pk/wp-content/uploads/2020/07/SPI-Monthly-Prices-Annex-9.xlsx,2026-10-02T17:52:32+00:00,Pulse Gram
Pakistan Bureau of Statistics,Monthly price,monthly,2026-09-01,423.75,1 Kg,Hyder-abad,https://www.pbs.gov.pk/wp-content/uploads/2020/07/SPI-Monthly-Prices-Annex-9.xlsx,2026-10-02T17:52:32+00:00,Pulse Mash (Washed)
Pakistan Bureau of Statistics,Monthly price,monthly,2026-09-01,249.83,1 Kg,Hyder-abad,https://www.pbs.gov.pk/wp-content/uploads/2020/07/SPI-Monthly-Prices-Annex-9.xlsx,2026-10-02T17:52:32+00:00,Pulse Masoor (Washed)
Pakistan Bureau of Statistics,Monthly price,monthly,2026-09-01,353.28,1 Kg,Hyder-abad,https://www.pbs.gov.pk/wp-content/uploads/2020/07/SPI-Monthly-Prices-Annex-9.xlsx,2026-10-02T17:52:32+00:00,Pulse Moong (Washed)
Pakistan Bureau of Statistics,Monthly price,monthly,2026-09-01,213.12,1 Kg,Hyder-abad,https://www.pbs.gov.pk/wp-content/uploads/2020/07/SPI-Monthly-Prices-Annex-9.xlsx,2026-10-02T17:52:32+00:00,Rice Basmati Broken (Average Quality)
Pakistan Bureau of Statistics,Monthly price,monthly,2026-09-01,123.24,1 Kg,Hyder-abad,https://www.pbs.gov.pk/wp-content/uploads/2020/07/SPI-Monthly-Prices-Annex-9.xlsx,2026-10-02T17:52:32+00:00,Rice IRRI-6/9 (Sindh/Punjab)
Pakistan Bureau of Statistics,Monthly price,monthly,2026-09-01,3000.0,50 Kg,Hyder-abad,https://www.pbs.gov.pk/wp-content/uploads/2020/07/SPI-Monthly-Prices-Annex-9.xlsx,2026-10-02T17:52:32+00:00,"S.S Phosphate, Gr. 18%"
Pakistan Bureau of Statistics,Monthly price,monthly,2026-09-01,63.16,Each,Hyder-abad,https://www.pbs.gov.pk/wp-content/uploads/2020/07/SPI-Monthly-Prices-Annex-9.xlsx,2026-10-02T17:52:32+00:00,Salt Powdered (NATIONAL/SHAN) 800 gm Packet
Pakistan Bureau of Statistics,Monthly price,monthly,2026-09-01,603.23,1 mtr,Hyder-abad,https://www.pbs.gov.pk/wp-content/uploads/2020/07/SPI-Monthly-Prices-Annex-9.xlsx,2026-10-02T17:52:32+00:00,Shirting (Average Quality)
Pakistan Bureau of Statistics,Monthly price,monthly,2026-09-01,4749.74,50 Kg,Hyder-abad,https://www.pbs.gov.pk/wp-content/uploads/2020/07/SPI-Monthly-Prices-Annex-9.xlsx,2026-10-02T17:52:32+00:00,Sona Urea
Pakistan Bureau of Statistics,Monthly price,monthly,2026-09-01,140.0,Each,Hyder-abad,https://www.pbs.gov.pk/wp-content/uploads/2020/07/SPI-Monthly-Prices-Annex-9.xlsx,2026-10-02T17:52:32+00:00,Sufi Washing Soap 250 gm Cake
Pakistan Bureau of Statistics,Monthly price,monthly,2026-09-01,140.0,1 Kg,Hyder-abad,https://www.pbs.gov.pk/wp-content/uploads/2020/07/SPI-Monthly-Prices-Annex-9.xlsx,2026-10-02T17:52:32+00:00,Sugar Refined
Pakistan Bureau of Statistics,Monthly price,monthly,2026-09-01,469.41,Each,Hyder-abad,https://www.pbs.gov.pk/wp-content/uploads/2020/07/SPI-Monthly-Prices-Annex-9.xlsx,2026-10-02T17:52:32+00:00,Tea Lipton Yellow Label 190 gm Packet
Pakistan Bureau of Statistics,Monthly price,monthly,2026-09-01,74.83,Per Cup,Hyder-abad,https://www.pbs.gov.pk/wp-content/uploads/2020/07/SPI-Monthly-Prices-Annex-9.xlsx,2026-10-02T17:52:32+00:00,Tea Prepared Ordinary
Pakistan Bureau of Statistics,Monthly price,monthly,2026-09-01,1.79,Per Minute,Hyder-abad,https://www.pbs.gov.pk/wp-content/uploads/2020/07/SPI-Monthly-Prices-Annex-9.xlsx,2026-10-02T17:52:32+00:00,Telephone Call Charges
Pakistan Bureau of Statistics,Monthly price,monthly,2026-09-01,136.02,Each,Hyder-abad,https://www.pbs.gov.pk/wp-content/uploads/2020/07/SPI-Monthly-Prices-Annex-9.xlsx,2026-10-02T17:52:32+00:00,Toilet Soap LIFEBUOY 115 gm
Pakistan Bureau of Statistics,Monthly price,monthly,2026-09-01,154.09,1 Kg,Hyder-abad,https://www.pbs.gov.pk/wp-content/uploads/2020/07/SPI-Monthly-Prices-Annex-9.xlsx,2026-10-02T17:52:32+00:00,Tomatoes
Pakistan Bureau of Statistics,Monthly price,monthly,2026-09-01,1115.68,Daily,Hyder-abad,https://www.pbs.gov.pk/wp-content/uploads/2020/07/SPI-Monthly-Prices-Annex-9.xlsx,2026-10-02T17:52:32+00:00,Unskilled Labour Wage Rate
Pakistan Bureau of Statistics,Monthly price,monthly,2026-09-01,1580.0,Each,Hyder-abad,https://www.pbs.gov.pk/wp-content/uploads/2020/07/SPI-Monthly-Prices-Annex-9.xlsx,2026-10-02T17:52:32+00:00,Vegetable Ghee DALDA/HABIB 2.5 kg Tin
Pakistan Bureau of Statistics,Monthly price,monthly,2026-09-01,615.0,Each,Hyder-abad,https://www.pbs.gov.pk/wp-content/uploads/2020/07/SPI-Monthly-Prices-Annex-9.xlsx,2026-10-02T17:52:32+00:00,Vegetable Ghee DALDA/HABIB or Other superior Quality 1 kg Pouch
Pakistan Bureau of Statistics,Monthly price,monthly,2026-09-01,2974.39,20 Kg,Hyder-abad,https://www.pbs.gov.pk/wp-content/uploads/2020/07/SPI-Monthly-Prices-Annex-9.xlsx,2026-10-02T17:52:32+00:00,Wheat Flour Bag
Pakistan Bureau of Statistics,Monthly price,monthly,2026-09-01,238.72,1 Dozen,Islam-abad,https://www.pbs.gov.pk/wp-content/uploads/2020/07/SPI-Monthly-Prices-Annex-9.xlsx,2026-10-02T17:52:32+00:00,Bananas (Kela) Local
Pakistan Bureau of Statistics,Monthly price,monthly,2026-09-01,1489.1,1 Kg,Islam-abad,https://www.pbs.gov.pk/wp-content/uploads/2020/07/SPI-Monthly-Prices-Annex-9.xlsx,2026-10-02T17:52:32+00:00,Beef with Bone (Average Quality)
Pakistan Bureau of Statistics,Monthly price,monthly,2026-09-01,120.0,Each,Islam-abad,https://www.pbs.gov.pk/wp-content/uploads/2020/07/SPI-Monthly-Prices-Annex-9.xlsx,2026-10-02T17:52:32+00:00,Bread plain (Small Size)
Pakistan Bureau of Statistics,Monthly price,monthly,2026-09-01,375.0,1 kg/1 Ltr,Islam-abad,https://www.pbs.gov.pk/wp-content/uploads/2020/07/SPI-Monthly-Prices-Annex-9.xlsx,2026-10-02T17:52:32+00:00,CNG
Pakistan Bureau of Statistics,Monthly price,monthly,2026-09-01,1516.68,Each,Islam-abad,https://www.pbs.gov.pk/wp-content/uploads/2020/07/SPI-Monthly-Prices-Annex-9.xlsx,2026-10-02T17:52:32+00:00,Cement (Local) 50 kg Bag
Pakistan Bureau of Statistics,Monthly price,monthly,2026-09-01,354.59,1 Kg,Islam-abad,https://www.pbs.gov.pk/wp-content/uploads/2020/07/SPI-Monthly-Prices-Annex-9.xlsx,2026-10-02T17:52:32+00:00,Chicken Farm Broiler (Live)
Pakistan Bureau of Statistics,Monthly price,monthly,2026-09-01,380.0,Each,Islam-abad,https://www.pbs.gov.pk/wp-content/uploads/2020/07/SPI-Monthly-Prices-Annex-9.xlsx,2026-10-02T17:52:32+00:00,Chilies Powder NATIONAL 200 gm Packet
Pakistan Bureau of Statistics,Monthly price,monthly,2026-09-01,250.0,Each,Islam-abad,https://www.pbs.gov.pk/wp-content/uploads/2020/07/SPI-Monthly-Prices-Annex-9.xlsx,2026-10-02T17:52:32+00:00,Cigarettes Capstan 20'S Packet
Pakistan Bureau of Statistics,Monthly price,monthly,2026-09-01,354.07,Per Plate,Islam-abad,https://www.pbs.gov.pk/wp-content/uploads/2020/07/SPI-Monthly-Prices-Annex-9.xlsx,2026-10-02T17:52:32+00:00,Cooked Beef at Average Hotel
Pakistan Bureau of Statistics,Monthly price,monthly,2026-09-01,241.4,Per Plate,Islam-abad,https://www.pbs.gov.pk/wp-content/uploads/2020/07/SPI-Monthly-Prices-Annex-9.xlsx,2026-10-02T17:52:32+00:00,Cooked Daal at Average Hotel
Pakistan Bureau of Statistics,Monthly price,monthly,2026-09-01,3090.0,Each,Islam-abad,https://www.pbs.gov.pk/wp-content/uploads/2020/07/SPI-Monthly-Prices-Annex-9.xlsx,2026-10-02T17:52:32+00:00,"Cooking Oil DALDA or Other Similar Brand (SN), 5 Litre Tin"
Pakistan Bureau of Statistics,Monthly price,monthly,2026-09-01,274.65,1 Kg,Islam-abad,https://www.pbs.gov.pk/wp-content/uploads/2020/07/SPI-Monthly-Prices-Annex-9.xlsx,2026-10-02T17:52:32+00:00,Curd (Dahi) Loose
Pakistan Bureau of Statistics,Monthly price,monthly,2026-09-01,254.92,1 Dozen,Islam-abad,https://www.pbs.gov.pk/wp-content/uploads/2020/07/SPI-Monthly-Prices-Annex-9.xlsx,2026-10-02T17:52:32+00:00,Eggs Hen (Farm)
Pakistan Bureau of Statistics,Monthly price,monthly,2026-09-01,487.0,P/Point,Islam-abad,https://www.pbs.gov.pk/wp-content/uploads/2020/07/SPI-Monthly-Prices-Annex-9.xlsx,2026-10-02T17:52:32+00:00,Electrician Charges
Pakistan Bureau of Statistics,Monthly price,monthly,2026-09-01,6.73,Per Unit,Islam-abad,https://www.pbs.gov.pk/wp-content/uploads/2020/07/SPI-Monthly-Prices-Annex-9.xlsx,2026-10-02T17:52:32+00:00,Electricity Charges upto 50 Units
Pakistan Bureau of Statistics,Monthly price,monthly,2026-09-01,276.63,Each,Islam-abad,https://www.pbs.gov.pk/wp-content/uploads/2020/07/SPI-Monthly-Prices-Annex-9.xlsx,2026-10-02T17:52:32+00:00,Energy Saver Philips 14 Watt
Pakistan Bureau of Statistics,Monthly price,monthly,2026-09-01,2139.27,40 Kg,Islam-abad,https://www.pbs.gov.pk/wp-content/uploads/2020/07/SPI-Monthly-Prices-Annex-9.xlsx,2026-10-02T17:52:32+00:00,Firewood Whole
Pakistan Bureau of Statistics,Monthly price,monthly,2026-09-01,428.58,1 Kg,Islam-abad,https://www.pbs.gov.pk/wp-content/uploads/2020/07/SPI-Monthly-Prices-Annex-9.xlsx,2026-10-02T17:52:32+00:00,Garlic (Lehsun)
Pakistan Bureau of Statistics,Monthly price,monthly,2026-09-01,2566.5,MMBTU,Islam-abad,https://www.pbs.gov.pk/wp-content/uploads/2020/07/SPI-Monthly-Prices-Annex-9.xlsx,2026-10-02T17:52:32+00:00,Gas Charges upto 3.3719 MMBTU
Pakistan Bureau of Statistics,Monthly price,monthly,2026-09-01,2499.0,Pair,Islam-abad,https://www.pbs.gov.pk/wp-content/uploads/2020/07/SPI-Monthly-Prices-Annex-9.xlsx,2026-10-02T17:52:32+00:00,Gents Sandal Bata
Pakistan Bureau of Statistics,Monthly price,monthly,2026-09-01,699.0,Pair,Islam-abad,https://www.pbs.gov.pk/wp-content/uploads/2020/07/SPI-Monthly-Prices-Annex-9.xlsx,2026-10-02T17:52:32+00:00,Gents Sponge Chappal Bata
Pakistan Bureau of Statistics,Monthly price,monthly,2026-09-01,424.51,1 mtr,Islam-abad,https://www.pbs.gov.pk/wp-content/uploads/2020/07/SPI-Monthly-Prices-Annex-9.xlsx,2026-10-02T17:52:32+00:00,Georgette (Average Quality)
Pakistan Bureau of Statistics,Monthly price,monthly,2026-09-01,267.97,1 Kg,Islam-abad,https://www.pbs.gov.pk/wp-content/uploads/2020/07/SPI-Monthly-Prices-Annex-9.xlsx,2026-10-02T17:52:32+00:00,Gur (Average Quality)
Pakistan Bureau of Statistics,Monthly price,monthly,2026-09-01,401.26,Per Litre,Islam-abad,https://www.pbs.gov.pk/wp-content/uploads/2020/07/SPI-Monthly-Prices-Annex-9.xlsx,2026-10-02T17:52:32+00:00,Hi-Speed Diesel
Pakistan Bureau of Statistics,Monthly price,monthly,2026-09-01,5249.58,Each,Islam-abad,https://www.pbs.gov.pk/wp-content/uploads/2020/07/SPI-Monthly-Prices-Annex-9.xlsx,2026-10-02T17:52:32+00:00,LPG 11.67 kg Cylinder
Pakistan Bureau of Statistics,Monthly price,monthly,2026-09-01,1499.0,Pair,Islam-abad,https://www.pbs.gov.pk/wp-content/uploads/2020/07/SPI-Monthly-Prices-Annex-9.xlsx,2026-10-02T17:52:32+00:00,Ladies Sandal Bata
Pakistan Bureau of Statistics,Monthly price,monthly,2026-09-01,662.12,1 mtr,Islam-abad,https://www.pbs.gov.pk/wp-content/uploads/2020/07/SPI-Monthly-Prices-Annex-9.xlsx,2026-10-02T17:52:32+00:00,Lawn Printed Gul Ahmed/Al Karam
Pakistan Bureau of Statistics,Monthly price,monthly,2026-09-01,773.97,1 mtr,Islam-abad,https://www.pbs.gov.pk/wp-content/uploads/2020/07/SPI-Monthly-Prices-Annex-9.xlsx,2026-10-02T17:52:32+00:00,"Long Cloth 57"" Gul Ahmed/Al Karam"
Pakistan Bureau of Statistics,Monthly price,monthly,2026-09-01,2440.11,Daily,Islam-abad,https://www.pbs.gov.pk/wp-content/uploads/2020/07/SPI-Monthly-Prices-Annex-9.xlsx,2026-10-02T17:52:32+00:00,Mason Wage Rate
Pakistan Bureau of Statistics,Monthly price,monthly,2026-09-01,6.0,Each,Islam-abad,https://www.pbs.gov.pk/wp-content/uploads/2020/07/SPI-Monthly-Prices-Annex-9.xlsx,2026-10-02T17:52:32+00:00,Match Box
Pakistan Bureau of Statistics,Monthly price,monthly,2026-09-01,252.12,1 Ltr,Islam-abad,https://www.pbs.gov.pk/wp-content/uploads/2020/07/SPI-Monthly-Prices-Annex-9.xlsx,2026-10-02T17:52:32+00:00,Milk fresh (Un-boiled)
Pakistan Bureau of Statistics,Monthly price,monthly,2026-09-01,686.46,1 Kg,Islam-abad,https://www.pbs.gov.pk/wp-content/uploads/2020/07/SPI-Monthly-Prices-Annex-9.xlsx,2026-10-02T17:52:32+00:00,Mustard Oil (Average Quality)
Pakistan Bureau of Statistics,Monthly price,monthly,2026-09-01,2849.49,1 Kg,Islam-abad,https://www.pbs.gov.pk/wp-content/uploads/2020/07/SPI-Monthly-Prices-Annex-9.xlsx,2026-10-02T17:52:32+00:00,Mutton (Average Quality)
Pakistan Bureau of Statistics,Monthly price,monthly,2026-09-01,237.32,1 Kg,Islam-abad,https://www.pbs.gov.pk/wp-content/uploads/2020/07/SPI-Monthly-Prices-Annex-9.xlsx,2026-10-02T17:52:32+00:00,Onions
Pakistan Bureau of Statistics,Monthly price,monthly,2026-09-01,2364.08,Per Day,Islam-abad,https://www.pbs.gov.pk/wp-content/uploads/2020/07/SPI-Monthly-Prices-Annex-9.xlsx,2026-10-02T17:52:32+00:00,Painter Wage Rate
Pakistan Bureau of Statistics,Monthly price,monthly,2026-09-01,374.88,Per Litre,Islam-abad,https://www.pbs.gov.pk/wp-content/uploads/2020/07/SPI-Monthly-Prices-Annex-9.xlsx,2026-10-02T17:52:32+00:00,Petrol Super
Pakistan Bureau of Statistics,Monthly price,monthly,2026-09-01,2238.23,Daily,Islam-abad,https://www.pbs.gov.pk/wp-content/uploads/2020/07/SPI-Monthly-Prices-Annex-9.xlsx,2026-10-02T17:52:32+00:00,Plumber Wage Rate
Pakistan Bureau of Statistics,Monthly price,monthly,2026-09-01,70.41,1 Kg,Islam-abad,https://www.pbs.gov.pk/wp-content/uploads/2020/07/SPI-Monthly-Prices-Annex-9.xlsx,2026-10-02T17:52:32+00:00,Potatoes
Pakistan Bureau of Statistics,Monthly price,monthly,2026-09-01,1180.77,Each,Islam-abad,https://www.pbs.gov.pk/wp-content/uploads/2020/07/SPI-Monthly-Prices-Annex-9.xlsx,2026-10-02T17:52:32+00:00,Powdered Milk NIDO 390 gm Polybag
Pakistan Bureau of Statistics,Monthly price,monthly,2026-09-01,311.3,1 Kg,Islam-abad,https://www.pbs.gov.pk/wp-content/uploads/2020/07/SPI-Monthly-Prices-Annex-9.xlsx,2026-10-02T17:52:32+00:00,Pulse Gram
Pakistan Bureau of Statistics,Monthly price,monthly,2026-09-01,512.99,1 Kg,Islam-abad,https://www.pbs.gov.pk/wp-content/uploads/2020/07/SPI-Monthly-Prices-Annex-9.xlsx,2026-10-02T17:52:32+00:00,Pulse Mash (Washed)
Pakistan Bureau of Statistics,Monthly price,monthly,2026-09-01,307.28,1 Kg,Islam-abad,https://www.pbs.gov.pk/wp-content/uploads/2020/07/SPI-Monthly-Prices-Annex-9.xlsx,2026-10-02T17:52:32+00:00,Pulse Masoor (Washed)
Pakistan Bureau of Statistics,Monthly price,monthly,2026-09-01,396.27,1 Kg,Islam-abad,https://www.pbs.gov.pk/wp-content/uploads/2020/07/SPI-Monthly-Prices-Annex-9.xlsx,2026-10-02T17:52:32+00:00,Pulse Moong (Washed)
Pakistan Bureau of Statistics,Monthly price,monthly,2026-09-01,274.83,1 Kg,Islam-abad,https://www.pbs.gov.pk/wp-content/uploads/2020/07/SPI-Monthly-Prices-Annex-9.xlsx,2026-10-02T17:52:32+00:00,Rice Basmati Broken (Average Quality)
Pakistan Bureau of Statistics,Monthly price,monthly,2026-09-01,178.64,1 Kg,Islam-abad,https://www.pbs.gov.pk/wp-content/uploads/2020/07/SPI-Monthly-Prices-Annex-9.xlsx,2026-10-02T17:52:32+00:00,Rice IRRI-6/9 (Sindh/Punjab)
Pakistan Bureau of Statistics,Monthly price,monthly,2026-09-01,60.0,Each,Islam-abad,https://www.pbs.gov.pk/wp-content/uploads/2020/07/SPI-Monthly-Prices-Annex-9.xlsx,2026-10-02T17:52:32+00:00,Salt Powdered (NATIONAL/SHAN) 800 gm Packet
Pakistan Bureau of Statistics,Monthly price,monthly,2026-09-01,724.24,1 mtr,Islam-abad,https://www.pbs.gov.pk/wp-content/uploads/2020/07/SPI-Monthly-Prices-Annex-9.xlsx,2026-10-02T17:52:32+00:00,Shirting (Average Quality)
Pakistan Bureau of Statistics,Monthly price,monthly,2026-09-01,150.81,Each,Islam-abad,https://www.pbs.gov.pk/wp-content/uploads/2020/07/SPI-Monthly-Prices-Annex-9.xlsx,2026-10-02T17:52:32+00:00,Sufi Washing Soap 250 gm Cake
Pakistan Bureau of Statistics,Monthly price,monthly,2026-09-01,150.0,1 Kg,Islam-abad,https://www.pbs.gov.pk/wp-content/uploads/2020/07/SPI-Monthly-Prices-Annex-9.xlsx,2026-10-02T17:52:32+00:00,Sugar Refined
Pakistan Bureau of Statistics,Monthly price,monthly,2026-09-01,469.41,Each,Islam-abad,https://www.pbs.gov.pk/wp-content/uploads/2020/07/SPI-Monthly-Prices-Annex-9.xlsx,2026-10-02T17:52:32+00:00,Tea Lipton Yellow Label 190 gm Packet
Pakistan Bureau of Statistics,Monthly price,monthly,2026-09-01,73.19,Per Cup,Islam-abad,https://www.pbs.gov.pk/wp-content/uploads/2020/07/SPI-Monthly-Prices-Annex-9.xlsx,2026-10-02T17:52:32+00:00,Tea Prepared Ordinary
Pakistan Bureau of Statistics,Monthly price,monthly,2026-09-01,1.79,Per Minute,Islam-abad,https://www.pbs.gov.pk/wp-content/uploads/2020/07/SPI-Monthly-Prices-Annex-9.xlsx,2026-10-02T17:52:32+00:00,Telephone Call Charges
Pakistan Bureau of Statistics,Monthly price,monthly,2026-09-01,136.02,Each,Islam-abad,https://www.pbs.gov.pk/wp-content/uploads/2020/07/SPI-Monthly-Prices-Annex-9.xlsx,2026-10-02T17:52:32+00:00,Toilet Soap LIFEBUOY 115 gm
Pakistan Bureau of Statistics,Monthly price,monthly,2026-09-01,233.71,1 Kg,Islam-abad,https://www.pbs.gov.pk/wp-content/uploads/2020/07/SPI-Monthly-Prices-Annex-9.xlsx,2026-10-02T17:52:32+00:00,Tomatoes
Pakistan Bureau of Statistics,Monthly price,monthly,2026-09-01,1500.0,Daily,Islam-abad,https://www.pbs.gov.pk/wp-content/uploads/2020/07/SPI-Monthly-Prices-Annex-9.xlsx,2026-10-02T17:52:32+00:00,Unskilled Labour Wage Rate
Pakistan Bureau of Statistics,Monthly price,monthly,2026-09-01,1580.0,Each,Islam-abad,https://www.pbs.gov.pk/wp-content/uploads/2020/07/SPI-Monthly-Prices-Annex-9.xlsx,2026-10-02T17:52:32+00:00,Vegetable Ghee DALDA/HABIB 2.5 kg Tin
Pakistan Bureau of Statistics,Monthly price,monthly,2026-09-01,615.0,Each,Islam-abad,https://www.pbs.gov.pk/wp-content/uploads/2020/07/SPI-Monthly-Prices-Annex-9.xlsx,2026-10-02T17:52:32+00:00,Vegetable Ghee DALDA/HABIB or Other superior Quality 1 kg Pouch
Pakistan Bureau of Statistics,Monthly price,monthly,2026-09-01,3001.5,20 Kg,Islam-abad,https://www.pbs.gov.pk/wp-content/uploads/2020/07/SPI-Monthly-Prices-Annex-9.xlsx,2026-10-02T17:52:32+00:00,Wheat Flour Bag
Pakistan Bureau of Statistics,Monthly price,monthly,2026-09-01,129.64,1 Dozen,Karachi,https://www.pbs.gov.pk/wp-content/uploads/2020/07/SPI-Monthly-Prices-Annex-9.xlsx,2026-10-02T17:52:32+00:00,Bananas (Kela) Local
Pakistan Bureau of Statistics,Monthly price,monthly,2026-09-01,1453.52,1 Kg,Karachi,https://www.pbs.gov.pk/wp-content/uploads/2020/07/SPI-Monthly-Prices-Annex-9.xlsx,2026-10-02T17:52:32+00:00,Beef with Bone (Average Quality)
Pakistan Bureau of Statistics,Monthly price,monthly,2026-09-01,133.78,Each,Karachi,https://www.pbs.gov.pk/wp-content/uploads/2020/07/SPI-Monthly-Prices-Annex-9.xlsx,2026-10-02T17:52:32+00:00,Bread plain (Small Size)
Pakistan Bureau of Statistics,Monthly price,monthly,2026-09-01,318.26,1 kg/1 Ltr,Karachi,https://www.pbs.gov.pk/wp-content/uploads/2020/07/SPI-Monthly-Prices-Annex-9.xlsx,2026-10-02T17:52:32+00:00,CNG
Pakistan Bureau of Statistics,Monthly price,monthly,2026-09-01,1470.18,Each,Karachi,https://www.pbs.gov.pk/wp-content/uploads/2020/07/SPI-Monthly-Prices-Annex-9.xlsx,2026-10-02T17:52:32+00:00,Cement (Local) 50 kg Bag
Pakistan Bureau of Statistics,Monthly price,monthly,2026-09-01,350.03,1 Kg,Karachi,https://www.pbs.gov.pk/wp-content/uploads/2020/07/SPI-Monthly-Prices-Annex-9.xlsx,2026-10-02T17:52:32+00:00,Chicken Farm Broiler (Live)
Pakistan Bureau of Statistics,Monthly price,monthly,2026-09-01,380.0,Each,Karachi,https://www.pbs.gov.pk/wp-content/uploads/2020/07/SPI-Monthly-Prices-Annex-9.xlsx,2026-10-02T17:52:32+00:00,Chilies Powder NATIONAL 200 gm Packet
Pakistan Bureau of Statistics,Monthly price,monthly,2026-09-01,253.89,Each,Karachi,https://www.pbs.gov.pk/wp-content/uploads/2020/07/SPI-Monthly-Prices-Annex-9.xlsx,2026-10-02T17:52:32+00:00,Cigarettes Capstan 20'S Packet
Pakistan Bureau of Statistics,Monthly price,monthly,2026-09-01,373.12,Per Plate,Karachi,https://www.pbs.gov.pk/wp-content/uploads/2020/07/SPI-Monthly-Prices-Annex-9.xlsx,2026-10-02T17:52:32+00:00,Cooked Beef at Average Hotel
Pakistan Bureau of Statistics,Monthly price,monthly,2026-09-01,189.11,Per Plate,Karachi,https://www.pbs.gov.pk/wp-content/uploads/2020/07/SPI-Monthly-Prices-Annex-9.xlsx,2026-10-02T17:52:32+00:00,Cooked Daal at Average Hotel
Pakistan Bureau of Statistics,Monthly price,monthly,2026-09-01,3077.47,Each,Karachi,https://www.pbs.gov.pk/wp-content/uploads/2020/07/SPI-Monthly-Prices-Annex-9.xlsx,2026-10-02T17:52:32+00:00,"Cooking Oil DALDA or Other Similar Brand (SN), 5 Litre Tin"
Pakistan Bureau of Statistics,Monthly price,monthly,2026-09-01,364.06,1 Kg,Karachi,https://www.pbs.gov.pk/wp-content/uploads/2020/07/SPI-Monthly-Prices-Annex-9.xlsx,2026-10-02T17:52:32+00:00,Curd (Dahi) Loose
Pakistan Bureau of Statistics,Monthly price,monthly,2026-09-01,259.82,1 Dozen,Karachi,https://www.pbs.gov.pk/wp-content/uploads/2020/07/SPI-Monthly-Prices-Annex-9.xlsx,2026-10-02T17:52:32+00:00,Eggs Hen (Farm)
Pakistan Bureau of Statistics,Monthly price,monthly,2026-09-01,400.28,P/Point,Karachi,https://www.pbs.gov.pk/wp-content/uploads/2020/07/SPI-Monthly-Prices-Annex-9.xlsx,2026-10-02T17:52:32+00:00,Electrician Charges
Pakistan Bureau of Statistics,Monthly price,monthly,2026-09-01,6.73,Per Unit,Karachi,https://www.pbs.gov.pk/wp-content/uploads/2020/07/SPI-Monthly-Prices-Annex-9.xlsx,2026-10-02T17:52:32+00:00,Electricity Charges upto 50 Units
Pakistan Bureau of Statistics,Monthly price,monthly,2026-09-01,350.0,Each,Karachi,https://www.pbs.gov.pk/wp-content/uploads/2020/07/SPI-Monthly-Prices-Annex-9.xlsx,2026-10-02T17:52:32+00:00,Energy Saver Philips 14 Watt
Pakistan Bureau of Statistics,Monthly price,monthly,2026-09-01,1395.13,40 Kg,Karachi,https://www.pbs.gov.pk/wp-content/uploads/2020/07/SPI-Monthly-Prices-Annex-9.xlsx,2026-10-02T17:52:32+00:00,Firewood Whole
Pakistan Bureau of Statistics,Monthly price,monthly,2026-09-01,406.74,1 Kg,Karachi,https://www.pbs.gov.pk/wp-content/uploads/2020/07/SPI-Monthly-Prices-Annex-9.xlsx,2026-10-02T17:52:32+00:00,Garlic (Lehsun)
Pakistan Bureau of Statistics,Monthly price,monthly,2026-09-01,2566.5,MMBTU,Karachi,https://www.pbs.gov.pk/wp-content/uploads/2020/07/SPI-Monthly-Prices-Annex-9.xlsx,2026-10-02T17:52:32+00:00,Gas Charges upto 3.3719 MMBTU
Pakistan Bureau of Statistics,Monthly price,monthly,2026-09-01,2499.0,Pair,Karachi,https://www.pbs.gov.pk/wp-content/uploads/2020/07/SPI-Monthly-Prices-Annex-9.xlsx,2026-10-02T17:52:32+00:00,Gents Sandal Bata
Pakistan Bureau of Statistics,Monthly price,monthly,2026-09-01,699.0,Pair,Karachi,https://www.pbs.gov.pk/wp-content/uploads/2020/07/SPI-Monthly-Prices-Annex-9.xlsx,2026-10-02T17:52:32+00:00,Gents Sponge Chappal Bata
Pakistan Bureau of Statistics,Monthly price,monthly,2026-09-01,387.9,1 mtr,Karachi,https://www.pbs.gov.pk/wp-content/uploads/2020/07/SPI-Monthly-Prices-Annex-9.xlsx,2026-10-02T17:52:32+00:00,Georgette (Average Quality)
Pakistan Bureau of Statistics,Monthly price,monthly,2026-09-01,264.2,1 Kg,Karachi,https://www.pbs.gov.pk/wp-content/uploads/2020/07/SPI-Monthly-Prices-Annex-9.xlsx,2026-10-02T17:52:32+00:00,Gur (Average Quality)
Pakistan Bureau of Statistics,Monthly price,monthly,2026-09-01,401.14,Per Litre,Karachi,https://www.pbs.gov.pk/wp-content/uploads/2020/07/SPI-Monthly-Prices-Annex-9.xlsx,2026-10-02T17:52:32+00:00,Hi-Speed Diesel
Pakistan Bureau of Statistics,Monthly price,monthly,2026-09-01,4622.15,Each,Karachi,https://www.pbs.gov.pk/wp-content/uploads/2020/07/SPI-Monthly-Prices-Annex-9.xlsx,2026-10-02T17:52:32+00:00,LPG 11.67 kg Cylinder
Pakistan Bureau of Statistics,Monthly price,monthly,2026-09-01,1499.0,Pair,Karachi,https://www.pbs.gov.pk/wp-content/uploads/2020/07/SPI-Monthly-Prices-Annex-9.xlsx,2026-10-02T17:52:32+00:00,Ladies Sandal Bata
Pakistan Bureau of Statistics,Monthly price,monthly,2026-09-01,722.3,1 mtr,Karachi,https://www.pbs.gov.pk/wp-content/uploads/2020/07/SPI-Monthly-Prices-Annex-9.xlsx,2026-10-02T17:52:32+00:00,Lawn Printed Gul Ahmed/Al Karam
Pakistan Bureau of Statistics,Monthly price,monthly,2026-09-01,732.95,1 mtr,Karachi,https://www.pbs.gov.pk/wp-content/uploads/2020/07/SPI-Monthly-Prices-Annex-9.xlsx,2026-10-02T17:52:32+00:00,"Long Cloth 57"" Gul Ahmed/Al Karam"
Pakistan Bureau of Statistics,Monthly price,monthly,2026-09-01,2481.51,Daily,Karachi,https://www.pbs.gov.pk/wp-content/uploads/2020/07/SPI-Monthly-Prices-Annex-9.xlsx,2026-10-02T17:52:32+00:00,Mason Wage Rate
Pakistan Bureau of Statistics,Monthly price,monthly,2026-09-01,7.0,Each,Karachi,https://www.pbs.gov.pk/wp-content/uploads/2020/07/SPI-Monthly-Prices-Annex-9.xlsx,2026-10-02T17:52:32+00:00,Match Box
Pakistan Bureau of Statistics,Monthly price,monthly,2026-09-01,240.0,1 Ltr,Karachi,https://www.pbs.gov.pk/wp-content/uploads/2020/07/SPI-Monthly-Prices-Annex-9.xlsx,2026-10-02T17:52:32+00:00,Milk fresh (Un-boiled)
Pakistan Bureau of Statistics,Monthly price,monthly,2026-09-01,569.21,1 Kg,Karachi,https://www.pbs.gov.pk/wp-content/uploads/2020/07/SPI-Monthly-Prices-Annex-9.xlsx,2026-10-02T17:52:32+00:00,Mustard Oil (Average Quality)
Pakistan Bureau of Statistics,Monthly price,monthly,2026-09-01,2496.6,1 Kg,Karachi,https://www.pbs.gov.pk/wp-content/uploads/2020/07/SPI-Monthly-Prices-Annex-9.xlsx,2026-10-02T17:52:32+00:00,Mutton (Average Quality)
Pakistan Bureau of Statistics,Monthly price,monthly,2026-09-01,188.91,1 Kg,Karachi,https://www.pbs.gov.pk/wp-content/uploads/2020/07/SPI-Monthly-Prices-Annex-9.xlsx,2026-10-02T17:52:32+00:00,Onions
Pakistan Bureau of Statistics,Monthly price,monthly,2026-09-01,1726.69,Per Day,Karachi,https://www.pbs.gov.pk/wp-content/uploads/2020/07/SPI-Monthly-Prices-Annex-9.xlsx,2026-10-02T17:52:32+00:00,Painter Wage Rate
Pakistan Bureau of Statistics,Monthly price,monthly,2026-09-01,374.74,Per Litre,Karachi,https://www.pbs.gov.pk/wp-content/uploads/2020/07/SPI-Monthly-Prices-Annex-9.xlsx,2026-10-02T17:52:32+00:00,Petrol Super
Pakistan Bureau of Statistics,Monthly price,monthly,2026-09-01,2365.63,Daily,Karachi,https://www.pbs.gov.pk/wp-content/uploads/2020/07/SPI-Monthly-Prices-Annex-9.xlsx,2026-10-02T17:52:32+00:00,Plumber Wage Rate
Pakistan Bureau of Statistics,Monthly price,monthly,2026-09-01,59.45,1 Kg,Karachi,https://www.pbs.gov.pk/wp-content/uploads/2020/07/SPI-Monthly-Prices-Annex-9.xlsx,2026-10-02T17:52:32+00:00,Potatoes
Pakistan Bureau of Statistics,Monthly price,monthly,2026-09-01,1145.7,Each,Karachi,https://www.pbs.gov.pk/wp-content/uploads/2020/07/SPI-Monthly-Prices-Annex-9.xlsx,2026-10-02T17:52:32+00:00,Powdered Milk NIDO 390 gm Polybag
Pakistan Bureau of Statistics,Monthly price,monthly,2026-09-01,266.71,1 Kg,Karachi,https://www.pbs.gov.pk/wp-content/uploads/2020/07/SPI-Monthly-Prices-Annex-9.xlsx,2026-10-02T17:52:32+00:00,Pulse Gram
Pakistan Bureau of Statistics,Monthly price,monthly,2026-09-01,446.45,1 Kg,Karachi,https://www.pbs.gov.pk/wp-content/uploads/2020/07/SPI-Monthly-Prices-Annex-9.xlsx,2026-10-02T17:52:32+00:00,Pulse Mash (Washed)
Pakistan Bureau of Statistics,Monthly price,monthly,2026-09-01,269.97,1 Kg,Karachi,https://www.pbs.gov.pk/wp-content/uploads/2020/07/SPI-Monthly-Prices-Annex-9.xlsx,2026-10-02T17:52:32+00:00,Pulse Masoor (Washed)
Pakistan Bureau of Statistics,Monthly price,monthly,2026-09-01,355.34,1 Kg,Karachi,https://www.pbs.gov.pk/wp-content/uploads/2020/07/SPI-Monthly-Prices-Annex-9.xlsx,2026-10-02T17:52:32+00:00,Pulse Moong (Washed)
Pakistan Bureau of Statistics,Monthly price,monthly,2026-09-01,283.24,1 Kg,Karachi,https://www.pbs.gov.pk/wp-content/uploads/2020/07/SPI-Monthly-Prices-Annex-9.xlsx,2026-10-02T17:52:32+00:00,Rice Basmati Broken (Average Quality)
Pakistan Bureau of Statistics,Monthly price,monthly,2026-09-01,175.45,1 Kg,Karachi,https://www.pbs.gov.pk/wp-content/uploads/2020/07/SPI-Monthly-Prices-Annex-9.xlsx,2026-10-02T17:52:32+00:00,Rice IRRI-6/9 (Sindh/Punjab)
Pakistan Bureau of Statistics,Monthly price,monthly,2026-09-01,67.01,Each,Karachi,https://www.pbs.gov.pk/wp-content/uploads/2020/07/SPI-Monthly-Prices-Annex-9.xlsx,2026-10-02T17:52:32+00:00,Salt Powdered (NATIONAL/SHAN) 800 gm Packet
Pakistan Bureau of Statistics,Monthly price,monthly,2026-09-01,651.71,1 mtr,Karachi,https://www.pbs.gov.pk/wp-content/uploads/2020/07/SPI-Monthly-Prices-Annex-9.xlsx,2026-10-02T17:52:32+00:00,Shirting (Average Quality)
Pakistan Bureau of Statistics,Monthly price,monthly,2026-09-01,149.14,Each,Karachi,https://www.pbs.gov.pk/wp-content/uploads/2020/07/SPI-Monthly-Prices-Annex-9.xlsx,2026-10-02T17:52:32+00:00,Sufi Washing Soap 250 gm Cake
Pakistan Bureau of Statistics,Monthly price,monthly,2026-09-01,148.46,1 Kg,Karachi,https://www.pbs.gov.pk/wp-content/uploads/2020/07/SPI-Monthly-Prices-Annex-9.xlsx,2026-10-02T17:52:32+00:00,Sugar Refined
Pakistan Bureau of Statistics,Monthly price,monthly,2026-09-01,468.72,Each,Karachi,https://www.pbs.gov.pk/wp-content/uploads/2020/07/SPI-Monthly-Prices-Annex-9.xlsx,2026-10-02T17:52:32+00:00,Tea Lipton Yellow Label 190 gm Packet
Pakistan Bureau of Statistics,Monthly price,monthly,2026-09-01,70.85,Per Cup,Karachi,https://www.pbs.gov.pk/wp-content/uploads/2020/07/SPI-Monthly-Prices-Annex-9.xlsx,2026-10-02T17:52:32+00:00,Tea Prepared Ordinary
Pakistan Bureau of Statistics,Monthly price,monthly,2026-09-01,1.79,Per Minute,Karachi,https://www.pbs.gov.pk/wp-content/uploads/2020/07/SPI-Monthly-Prices-Annex-9.xlsx,2026-10-02T17:52:32+00:00,Telephone Call Charges
Pakistan Bureau of Statistics,Monthly price,monthly,2026-09-01,136.0,Each,Karachi,https://www.pbs.gov.pk/wp-content/uploads/2020/07/SPI-Monthly-Prices-Annex-9.xlsx,2026-10-02T17:52:32+00:00,Toilet Soap LIFEBUOY 115 gm
Pakistan Bureau of Statistics,Monthly price,monthly,2026-09-01,169.96,1 Kg,Karachi,https://www.pbs.gov.pk/wp-content/uploads/2020/07/SPI-Monthly-Prices-Annex-9.xlsx,2026-10-02T17:52:32+00:00,Tomatoes
Pakistan Bureau of Statistics,Monthly price,monthly,2026-09-01,1477.52,Daily,Karachi,https://www.pbs.gov.pk/wp-content/uploads/2020/07/SPI-Monthly-Prices-Annex-9.xlsx,2026-10-02T17:52:32+00:00,Unskilled Labour Wage Rate
Pakistan Bureau of Statistics,Monthly price,monthly,2026-09-01,1572.48,Each,Karachi,https://www.pbs.gov.pk/wp-content/uploads/2020/07/SPI-Monthly-Prices-Annex-9.xlsx,2026-10-02T17:52:32+00:00,Vegetable Ghee DALDA/HABIB 2.5 kg Tin
Pakistan Bureau of Statistics,Monthly price,monthly,2026-09-01,615.0,Each,Karachi,https://www.pbs.gov.pk/wp-content/uploads/2020/07/SPI-Monthly-Prices-Annex-9.xlsx,2026-10-02T17:52:32+00:00,Vegetable Ghee DALDA/HABIB or Other superior Quality 1 kg Pouch
Pakistan Bureau of Statistics,Monthly price,monthly,2026-09-01,3051.44,20 Kg,Karachi,https://www.pbs.gov.pk/wp-content/uploads/2020/07/SPI-Monthly-Prices-Annex-9.xlsx,2026-10-02T17:52:32+00:00,Wheat Flour Bag
Pakistan Bureau of Statistics,Monthly price,monthly,2026-09-01,150.0,1 Dozen,Khuz-dar,https://www.pbs.gov.pk/wp-content/uploads/2020/07/SPI-Monthly-Prices-Annex-9.xlsx,2026-10-02T17:52:32+00:00,Bananas (Kela) Local
Pakistan Bureau of Statistics,Monthly price,monthly,2026-09-01,1200.0,1 Kg,Khuz-dar,https://www.pbs.gov.pk/wp-content/uploads/2020/07/SPI-Monthly-Prices-Annex-9.xlsx,2026-10-02T17:52:32+00:00,Beef with Bone (Average Quality)
Pakistan Bureau of Statistics,Monthly price,monthly,2026-09-01,110.0,Each,Khuz-dar,https://www.pbs.gov.pk/wp-content/uploads/2020/07/SPI-Monthly-Prices-Annex-9.xlsx,2026-10-02T17:52:32+00:00,Bread plain (Small Size)
Pakistan Bureau of Statistics,Monthly price,monthly,2026-09-01,1600.0,Each,Khuz-dar,https://www.pbs.gov.pk/wp-content/uploads/2020/07/SPI-Monthly-Prices-Annex-9.xlsx,2026-10-02T17:52:32+00:00,Cement (Local) 50 kg Bag
Pakistan Bureau of Statistics,Monthly price,monthly,2026-09-01,409.62,1 Kg,Khuz-dar,https://www.pbs.gov.pk/wp-content/uploads/2020/07/SPI-Monthly-Prices-Annex-9.xlsx,2026-10-02T17:52:32+00:00,Chicken Farm Broiler (Live)
Pakistan Bureau of Statistics,Monthly price,monthly,2026-09-01,320.0,Each,Khuz-dar,https://www.pbs.gov.pk/wp-content/uploads/2020/07/SPI-Monthly-Prices-Annex-9.xlsx,2026-10-02T17:52:32+00:00,Chilies Powder NATIONAL 200 gm Packet
Pakistan Bureau of Statistics,Monthly price,monthly,2026-09-01,250.0,Each,Khuz-dar,https://www.pbs.gov.pk/wp-content/uploads/2020/07/SPI-Monthly-Prices-Annex-9.xlsx,2026-10-02T17:52:32+00:00,Cigarettes Capstan 20'S Packet
Pakistan Bureau of Statistics,Monthly price,monthly,2026-09-01,343.2,Per Plate,Khuz-dar,https://www.pbs.gov.pk/wp-content/uploads/2020/07/SPI-Monthly-Prices-Annex-9.xlsx,2026-10-02T17:52:32+00:00,Cooked Beef at Average Hotel
Pakistan Bureau of Statistics,Monthly price,monthly,2026-09-01,193.1,Per Plate,Khuz-dar,https://www.pbs.gov.pk/wp-content/uploads/2020/07/SPI-Monthly-Prices-Annex-9.xlsx,2026-10-02T17:52:32+00:00,Cooked Daal at Average Hotel
Pakistan Bureau of Statistics,Monthly price,monthly,2026-09-01,3065.0,Each,Khuz-dar,https://www.pbs.gov.pk/wp-content/uploads/2020/07/SPI-Monthly-Prices-Annex-9.xlsx,2026-10-02T17:52:32+00:00,"Cooking Oil DALDA or Other Similar Brand (SN), 5 Litre Tin"
Pakistan Bureau of Statistics,Monthly price,monthly,2026-09-01,233.14,1 Kg,Khuz-dar,https://www.pbs.gov.pk/wp-content/uploads/2020/07/SPI-Monthly-Prices-Annex-9.xlsx,2026-10-02T17:52:32+00:00,Curd (Dahi) Loose
Pakistan Bureau of Statistics,Monthly price,monthly,2026-09-01,17322.31,50 Kg,Khuz-dar,https://www.pbs.gov.pk/wp-content/uploads/2020/07/SPI-Monthly-Prices-Annex-9.xlsx,2026-10-02T17:52:32+00:00,DIA Amun. Phosphate
Pakistan Bureau of Statistics,Monthly price,monthly,2026-09-01,278.98,1 Dozen,Khuz-dar,https://www.pbs.gov.pk/wp-content/uploads/2020/07/SPI-Monthly-Prices-Annex-9.xlsx,2026-10-02T17:52:32+00:00,Eggs Hen (Farm)
Pakistan Bureau of Statistics,Monthly price,monthly,2026-09-01,293.18,P/Point,Khuz-dar,https://www.pbs.gov.pk/wp-content/uploads/2020/07/SPI-Monthly-Prices-Annex-9.xlsx,2026-10-02T17:52:32+00:00,Electrician Charges
Pakistan Bureau of Statistics,Monthly price,monthly,2026-09-01,6.73,Per Unit,Khuz-dar,https://www.pbs.gov.pk/wp-content/uploads/2020/07/SPI-Monthly-Prices-Annex-9.xlsx,2026-10-02T17:52:32+00:00,Electricity Charges upto 50 Units
Pakistan Bureau of Statistics,Monthly price,monthly,2026-09-01,580.0,Each,Khuz-dar,https://www.pbs.gov.pk/wp-content/uploads/2020/07/SPI-Monthly-Prices-Annex-9.xlsx,2026-10-02T17:52:32+00:00,Energy Saver Philips 14 Watt
Pakistan Bureau of Statistics,Monthly price,monthly,2026-09-01,1065.6,40 Kg,Khuz-dar,https://www.pbs.gov.pk/wp-content/uploads/2020/07/SPI-Monthly-Prices-Annex-9.xlsx,2026-10-02T17:52:32+00:00,Firewood Whole
Pakistan Bureau of Statistics,Monthly price,monthly,2026-09-01,600.0,1 Kg,Khuz-dar,https://www.pbs.gov.pk/wp-content/uploads/2020/07/SPI-Monthly-Prices-Annex-9.xlsx,2026-10-02T17:52:32+00:00,Garlic (Lehsun)
Pakistan Bureau of Statistics,Monthly price,monthly,2026-09-01,2566.5,MMBTU,Khuz-dar,https://www.pbs.gov.pk/wp-content/uploads/2020/07/SPI-Monthly-Prices-Annex-9.xlsx,2026-10-02T17:52:32+00:00,Gas Charges upto 3.3719 MMBTU
Pakistan Bureau of Statistics,Monthly price,monthly,2026-09-01,2499.0,Pair,Khuz-dar,https://www.pbs.gov.pk/wp-content/uploads/2020/07/SPI-Monthly-Prices-Annex-9.xlsx,2026-10-02T17:52:32+00:00,Gents Sandal Bata
Pakistan Bureau of Statistics,Monthly price,monthly,2026-09-01,699.0,Pair,Khuz-dar,https://www.pbs.gov.pk/wp-content/uploads/2020/07/SPI-Monthly-Prices-Annex-9.xlsx,2026-10-02T17:52:32+00:00,Gents Sponge Chappal Bata
Pakistan Bureau of Statistics,Monthly price,monthly,2026-09-01,282.31,1 mtr,Khuz-dar,https://www.pbs.gov.pk/wp-content/uploads/2020/07/SPI-Monthly-Prices-Annex-9.xlsx,2026-10-02T17:52:32+00:00,Georgette (Average Quality)
Pakistan Bureau of Statistics,Monthly price,monthly,2026-09-01,246.62,1 Kg,Khuz-dar,https://www.pbs.gov.pk/wp-content/uploads/2020/07/SPI-Monthly-Prices-Annex-9.xlsx,2026-10-02T17:52:32+00:00,Gur (Average Quality)
Pakistan Bureau of Statistics,Monthly price,monthly,2026-09-01,401.15,Per Litre,Khuz-dar,https://www.pbs.gov.pk/wp-content/uploads/2020/07/SPI-Monthly-Prices-Annex-9.xlsx,2026-10-02T17:52:32+00:00,Hi-Speed Diesel
Pakistan Bureau of Statistics,Monthly price,monthly,2026-09-01,4750.69,Each,Khuz-dar,https://www.pbs.gov.pk/wp-content/uploads/2020/07/SPI-Monthly-Prices-Annex-9.xlsx,2026-10-02T17:52:32+00:00,LPG 11.67 kg Cylinder
Pakistan Bureau of Statistics,Monthly price,monthly,2026-09-01,1499.0,Pair,Khuz-dar,https://www.pbs.gov.pk/wp-content/uploads/2020/07/SPI-Monthly-Prices-Annex-9.xlsx,2026-10-02T17:52:32+00:00,Ladies Sandal Bata
Pakistan Bureau of Statistics,Monthly price,monthly,2026-09-01,400.0,1 mtr,Khuz-dar,https://www.pbs.gov.pk/wp-content/uploads/2020/07/SPI-Monthly-Prices-Annex-9.xlsx,2026-10-02T17:52:32+00:00,Lawn Printed Gul Ahmed/Al Karam
Pakistan Bureau of Statistics,Monthly price,monthly,2026-09-01,400.0,1 mtr,Khuz-dar,https://www.pbs.gov.pk/wp-content/uploads/2020/07/SPI-Monthly-Prices-Annex-9.xlsx,2026-10-02T17:52:32+00:00,"Long Cloth 57"" Gul Ahmed/Al Karam"
Pakistan Bureau of Statistics,Monthly price,monthly,2026-09-01,1766.03,Daily,Khuz-dar,https://www.pbs.gov.pk/wp-content/uploads/2020/07/SPI-Monthly-Prices-Annex-9.xlsx,2026-10-02T17:52:32+00:00,Mason Wage Rate
Pakistan Bureau of Statistics,Monthly price,monthly,2026-09-01,5.0,Each,Khuz-dar,https://www.pbs.gov.pk/wp-content/uploads/2020/07/SPI-Monthly-Prices-Annex-9.xlsx,2026-10-02T17:52:32+00:00,Match Box
Pakistan Bureau of Statistics,Monthly price,monthly,2026-09-01,226.47,1 Ltr,Khuz-dar,https://www.pbs.gov.pk/wp-content/uploads/2020/07/SPI-Monthly-Prices-Annex-9.xlsx,2026-10-02T17:52:32+00:00,Milk fresh (Un-boiled)
Pakistan Bureau of Statistics,Monthly price,monthly,2026-09-01,600.0,1 Kg,Khuz-dar,https://www.pbs.gov.pk/wp-content/uploads/2020/07/SPI-Monthly-Prices-Annex-9.xlsx,2026-10-02T17:52:32+00:00,Mustard Oil (Average Quality)
Pakistan Bureau of Statistics,Monthly price,monthly,2026-09-01,2395.71,1 Kg,Khuz-dar,https://www.pbs.gov.pk/wp-content/uploads/2020/07/SPI-Monthly-Prices-Annex-9.xlsx,2026-10-02T17:52:32+00:00,Mutton (Average Quality)
Pakistan Bureau of Statistics,Monthly price,monthly,2026-09-01,12831.15,50 Kg,Khuz-dar,https://www.pbs.gov.pk/wp-content/uploads/2020/07/SPI-Monthly-Prices-Annex-9.xlsx,2026-10-02T17:52:32+00:00,Nitro. Phosph. & Pot. (Npk)
Pakistan Bureau of Statistics,Monthly price,monthly,2026-09-01,200.0,1 Kg,Khuz-dar,https://www.pbs.gov.pk/wp-content/uploads/2020/07/SPI-Monthly-Prices-Annex-9.xlsx,2026-10-02T17:52:32+00:00,Onions
Pakistan Bureau of Statistics,Monthly price,monthly,2026-09-01,4633.27,50 Kg,Khuz-dar,https://www.pbs.gov.pk/wp-content/uploads/2020/07/SPI-Monthly-Prices-Annex-9.xlsx,2026-10-02T17:52:32+00:00,"Other Urea (Tara, Sarsabz, Shandar etc)"
Pakistan Bureau of Statistics,Monthly price,monthly,2026-09-01,1500.0,Per Day,Khuz-dar,https://www.pbs.gov.pk/wp-content/uploads/2020/07/SPI-Monthly-Prices-Annex-9.xlsx,2026-10-02T17:52:32+00:00,Painter Wage Rate
Pakistan Bureau of Statistics,Monthly price,monthly,2026-09-01,374.61,Per Litre,Khuz-dar,https://www.pbs.gov.pk/wp-content/uploads/2020/07/SPI-Monthly-Prices-Annex-9.xlsx,2026-10-02T17:52:32+00:00,Petrol Super
Pakistan Bureau of Statistics,Monthly price,monthly,2026-09-01,1500.0,Daily,Khuz-dar,https://www.pbs.gov.pk/wp-content/uploads/2020/07/SPI-Monthly-Prices-Annex-9.xlsx,2026-10-02T17:52:32+00:00,Plumber Wage Rate
Pakistan Bureau of Statistics,Monthly price,monthly,2026-09-01,66.34,1 Kg,Khuz-dar,https://www.pbs.gov.pk/wp-content/uploads/2020/07/SPI-Monthly-Prices-Annex-9.xlsx,2026-10-02T17:52:32+00:00,Potatoes
Pakistan Bureau of Statistics,Monthly price,monthly,2026-09-01,1170.0,Each,Khuz-dar,https://www.pbs.gov.pk/wp-content/uploads/2020/07/SPI-Monthly-Prices-Annex-9.xlsx,2026-10-02T17:52:32+00:00,Powdered Milk NIDO 390 gm Polybag
Pakistan Bureau of Statistics,Monthly price,monthly,2026-09-01,293.18,1 Kg,Khuz-dar,https://www.pbs.gov.pk/wp-content/uploads/2020/07/SPI-Monthly-Prices-Annex-9.xlsx,2026-10-02T17:52:32+00:00,Pulse Gram
Pakistan Bureau of Statistics,Monthly price,monthly,2026-09-01,493.24,1 Kg,Khuz-dar,https://www.pbs.gov.pk/wp-content/uploads/2020/07/SPI-Monthly-Prices-Annex-9.xlsx,2026-10-02T17:52:32+00:00,Pulse Mash (Washed)
Pakistan Bureau of Statistics,Monthly price,monthly,2026-09-01,275.33,1 Kg,Khuz-dar,https://www.pbs.gov.pk/wp-content/uploads/2020/07/SPI-Monthly-Prices-Annex-9.xlsx,2026-10-02T17:52:32+00:00,Pulse Masoor (Washed)
Pakistan Bureau of Statistics,Monthly price,monthly,2026-09-01,396.6,1 Kg,Khuz-dar,https://www.pbs.gov.pk/wp-content/uploads/2020/07/SPI-Monthly-Prices-Annex-9.xlsx,2026-10-02T17:52:32+00:00,Pulse Moong (Washed)
Pakistan Bureau of Statistics,Monthly price,monthly,2026-09-01,246.62,1 Kg,Khuz-dar,https://www.pbs.gov.pk/wp-content/uploads/2020/07/SPI-Monthly-Prices-Annex-9.xlsx,2026-10-02T17:52:32+00:00,Rice Basmati Broken (Average Quality)
Pakistan Bureau of Statistics,Monthly price,monthly,2026-09-01,151.62,1 Kg,Khuz-dar,https://www.pbs.gov.pk/wp-content/uploads/2020/07/SPI-Monthly-Prices-Annex-9.xlsx,2026-10-02T17:52:32+00:00,Rice IRRI-6/9 (Sindh/Punjab)
Pakistan Bureau of Statistics,Monthly price,monthly,2026-09-01,70.0,Each,Khuz-dar,https://www.pbs.gov.pk/wp-content/uploads/2020/07/SPI-Monthly-Prices-Annex-9.xlsx,2026-10-02T17:52:32+00:00,Salt Powdered (NATIONAL/SHAN) 800 gm Packet
Pakistan Bureau of Statistics,Monthly price,monthly,2026-09-01,372.77,1 mtr,Khuz-dar,https://www.pbs.gov.pk/wp-content/uploads/2020/07/SPI-Monthly-Prices-Annex-9.xlsx,2026-10-02T17:52:32+00:00,Shirting (Average Quality)
Pakistan Bureau of Statistics,Monthly price,monthly,2026-09-01,5516.31,50 Kg,Khuz-dar,https://www.pbs.gov.pk/wp-content/uploads/2020/07/SPI-Monthly-Prices-Annex-9.xlsx,2026-10-02T17:52:32+00:00,Sona Urea
Pakistan Bureau of Statistics,Monthly price,monthly,2026-09-01,137.5,Each,Khuz-dar,https://www.pbs.gov.pk/wp-content/uploads/2020/07/SPI-Monthly-Prices-Annex-9.xlsx,2026-10-02T17:52:32+00:00,Sufi Washing Soap 250 gm Cake
Pakistan Bureau of Statistics,Monthly price,monthly,2026-09-01,147.9,1 Kg,Khuz-dar,https://www.pbs.gov.pk/wp-content/uploads/2020/07/SPI-Monthly-Prices-Annex-9.xlsx,2026-10-02T17:52:32+00:00,Sugar Refined
Pakistan Bureau of Statistics,Monthly price,monthly,2026-09-01,447.05,Each,Khuz-dar,https://www.pbs.gov.pk/wp-content/uploads/2020/07/SPI-Monthly-Prices-Annex-9.xlsx,2026-10-02T17:52:32+00:00,Tea Lipton Yellow Label 190 gm Packet
Pakistan Bureau of Statistics,Monthly price,monthly,2026-09-01,50.0,Per Cup,Khuz-dar,https://www.pbs.gov.pk/wp-content/uploads/2020/07/SPI-Monthly-Prices-Annex-9.xlsx,2026-10-02T17:52:32+00:00,Tea Prepared Ordinary
Pakistan Bureau of Statistics,Monthly price,monthly,2026-09-01,1.79,Per Minute,Khuz-dar,https://www.pbs.gov.pk/wp-content/uploads/2020/07/SPI-Monthly-Prices-Annex-9.xlsx,2026-10-02T17:52:32+00:00,Telephone Call Charges
Pakistan Bureau of Statistics,Monthly price,monthly,2026-09-01,136.02,Each,Khuz-dar,https://www.pbs.gov.pk/wp-content/uploads/2020/07/SPI-Monthly-Prices-Annex-9.xlsx,2026-10-02T17:52:32+00:00,Toilet Soap LIFEBUOY 115 gm
Pakistan Bureau of Statistics,Monthly price,monthly,2026-09-01,157.37,1 Kg,Khuz-dar,https://www.pbs.gov.pk/wp-content/uploads/2020/07/SPI-Monthly-Prices-Annex-9.xlsx,2026-10-02T17:52:32+00:00,Tomatoes
Pakistan Bureau of Statistics,Monthly price,monthly,2026-09-01,1232.45,Daily,Khuz-dar,https://www.pbs.gov.pk/wp-content/uploads/2020/07/SPI-Monthly-Prices-Annex-9.xlsx,2026-10-02T17:52:32+00:00,Unskilled Labour Wage Rate
Pakistan Bureau of Statistics,Monthly price,monthly,2026-09-01,1580.0,Each,Khuz-dar,https://www.pbs.gov.pk/wp-content/uploads/2020/07/SPI-Monthly-Prices-Annex-9.xlsx,2026-10-02T17:52:32+00:00,Vegetable Ghee DALDA/HABIB 2.5 kg Tin
Pakistan Bureau of Statistics,Monthly price,monthly,2026-09-01,615.0,Each,Khuz-dar,https://www.pbs.gov.pk/wp-content/uploads/2020/07/SPI-Monthly-Prices-Annex-9.xlsx,2026-10-02T17:52:32+00:00,Vegetable Ghee DALDA/HABIB or Other superior Quality 1 kg Pouch
Pakistan Bureau of Statistics,Monthly price,monthly,2026-09-01,2774.66,20 Kg,Khuz-dar,https://www.pbs.gov.pk/wp-content/uploads/2020/07/SPI-Monthly-Prices-Annex-9.xlsx,2026-10-02T17:52:32+00:00,Wheat Flour Bag
Pakistan Bureau of Statistics,Monthly price,monthly,2026-09-01,165.43,1 Dozen,Lahore,https://www.pbs.gov.pk/wp-content/uploads/2020/07/SPI-Monthly-Prices-Annex-9.xlsx,2026-10-02T17:52:32+00:00,Bananas (Kela) Local
Pakistan Bureau of Statistics,Monthly price,monthly,2026-09-01,1231.32,1 Kg,Lahore,https://www.pbs.gov.pk/wp-content/uploads/2020/07/SPI-Monthly-Prices-Annex-9.xlsx,2026-10-02T17:52:32+00:00,Beef with Bone (Average Quality)
Pakistan Bureau of Statistics,Monthly price,monthly,2026-09-01,120.0,Each,Lahore,https://www.pbs.gov.pk/wp-content/uploads/2020/07/SPI-Monthly-Prices-Annex-9.xlsx,2026-10-02T17:52:32+00:00,Bread plain (Small Size)
Pakistan Bureau of Statistics,Monthly price,monthly,2026-09-01,138.0,1 kg/1 Ltr,Lahore,https://www.pbs.gov.pk/wp-content/uploads/2020/07/SPI-Monthly-Prices-Annex-9.xlsx,2026-10-02T17:52:32+00:00,CNG
Pakistan Bureau of Statistics,Monthly price,monthly,2026-09-01,4500.0,50 Kg,Lahore,https://www.pbs.gov.pk/wp-content/uploads/2020/07/SPI-Monthly-Prices-Annex-9.xlsx,2026-10-02T17:52:32+00:00,Calcium Ammonium Nitrate
Pakistan Bureau of Statistics,Monthly price,monthly,2026-09-01,1595.81,Each,Lahore,https://www.pbs.gov.pk/wp-content/uploads/2020/07/SPI-Monthly-Prices-Annex-9.xlsx,2026-10-02T17:52:32+00:00,Cement (Local) 50 kg Bag
Pakistan Bureau of Statistics,Monthly price,monthly,2026-09-01,321.48,1 Kg,Lahore,https://www.pbs.gov.pk/wp-content/uploads/2020/07/SPI-Monthly-Prices-Annex-9.xlsx,2026-10-02T17:52:32+00:00,Chicken Farm Broiler (Live)
Pakistan Bureau of Statistics,Monthly price,monthly,2026-09-01,380.0,Each,Lahore,https://www.pbs.gov.pk/wp-content/uploads/2020/07/SPI-Monthly-Prices-Annex-9.xlsx,2026-10-02T17:52:32+00:00,Chilies Powder NATIONAL 200 gm Packet
Pakistan Bureau of Statistics,Monthly price,monthly,2026-09-01,270.0,Each,Lahore,https://www.pbs.gov.pk/wp-content/uploads/2020/07/SPI-Monthly-Prices-Annex-9.xlsx,2026-10-02T17:52:32+00:00,Cigarettes Capstan 20'S Packet
Pakistan Bureau of Statistics,Monthly price,monthly,2026-09-01,317.94,Per Plate,Lahore,https://www.pbs.gov.pk/wp-content/uploads/2020/07/SPI-Monthly-Prices-Annex-9.xlsx,2026-10-02T17:52:32+00:00,Cooked Beef at Average Hotel
Pakistan Bureau of Statistics,Monthly price,monthly,2026-09-01,194.6,Per Plate,Lahore,https://www.pbs.gov.pk/wp-content/uploads/2020/07/SPI-Monthly-Prices-Annex-9.xlsx,2026-10-02T17:52:32+00:00,Cooked Daal at Average Hotel
Pakistan Bureau of Statistics,Monthly price,monthly,2026-09-01,3090.0,Each,Lahore,https://www.pbs.gov.pk/wp-content/uploads/2020/07/SPI-Monthly-Prices-Annex-9.xlsx,2026-10-02T17:52:32+00:00,"Cooking Oil DALDA or Other Similar Brand (SN), 5 Litre Tin"
Pakistan Bureau of Statistics,Monthly price,monthly,2026-09-01,253.27,1 Kg,Lahore,https://www.pbs.gov.pk/wp-content/uploads/2020/07/SPI-Monthly-Prices-Annex-9.xlsx,2026-10-02T17:52:32+00:00,Curd (Dahi) Loose
Pakistan Bureau of Statistics,Monthly price,monthly,2026-09-01,17250.0,50 Kg,Lahore,https://www.pbs.gov.pk/wp-content/uploads/2020/07/SPI-Monthly-Prices-Annex-9.xlsx,2026-10-02T17:52:32+00:00,DIA Amun. Phosphate
Pakistan Bureau of Statistics,Monthly price,monthly,2026-09-01,248.14,1 Dozen,Lahore,https://www.pbs.gov.pk/wp-content/uploads/2020/07/SPI-Monthly-Prices-Annex-9.xlsx,2026-10-02T17:52:32+00:00,Eggs Hen (Farm)
Pakistan Bureau of Statistics,Monthly price,monthly,2026-09-01,318.74,P/Point,Lahore,https://www.pbs.gov.pk/wp-content/uploads/2020/07/SPI-Monthly-Prices-Annex-9.xlsx,2026-10-02T17:52:32+00:00,Electrician Charges
Pakistan Bureau of Statistics,Monthly price,monthly,2026-09-01,6.73,Per Unit,Lahore,https://www.pbs.gov.pk/wp-content/uploads/2020/07/SPI-Monthly-Prices-Annex-9.xlsx,2026-10-02T17:52:32+00:00,Electricity Charges upto 50 Units
Pakistan Bureau of Statistics,Monthly price,monthly,2026-09-01,550.0,Each,Lahore,https://www.pbs.gov.pk/wp-content/uploads/2020/07/SPI-Monthly-Prices-Annex-9.xlsx,2026-10-02T17:52:32+00:00,Energy Saver Philips 14 Watt
Pakistan Bureau of Statistics,Monthly price,monthly,2026-09-01,1899.43,40 Kg,Lahore,https://www.pbs.gov.pk/wp-content/uploads/2020/07/SPI-Monthly-Prices-Annex-9.xlsx,2026-10-02T17:52:32+00:00,Firewood Whole
Pakistan Bureau of Statistics,Monthly price,monthly,2026-09-01,376.72,1 Kg,Lahore,https://www.pbs.gov.pk/wp-content/uploads/2020/07/SPI-Monthly-Prices-Annex-9.xlsx,2026-10-02T17:52:32+00:00,Garlic (Lehsun)
Pakistan Bureau of Statistics,Monthly price,monthly,2026-09-01,2566.5,MMBTU,Lahore,https://www.pbs.gov.pk/wp-content/uploads/2020/07/SPI-Monthly-Prices-Annex-9.xlsx,2026-10-02T17:52:32+00:00,Gas Charges upto 3.3719 MMBTU
Pakistan Bureau of Statistics,Monthly price,monthly,2026-09-01,2499.0,Pair,Lahore,https://www.pbs.gov.pk/wp-content/uploads/2020/07/SPI-Monthly-Prices-Annex-9.xlsx,2026-10-02T17:52:32+00:00,Gents Sandal Bata
Pakistan Bureau of Statistics,Monthly price,monthly,2026-09-01,699.0,Pair,Lahore,https://www.pbs.gov.pk/wp-content/uploads/2020/07/SPI-Monthly-Prices-Annex-9.xlsx,2026-10-02T17:52:32+00:00,Gents Sponge Chappal Bata
Pakistan Bureau of Statistics,Monthly price,monthly,2026-09-01,424.98,1 mtr,Lahore,https://www.pbs.gov.pk/wp-content/uploads/2020/07/SPI-Monthly-Prices-Annex-9.xlsx,2026-10-02T17:52:32+00:00,Georgette (Average Quality)
Pakistan Bureau of Statistics,Monthly price,monthly,2026-09-01,238.02,1 Kg,Lahore,https://www.pbs.gov.pk/wp-content/uploads/2020/07/SPI-Monthly-Prices-Annex-9.xlsx,2026-10-02T17:52:32+00:00,Gur (Average Quality)
Pakistan Bureau of Statistics,Monthly price,monthly,2026-09-01,399.75,Per Litre,Lahore,https://www.pbs.gov.pk/wp-content/uploads/2020/07/SPI-Monthly-Prices-Annex-9.xlsx,2026-10-02T17:52:32+00:00,Hi-Speed Diesel
Pakistan Bureau of Statistics,Monthly price,monthly,2026-09-01,4793.14,Each,Lahore,https://www.pbs.gov.pk/wp-content/uploads/2020/07/SPI-Monthly-Prices-Annex-9.xlsx,2026-10-02T17:52:32+00:00,LPG 11.67 kg Cylinder
Pakistan Bureau of Statistics,Monthly price,monthly,2026-09-01,1499.0,Pair,Lahore,https://www.pbs.gov.pk/wp-content/uploads/2020/07/SPI-Monthly-Prices-Annex-9.xlsx,2026-10-02T17:52:32+00:00,Ladies Sandal Bata
Pakistan Bureau of Statistics,Monthly price,monthly,2026-09-01,830.51,1 mtr,Lahore,https://www.pbs.gov.pk/wp-content/uploads/2020/07/SPI-Monthly-Prices-Annex-9.xlsx,2026-10-02T17:52:32+00:00,Lawn Printed Gul Ahmed/Al Karam
Pakistan Bureau of Statistics,Monthly price,monthly,2026-09-01,850.0,1 mtr,Lahore,https://www.pbs.gov.pk/wp-content/uploads/2020/07/SPI-Monthly-Prices-Annex-9.xlsx,2026-10-02T17:52:32+00:00,"Long Cloth 57"" Gul Ahmed/Al Karam"
Pakistan Bureau of Statistics,Monthly price,monthly,2026-09-01,2460.86,Daily,Lahore,https://www.pbs.gov.pk/wp-content/uploads/2020/07/SPI-Monthly-Prices-Annex-9.xlsx,2026-10-02T17:52:32+00:00,Mason Wage Rate
Pakistan Bureau of Statistics,Monthly price,monthly,2026-09-01,6.32,Each,Lahore,https://www.pbs.gov.pk/wp-content/uploads/2020/07/SPI-Monthly-Prices-Annex-9.xlsx,2026-10-02T17:52:32+00:00,Match Box
Pakistan Bureau of Statistics,Monthly price,monthly,2026-09-01,212.79,1 Ltr,Lahore,https://www.pbs.gov.pk/wp-content/uploads/2020/07/SPI-Monthly-Prices-Annex-9.xlsx,2026-10-02T17:52:32+00:00,Milk fresh (Un-boiled)
Pakistan Bureau of Statistics,Monthly price,monthly,2026-09-01,569.58,1 Kg,Lahore,https://www.pbs.gov.pk/wp-content/uploads/2020/07/SPI-Monthly-Prices-Annex-9.xlsx,2026-10-02T17:52:32+00:00,Mustard Oil (Average Quality)
Pakistan Bureau of Statistics,Monthly price,monthly,2026-09-01,2928.23,1 Kg,Lahore,https://www.pbs.gov.pk/wp-content/uploads/2020/07/SPI-Monthly-Prices-Annex-9.xlsx,2026-10-02T17:52:32+00:00,Mutton (Average Quality)
Pakistan Bureau of Statistics,Monthly price,monthly,2026-09-01,11600.0,50 Kg,Lahore,https://www.pbs.gov.pk/wp-content/uploads/2020/07/SPI-Monthly-Prices-Annex-9.xlsx,2026-10-02T17:52:32+00:00,Nitro. Phosph. & Pot. (Npk)
Pakistan Bureau of Statistics,Monthly price,monthly,2026-09-01,10924.22,50 Kg,Lahore,https://www.pbs.gov.pk/wp-content/uploads/2020/07/SPI-Monthly-Prices-Annex-9.xlsx,2026-10-02T17:52:32+00:00,Nitro. Phosphate
Pakistan Bureau of Statistics,Monthly price,monthly,2026-09-01,212.17,1 Kg,Lahore,https://www.pbs.gov.pk/wp-content/uploads/2020/07/SPI-Monthly-Prices-Annex-9.xlsx,2026-10-02T17:52:32+00:00,Onions
Pakistan Bureau of Statistics,Monthly price,monthly,2026-09-01,4450.0,50 Kg,Lahore,https://www.pbs.gov.pk/wp-content/uploads/2020/07/SPI-Monthly-Prices-Annex-9.xlsx,2026-10-02T17:52:32+00:00,"Other Urea (Tara, Sarsabz, Shandar etc)"
Pakistan Bureau of Statistics,Monthly price,monthly,2026-09-01,2246.86,Per Day,Lahore,https://www.pbs.gov.pk/wp-content/uploads/2020/07/SPI-Monthly-Prices-Annex-9.xlsx,2026-10-02T17:52:32+00:00,Painter Wage Rate
Pakistan Bureau of Statistics,Monthly price,monthly,2026-09-01,373.35,Per Litre,Lahore,https://www.pbs.gov.pk/wp-content/uploads/2020/07/SPI-Monthly-Prices-Annex-9.xlsx,2026-10-02T17:52:32+00:00,Petrol Super
Pakistan Bureau of Statistics,Monthly price,monthly,2026-09-01,2037.3,Daily,Lahore,https://www.pbs.gov.pk/wp-content/uploads/2020/07/SPI-Monthly-Prices-Annex-9.xlsx,2026-10-02T17:52:32+00:00,Plumber Wage Rate
Pakistan Bureau of Statistics,Monthly price,monthly,2026-09-01,55.73,1 Kg,Lahore,https://www.pbs.gov.pk/wp-content/uploads/2020/07/SPI-Monthly-Prices-Annex-9.xlsx,2026-10-02T17:52:32+00:00,Potatoes
Pakistan Bureau of Statistics,Monthly price,monthly,2026-09-01,1170.0,Each,Lahore,https://www.pbs.gov.pk/wp-content/uploads/2020/07/SPI-Monthly-Prices-Annex-9.xlsx,2026-10-02T17:52:32+00:00,Powdered Milk NIDO 390 gm Polybag
Pakistan Bureau of Statistics,Monthly price,monthly,2026-09-01,247.77,1 Kg,Lahore,https://www.pbs.gov.pk/wp-content/uploads/2020/07/SPI-Monthly-Prices-Annex-9.xlsx,2026-10-02T17:52:32+00:00,Pulse Gram
Pakistan Bureau of Statistics,Monthly price,monthly,2026-09-01,473.71,1 Kg,Lahore,https://www.pbs.gov.pk/wp-content/uploads/2020/07/SPI-Monthly-Prices-Annex-9.xlsx,2026-10-02T17:52:32+00:00,Pulse Mash (Washed)
Pakistan Bureau of Statistics,Monthly price,monthly,2026-09-01,240.14,1 Kg,Lahore,https://www.pbs.gov.pk/wp-content/uploads/2020/07/SPI-Monthly-Prices-Annex-9.xlsx,2026-10-02T17:52:32+00:00,Pulse Masoor (Washed)
Pakistan Bureau of Statistics,Monthly price,monthly,2026-09-01,328.98,1 Kg,Lahore,https://www.pbs.gov.pk/wp-content/uploads/2020/07/SPI-Monthly-Prices-Annex-9.xlsx,2026-10-02T17:52:32+00:00,Pulse Moong (Washed)
Pakistan Bureau of Statistics,Monthly price,monthly,2026-09-01,228.47,1 Kg,Lahore,https://www.pbs.gov.pk/wp-content/uploads/2020/07/SPI-Monthly-Prices-Annex-9.xlsx,2026-10-02T17:52:32+00:00,Rice Basmati Broken (Average Quality)
Pakistan Bureau of Statistics,Monthly price,monthly,2026-09-01,4950.0,50 Kg,Lahore,https://www.pbs.gov.pk/wp-content/uploads/2020/07/SPI-Monthly-Prices-Annex-9.xlsx,2026-10-02T17:52:32+00:00,"S.S Phosphate, Gr. 18%"
Pakistan Bureau of Statistics,Monthly price,monthly,2026-09-01,60.0,Each,Lahore,https://www.pbs.gov.pk/wp-content/uploads/2020/07/SPI-Monthly-Prices-Annex-9.xlsx,2026-10-02T17:52:32+00:00,Salt Powdered (NATIONAL/SHAN) 800 gm Packet
Pakistan Bureau of Statistics,Monthly price,monthly,2026-09-01,464.01,1 mtr,Lahore,https://www.pbs.gov.pk/wp-content/uploads/2020/07/SPI-Monthly-Prices-Annex-9.xlsx,2026-10-02T17:52:32+00:00,Shirting (Average Quality)
Pakistan Bureau of Statistics,Monthly price,monthly,2026-09-01,4525.0,50 Kg,Lahore,https://www.pbs.gov.pk/wp-content/uploads/2020/07/SPI-Monthly-Prices-Annex-9.xlsx,2026-10-02T17:52:32+00:00,Sona Urea
Pakistan Bureau of Statistics,Monthly price,monthly,2026-09-01,150.0,Each,Lahore,https://www.pbs.gov.pk/wp-content/uploads/2020/07/SPI-Monthly-Prices-Annex-9.xlsx,2026-10-02T17:52:32+00:00,Sufi Washing Soap 250 gm Cake
Pakistan Bureau of Statistics,Monthly price,monthly,2026-09-01,148.31,1 Kg,Lahore,https://www.pbs.gov.pk/wp-content/uploads/2020/07/SPI-Monthly-Prices-Annex-9.xlsx,2026-10-02T17:52:32+00:00,Sugar Refined
Pakistan Bureau of Statistics,Monthly price,monthly,2026-09-01,15300.0,50 Kg,Lahore,https://www.pbs.gov.pk/wp-content/uploads/2020/07/SPI-Monthly-Prices-Annex-9.xlsx,2026-10-02T17:52:32+00:00,Sulphate of Potash
Pakistan Bureau of Statistics,Monthly price,monthly,2026-09-01,469.41,Each,Lahore,https://www.pbs.gov.pk/wp-content/uploads/2020/07/SPI-Monthly-Prices-Annex-9.xlsx,2026-10-02T17:52:32+00:00,Tea Lipton Yellow Label 190 gm Packet
Pakistan Bureau of Statistics,Monthly price,monthly,2026-09-01,71.35,Per Cup,Lahore,https://www.pbs.gov.pk/wp-content/uploads/2020/07/SPI-Monthly-Prices-Annex-9.xlsx,2026-10-02T17:52:32+00:00,Tea Prepared Ordinary
Pakistan Bureau of Statistics,Monthly price,monthly,2026-09-01,1.79,Per Minute,Lahore,https://www.pbs.gov.pk/wp-content/uploads/2020/07/SPI-Monthly-Prices-Annex-9.xlsx,2026-10-02T17:52:32+00:00,Telephone Call Charges
Pakistan Bureau of Statistics,Monthly price,monthly,2026-09-01,136.02,Each,Lahore,https://www.pbs.gov.pk/wp-content/uploads/2020/07/SPI-Monthly-Prices-Annex-9.xlsx,2026-10-02T17:52:32+00:00,Toilet Soap LIFEBUOY 115 gm
Pakistan Bureau of Statistics,Monthly price,monthly,2026-09-01,201.23,1 Kg,Lahore,https://www.pbs.gov.pk/wp-content/uploads/2020/07/SPI-Monthly-Prices-Annex-9.xlsx,2026-10-02T17:52:32+00:00,Tomatoes
Pakistan Bureau of Statistics,Monthly price,monthly,2026-09-01,1746.91,Daily,Lahore,https://www.pbs.gov.pk/wp-content/uploads/2020/07/SPI-Monthly-Prices-Annex-9.xlsx,2026-10-02T17:52:32+00:00,Unskilled Labour Wage Rate
Pakistan Bureau of Statistics,Monthly price,monthly,2026-09-01,1580.0,Each,Lahore,https://www.pbs.gov.pk/wp-content/uploads/2020/07/SPI-Monthly-Prices-Annex-9.xlsx,2026-10-02T17:52:32+00:00,Vegetable Ghee DALDA/HABIB 2.5 kg Tin
Pakistan Bureau of Statistics,Monthly price,monthly,2026-09-01,615.0,Each,Lahore,https://www.pbs.gov.pk/wp-content/uploads/2020/07/SPI-Monthly-Prices-Annex-9.xlsx,2026-10-02T17:52:32+00:00,Vegetable Ghee DALDA/HABIB or Other superior Quality 1 kg Pouch
Pakistan Bureau of Statistics,Monthly price,monthly,2026-09-01,2243.75,20 Kg,Lahore,https://www.pbs.gov.pk/wp-content/uploads/2020/07/SPI-Monthly-Prices-Annex-9.xlsx,2026-10-02T17:52:32+00:00,Wheat Flour Bag
Pakistan Bureau of Statistics,Monthly price,monthly,2026-09-01,103.95,1 Dozen,Larkana,https://www.pbs.gov.pk/wp-content/uploads/2020/07/SPI-Monthly-Prices-Annex-9.xlsx,2026-10-02T17:52:32+00:00,Bananas (Kela) Local
Pakistan Bureau of Statistics,Monthly price,monthly,2026-09-01,1265.77,1 Kg,Larkana,https://www.pbs.gov.pk/wp-content/uploads/2020/07/SPI-Monthly-Prices-Annex-9.xlsx,2026-10-02T17:52:32+00:00,Beef with Bone (Average Quality)
Pakistan Bureau of Statistics,Monthly price,monthly,2026-09-01,116.57,Each,Larkana,https://www.pbs.gov.pk/wp-content/uploads/2020/07/SPI-Monthly-Prices-Annex-9.xlsx,2026-10-02T17:52:32+00:00,Bread plain (Small Size)
Pakistan Bureau of Statistics,Monthly price,monthly,2026-09-01,295.0,1 kg/1 Ltr,Larkana,https://www.pbs.gov.pk/wp-content/uploads/2020/07/SPI-Monthly-Prices-Annex-9.xlsx,2026-10-02T17:52:32+00:00,CNG
Pakistan Bureau of Statistics,Monthly price,monthly,2026-09-01,1523.33,Each,Larkana,https://www.pbs.gov.pk/wp-content/uploads/2020/07/SPI-Monthly-Prices-Annex-9.xlsx,2026-10-02T17:52:32+00:00,Cement (Local) 50 kg Bag
Pakistan Bureau of Statistics,Monthly price,monthly,2026-09-01,333.56,1 Kg,Larkana,https://www.pbs.gov.pk/wp-content/uploads/2020/07/SPI-Monthly-Prices-Annex-9.xlsx,2026-10-02T17:52:32+00:00,Chicken Farm Broiler (Live)
Pakistan Bureau of Statistics,Monthly price,monthly,2026-09-01,320.0,Each,Larkana,https://www.pbs.gov.pk/wp-content/uploads/2020/07/SPI-Monthly-Prices-Annex-9.xlsx,2026-10-02T17:52:32+00:00,Chilies Powder NATIONAL 200 gm Packet
Pakistan Bureau of Statistics,Monthly price,monthly,2026-09-01,240.0,Each,Larkana,https://www.pbs.gov.pk/wp-content/uploads/2020/07/SPI-Monthly-Prices-Annex-9.xlsx,2026-10-02T17:52:32+00:00,Cigarettes Capstan 20'S Packet
Pakistan Bureau of Statistics,Monthly price,monthly,2026-09-01,282.31,Per Plate,Larkana,https://www.pbs.gov.pk/wp-content/uploads/2020/07/SPI-Monthly-Prices-Annex-9.xlsx,2026-10-02T17:52:32+00:00,Cooked Beef at Average Hotel
Pakistan Bureau of Statistics,Monthly price,monthly,2026-09-01,169.39,Per Plate,Larkana,https://www.pbs.gov.pk/wp-content/uploads/2020/07/SPI-Monthly-Prices-Annex-9.xlsx,2026-10-02T17:52:32+00:00,Cooked Daal at Average Hotel
Pakistan Bureau of Statistics,Monthly price,monthly,2026-09-01,3110.0,Each,Larkana,https://www.pbs.gov.pk/wp-content/uploads/2020/07/SPI-Monthly-Prices-Annex-9.xlsx,2026-10-02T17:52:32+00:00,"Cooking Oil DALDA or Other Similar Brand (SN), 5 Litre Tin"
Pakistan Bureau of Statistics,Monthly price,monthly,2026-09-01,286.51,1 Kg,Larkana,https://www.pbs.gov.pk/wp-content/uploads/2020/07/SPI-Monthly-Prices-Annex-9.xlsx,2026-10-02T17:52:32+00:00,Curd (Dahi) Loose
Pakistan Bureau of Statistics,Monthly price,monthly,2026-09-01,16200.97,50 Kg,Larkana,https://www.pbs.gov.pk/wp-content/uploads/2020/07/SPI-Monthly-Prices-Annex-9.xlsx,2026-10-02T17:52:32+00:00,DIA Amun. Phosphate
Pakistan Bureau of Statistics,Monthly price,monthly,2026-09-01,256.4,1 Dozen,Larkana,https://www.pbs.gov.pk/wp-content/uploads/2020/07/SPI-Monthly-Prices-Annex-9.xlsx,2026-10-02T17:52:32+00:00,Eggs Hen (Farm)
Pakistan Bureau of Statistics,Monthly price,monthly,2026-09-01,239.57,P/Point,Larkana,https://www.pbs.gov.pk/wp-content/uploads/2020/07/SPI-Monthly-Prices-Annex-9.xlsx,2026-10-02T17:52:32+00:00,Electrician Charges
Pakistan Bureau of Statistics,Monthly price,monthly,2026-09-01,6.73,Per Unit,Larkana,https://www.pbs.gov.pk/wp-content/uploads/2020/07/SPI-Monthly-Prices-Annex-9.xlsx,2026-10-02T17:52:32+00:00,Electricity Charges upto 50 Units
Pakistan Bureau of Statistics,Monthly price,monthly,2026-09-01,370.0,Each,Larkana,https://www.pbs.gov.pk/wp-content/uploads/2020/07/SPI-Monthly-Prices-Annex-9.xlsx,2026-10-02T17:52:32+00:00,Energy Saver Philips 14 Watt
Pakistan Bureau of Statistics,Monthly price,monthly,2026-09-01,1383.13,40 Kg,Larkana,https://www.pbs.gov.pk/wp-content/uploads/2020/07/SPI-Monthly-Prices-Annex-9.xlsx,2026-10-02T17:52:32+00:00,Firewood Whole
Pakistan Bureau of Statistics,Monthly price,monthly,2026-09-01,309.76,1 Kg,Larkana,https://www.pbs.gov.pk/wp-content/uploads/2020/07/SPI-Monthly-Prices-Annex-9.xlsx,2026-10-02T17:52:32+00:00,Garlic (Lehsun)
Pakistan Bureau of Statistics,Monthly price,monthly,2026-09-01,2566.5,MMBTU,Larkana,https://www.pbs.gov.pk/wp-content/uploads/2020/07/SPI-Monthly-Prices-Annex-9.xlsx,2026-10-02T17:52:32+00:00,Gas Charges upto 3.3719 MMBTU
Pakistan Bureau of Statistics,Monthly price,monthly,2026-09-01,2499.0,Pair,Larkana,https://www.pbs.gov.pk/wp-content/uploads/2020/07/SPI-Monthly-Prices-Annex-9.xlsx,2026-10-02T17:52:32+00:00,Gents Sandal Bata
Pakistan Bureau of Statistics,Monthly price,monthly,2026-09-01,699.0,Pair,Larkana,https://www.pbs.gov.pk/wp-content/uploads/2020/07/SPI-Monthly-Prices-Annex-9.xlsx,2026-10-02T17:52:32+00:00,Gents Sponge Chappal Bata
Pakistan Bureau of Statistics,Monthly price,monthly,2026-09-01,382.59,1 mtr,Larkana,https://www.pbs.gov.pk/wp-content/uploads/2020/07/SPI-Monthly-Prices-Annex-9.xlsx,2026-10-02T17:52:32+00:00,Georgette (Average Quality)
Pakistan Bureau of Statistics,Monthly price,monthly,2026-09-01,180.0,1 Kg,Larkana,https://www.pbs.gov.pk/wp-content/uploads/2020/07/SPI-Monthly-Prices-Annex-9.xlsx,2026-10-02T17:52:32+00:00,Gur (Average Quality)
Pakistan Bureau of Statistics,Monthly price,monthly,2026-09-01,402.5,Per Litre,Larkana,https://www.pbs.gov.pk/wp-content/uploads/2020/07/SPI-Monthly-Prices-Annex-9.xlsx,2026-10-02T17:52:32+00:00,Hi-Speed Diesel
Pakistan Bureau of Statistics,Monthly price,monthly,2026-09-01,4637.06,Each,Larkana,https://www.pbs.gov.pk/wp-content/uploads/2020/07/SPI-Monthly-Prices-Annex-9.xlsx,2026-10-02T17:52:32+00:00,LPG 11.67 kg Cylinder
Pakistan Bureau of Statistics,Monthly price,monthly,2026-09-01,1499.0,Pair,Larkana,https://www.pbs.gov.pk/wp-content/uploads/2020/07/SPI-Monthly-Prices-Annex-9.xlsx,2026-10-02T17:52:32+00:00,Ladies Sandal Bata
Pakistan Bureau of Statistics,Monthly price,monthly,2026-09-01,632.89,1 mtr,Larkana,https://www.pbs.gov.pk/wp-content/uploads/2020/07/SPI-Monthly-Prices-Annex-9.xlsx,2026-10-02T17:52:32+00:00,Lawn Printed Gul Ahmed/Al Karam
Pakistan Bureau of Statistics,Monthly price,monthly,2026-09-01,646.33,1 mtr,Larkana,https://www.pbs.gov.pk/wp-content/uploads/2020/07/SPI-Monthly-Prices-Annex-9.xlsx,2026-10-02T17:52:32+00:00,"Long Cloth 57"" Gul Ahmed/Al Karam"
Pakistan Bureau of Statistics,Monthly price,monthly,2026-09-01,2000.0,Daily,Larkana,https://www.pbs.gov.pk/wp-content/uploads/2020/07/SPI-Monthly-Prices-Annex-9.xlsx,2026-10-02T17:52:32+00:00,Mason Wage Rate
Pakistan Bureau of Statistics,Monthly price,monthly,2026-09-01,7.0,Each,Larkana,https://www.pbs.gov.pk/wp-content/uploads/2020/07/SPI-Monthly-Prices-Annex-9.xlsx,2026-10-02T17:52:32+00:00,Match Box
Pakistan Bureau of Statistics,Monthly price,monthly,2026-09-01,243.29,1 Ltr,Larkana,https://www.pbs.gov.pk/wp-content/uploads/2020/07/SPI-Monthly-Prices-Annex-9.xlsx,2026-10-02T17:52:32+00:00,Milk fresh (Un-boiled)
Pakistan Bureau of Statistics,Monthly price,monthly,2026-09-01,586.59,1 Kg,Larkana,https://www.pbs.gov.pk/wp-content/uploads/2020/07/SPI-Monthly-Prices-Annex-9.xlsx,2026-10-02T17:52:32+00:00,Mustard Oil (Average Quality)
Pakistan Bureau of Statistics,Monthly price,monthly,2026-09-01,2131.2,1 Kg,Larkana,https://www.pbs.gov.pk/wp-content/uploads/2020/07/SPI-Monthly-Prices-Annex-9.xlsx,2026-10-02T17:52:32+00:00,Mutton (Average Quality)
Pakistan Bureau of Statistics,Monthly price,monthly,2026-09-01,9844.22,50 Kg,Larkana,https://www.pbs.gov.pk/wp-content/uploads/2020/07/SPI-Monthly-Prices-Annex-9.xlsx,2026-10-02T17:52:32+00:00,Nitro. Phosphate
Pakistan Bureau of Statistics,Monthly price,monthly,2026-09-01,154.51,1 Kg,Larkana,https://www.pbs.gov.pk/wp-content/uploads/2020/07/SPI-Monthly-Prices-Annex-9.xlsx,2026-10-02T17:52:32+00:00,Onions
Pakistan Bureau of Statistics,Monthly price,monthly,2026-09-01,1565.95,Per Day,Larkana,https://www.pbs.gov.pk/wp-content/uploads/2020/07/SPI-Monthly-Prices-Annex-9.xlsx,2026-10-02T17:52:32+00:00,Painter Wage Rate
Pakistan Bureau of Statistics,Monthly price,monthly,2026-09-01,376.11,Per Litre,Larkana,https://www.pbs.gov.pk/wp-content/uploads/2020/07/SPI-Monthly-Prices-Annex-9.xlsx,2026-10-02T17:52:32+00:00,Petrol Super
Pakistan Bureau of Statistics,Monthly price,monthly,2026-09-01,1565.95,Daily,Larkana,https://www.pbs.gov.pk/wp-content/uploads/2020/07/SPI-Monthly-Prices-Annex-9.xlsx,2026-10-02T17:52:32+00:00,Plumber Wage Rate
Pakistan Bureau of Statistics,Monthly price,monthly,2026-09-01,38.62,1 Kg,Larkana,https://www.pbs.gov.pk/wp-content/uploads/2020/07/SPI-Monthly-Prices-Annex-9.xlsx,2026-10-02T17:52:32+00:00,Potatoes
Pakistan Bureau of Statistics,Monthly price,monthly,2026-09-01,1100.0,Each,Larkana,https://www.pbs.gov.pk/wp-content/uploads/2020/07/SPI-Monthly-Prices-Annex-9.xlsx,2026-10-02T17:52:32+00:00,Powdered Milk NIDO 390 gm Polybag
Pakistan Bureau of Statistics,Monthly price,monthly,2026-09-01,293.18,1 Kg,Larkana,https://www.pbs.gov.pk/wp-content/uploads/2020/07/SPI-Monthly-Prices-Annex-9.xlsx,2026-10-02T17:52:32+00:00,Pulse Gram
Pakistan Bureau of Statistics,Monthly price,monthly,2026-09-01,468.75,1 Kg,Larkana,https://www.pbs.gov.pk/wp-content/uploads/2020/07/SPI-Monthly-Prices-Annex-9.xlsx,2026-10-02T17:52:32+00:00,Pulse Mash (Washed)
Pakistan Bureau of Statistics,Monthly price,monthly,2026-09-01,280.0,1 Kg,Larkana,https://www.pbs.gov.pk/wp-content/uploads/2020/07/SPI-Monthly-Prices-Annex-9.xlsx,2026-10-02T17:52:32+00:00,Pulse Masoor (Washed)
Pakistan Bureau of Statistics,Monthly price,monthly,2026-09-01,446.43,1 Kg,Larkana,https://www.pbs.gov.pk/wp-content/uploads/2020/07/SPI-Monthly-Prices-Annex-9.xlsx,2026-10-02T17:52:32+00:00,Pulse Moong (Washed)
Pakistan Bureau of Statistics,Monthly price,monthly,2026-09-01,236.62,1 Kg,Larkana,https://www.pbs.gov.pk/wp-content/uploads/2020/07/SPI-Monthly-Prices-Annex-9.xlsx,2026-10-02T17:52:32+00:00,Rice Basmati Broken (Average Quality)
Pakistan Bureau of Statistics,Monthly price,monthly,2026-09-01,116.57,1 Kg,Larkana,https://www.pbs.gov.pk/wp-content/uploads/2020/07/SPI-Monthly-Prices-Annex-9.xlsx,2026-10-02T17:52:32+00:00,Rice IRRI-6/9 (Sindh/Punjab)
Pakistan Bureau of Statistics,Monthly price,monthly,2026-09-01,4254.73,50 Kg,Larkana,https://www.pbs.gov.pk/wp-content/uploads/2020/07/SPI-Monthly-Prices-Annex-9.xlsx,2026-10-02T17:52:32+00:00,"S.S Phosphate, Gr. 18%"
Pakistan Bureau of Statistics,Monthly price,monthly,2026-09-01,70.0,Each,Larkana,https://www.pbs.gov.pk/wp-content/uploads/2020/07/SPI-Monthly-Prices-Annex-9.xlsx,2026-10-02T17:52:32+00:00,Salt Powdered (NATIONAL/SHAN) 800 gm Packet
Pakistan Bureau of Statistics,Monthly price,monthly,2026-09-01,482.74,1 mtr,Larkana,https://www.pbs.gov.pk/wp-content/uploads/2020/07/SPI-Monthly-Prices-Annex-9.xlsx,2026-10-02T17:52:32+00:00,Shirting (Average Quality)
Pakistan Bureau of Statistics,Monthly price,monthly,2026-09-01,4564.11,50 Kg,Larkana,https://www.pbs.gov.pk/wp-content/uploads/2020/07/SPI-Monthly-Prices-Annex-9.xlsx,2026-10-02T17:52:32+00:00,Sona Urea
Pakistan Bureau of Statistics,Monthly price,monthly,2026-09-01,140.98,Each,Larkana,https://www.pbs.gov.pk/wp-content/uploads/2020/07/SPI-Monthly-Prices-Annex-9.xlsx,2026-10-02T17:52:32+00:00,Sufi Washing Soap 250 gm Cake
Pakistan Bureau of Statistics,Monthly price,monthly,2026-09-01,146.65,1 Kg,Larkana,https://www.pbs.gov.pk/wp-content/uploads/2020/07/SPI-Monthly-Prices-Annex-9.xlsx,2026-10-02T17:52:32+00:00,Sugar Refined
Pakistan Bureau of Statistics,Monthly price,monthly,2026-09-01,16913.32,50 Kg,Larkana,https://www.pbs.gov.pk/wp-content/uploads/2020/07/SPI-Monthly-Prices-Annex-9.xlsx,2026-10-02T17:52:32+00:00,Sulphate of Potash
Pakistan Bureau of Statistics,Monthly price,monthly,2026-09-01,469.41,Each,Larkana,https://www.pbs.gov.pk/wp-content/uploads/2020/07/SPI-Monthly-Prices-Annex-9.xlsx,2026-10-02T17:52:32+00:00,Tea Lipton Yellow Label 190 gm Packet
Pakistan Bureau of Statistics,Monthly price,monthly,2026-09-01,76.52,Per Cup,Larkana,https://www.pbs.gov.pk/wp-content/uploads/2020/07/SPI-Monthly-Prices-Annex-9.xlsx,2026-10-02T17:52:32+00:00,Tea Prepared Ordinary
Pakistan Bureau of Statistics,Monthly price,monthly,2026-09-01,1.79,Per Minute,Larkana,https://www.pbs.gov.pk/wp-content/uploads/2020/07/SPI-Monthly-Prices-Annex-9.xlsx,2026-10-02T17:52:32+00:00,Telephone Call Charges
Pakistan Bureau of Statistics,Monthly price,monthly,2026-09-01,118.6,Each,Larkana,https://www.pbs.gov.pk/wp-content/uploads/2020/07/SPI-Monthly-Prices-Annex-9.xlsx,2026-10-02T17:52:32+00:00,Toilet Soap LIFEBUOY 115 gm
Pakistan Bureau of Statistics,Monthly price,monthly,2026-09-01,139.52,1 Kg,Larkana,https://www.pbs.gov.pk/wp-content/uploads/2020/07/SPI-Monthly-Prices-Annex-9.xlsx,2026-10-02T17:52:32+00:00,Tomatoes
Pakistan Bureau of Statistics,Monthly price,monthly,2026-09-01,965.49,Daily,Larkana,https://www.pbs.gov.pk/wp-content/uploads/2020/07/SPI-Monthly-Prices-Annex-9.xlsx,2026-10-02T17:52:32+00:00,Unskilled Labour Wage Rate
Pakistan Bureau of Statistics,Monthly price,monthly,2026-09-01,1580.0,Each,Larkana,https://www.pbs.gov.pk/wp-content/uploads/2020/07/SPI-Monthly-Prices-Annex-9.xlsx,2026-10-02T17:52:32+00:00,Vegetable Ghee DALDA/HABIB 2.5 kg Tin
Pakistan Bureau of Statistics,Monthly price,monthly,2026-09-01,615.0,Each,Larkana,https://www.pbs.gov.pk/wp-content/uploads/2020/07/SPI-Monthly-Prices-Annex-9.xlsx,2026-10-02T17:52:32+00:00,Vegetable Ghee DALDA/HABIB or Other superior Quality 1 kg Pouch
Pakistan Bureau of Statistics,Monthly price,monthly,2026-09-01,2799.99,20 Kg,Larkana,https://www.pbs.gov.pk/wp-content/uploads/2020/07/SPI-Monthly-Prices-Annex-9.xlsx,2026-10-02T17:52:32+00:00,Wheat Flour Bag
Pakistan Bureau of Statistics,Monthly price,monthly,2026-09-01,195.47,1 Dozen,Multan,https://www.pbs.gov.pk/wp-content/uploads/2020/07/SPI-Monthly-Prices-Annex-9.xlsx,2026-10-02T17:52:32+00:00,Bananas (Kela) Local
Pakistan Bureau of Statistics,Monthly price,monthly,2026-09-01,1299.79,1 Kg,Multan,https://www.pbs.gov.pk/wp-content/uploads/2020/07/SPI-Monthly-Prices-Annex-9.xlsx,2026-10-02T17:52:32+00:00,Beef with Bone (Average Quality)
Pakistan Bureau of Statistics,Monthly price,monthly,2026-09-01,120.0,Each,Multan,https://www.pbs.gov.pk/wp-content/uploads/2020/07/SPI-Monthly-Prices-Annex-9.xlsx,2026-10-02T17:52:32+00:00,Bread plain (Small Size)
Pakistan Bureau of Statistics,Monthly price,monthly,2026-09-01,139.9,1 kg/1 Ltr,Multan,https://www.pbs.gov.pk/wp-content/uploads/2020/07/SPI-Monthly-Prices-Annex-9.xlsx,2026-10-02T17:52:32+00:00,CNG
Pakistan Bureau of Statistics,Monthly price,monthly,2026-09-01,4200.0,50 Kg,Multan,https://www.pbs.gov.pk/wp-content/uploads/2020/07/SPI-Monthly-Prices-Annex-9.xlsx,2026-10-02T17:52:32+00:00,Calcium Ammonium Nitrate
Pakistan Bureau of Statistics,Monthly price,monthly,2026-09-01,1593.84,Each,Multan,https://www.pbs.gov.pk/wp-content/uploads/2020/07/SPI-Monthly-Prices-Annex-9.xlsx,2026-10-02T17:52:32+00:00,Cement (Local) 50 kg Bag
Pakistan Bureau of Statistics,Monthly price,monthly,2026-09-01,334.87,1 Kg,Multan,https://www.pbs.gov.pk/wp-content/uploads/2020/07/SPI-Monthly-Prices-Annex-9.xlsx,2026-10-02T17:52:32+00:00,Chicken Farm Broiler (Live)
Pakistan Bureau of Statistics,Monthly price,monthly,2026-09-01,380.0,Each,Multan,https://www.pbs.gov.pk/wp-content/uploads/2020/07/SPI-Monthly-Prices-Annex-9.xlsx,2026-10-02T17:52:32+00:00,Chilies Powder NATIONAL 200 gm Packet
Pakistan Bureau of Statistics,Monthly price,monthly,2026-09-01,250.0,Each,Multan,https://www.pbs.gov.pk/wp-content/uploads/2020/07/SPI-Monthly-Prices-Annex-9.xlsx,2026-10-02T17:52:32+00:00,Cigarettes Capstan 20'S Packet
Pakistan Bureau of Statistics,Monthly price,monthly,2026-09-01,325.91,Per Plate,Multan,https://www.pbs.gov.pk/wp-content/uploads/2020/07/SPI-Monthly-Prices-Annex-9.xlsx,2026-10-02T17:52:32+00:00,Cooked Beef at Average Hotel
Pakistan Bureau of Statistics,Monthly price,monthly,2026-09-01,155.48,Per Plate,Multan,https://www.pbs.gov.pk/wp-content/uploads/2020/07/SPI-Monthly-Prices-Annex-9.xlsx,2026-10-02T17:52:32+00:00,Cooked Daal at Average Hotel
Pakistan Bureau of Statistics,Monthly price,monthly,2026-09-01,3083.73,Each,Multan,https://www.pbs.gov.pk/wp-content/uploads/2020/07/SPI-Monthly-Prices-Annex-9.xlsx,2026-10-02T17:52:32+00:00,"Cooking Oil DALDA or Other Similar Brand (SN), 5 Litre Tin"
Pakistan Bureau of Statistics,Monthly price,monthly,2026-09-01,255.51,1 Kg,Multan,https://www.pbs.gov.pk/wp-content/uploads/2020/07/SPI-Monthly-Prices-Annex-9.xlsx,2026-10-02T17:52:32+00:00,Curd (Dahi) Loose
Pakistan Bureau of Statistics,Monthly price,monthly,2026-09-01,16899.7,50 Kg,Multan,https://www.pbs.gov.pk/wp-content/uploads/2020/07/SPI-Monthly-Prices-Annex-9.xlsx,2026-10-02T17:52:32+00:00,DIA Amun. Phosphate
Pakistan Bureau of Statistics,Monthly price,monthly,2026-09-01,233.74,1 Dozen,Multan,https://www.pbs.gov.pk/wp-content/uploads/2020/07/SPI-Monthly-Prices-Annex-9.xlsx,2026-10-02T17:52:32+00:00,Eggs Hen (Farm)
Pakistan Bureau of Statistics,Monthly price,monthly,2026-09-01,223.61,P/Point,Multan,https://www.pbs.gov.pk/wp-content/uploads/2020/07/SPI-Monthly-Prices-Annex-9.xlsx,2026-10-02T17:52:32+00:00,Electrician Charges
Pakistan Bureau of Statistics,Monthly price,monthly,2026-09-01,6.73,Per Unit,Multan,https://www.pbs.gov.pk/wp-content/uploads/2020/07/SPI-Monthly-Prices-Annex-9.xlsx,2026-10-02T17:52:32+00:00,Electricity Charges upto 50 Units
Pakistan Bureau of Statistics,Monthly price,monthly,2026-09-01,575.0,Each,Multan,https://www.pbs.gov.pk/wp-content/uploads/2020/07/SPI-Monthly-Prices-Annex-9.xlsx,2026-10-02T17:52:32+00:00,Energy Saver Philips 14 Watt
Pakistan Bureau of Statistics,Monthly price,monthly,2026-09-01,1708.23,40 Kg,Multan,https://www.pbs.gov.pk/wp-content/uploads/2020/07/SPI-Monthly-Prices-Annex-9.xlsx,2026-10-02T17:52:32+00:00,Firewood Whole
Pakistan Bureau of Statistics,Monthly price,monthly,2026-09-01,416.97,1 Kg,Multan,https://www.pbs.gov.pk/wp-content/uploads/2020/07/SPI-Monthly-Prices-Annex-9.xlsx,2026-10-02T17:52:32+00:00,Garlic (Lehsun)
Pakistan Bureau of Statistics,Monthly price,monthly,2026-09-01,2566.5,MMBTU,Multan,https://www.pbs.gov.pk/wp-content/uploads/2020/07/SPI-Monthly-Prices-Annex-9.xlsx,2026-10-02T17:52:32+00:00,Gas Charges upto 3.3719 MMBTU
Pakistan Bureau of Statistics,Monthly price,monthly,2026-09-01,2499.0,Pair,Multan,https://www.pbs.gov.pk/wp-content/uploads/2020/07/SPI-Monthly-Prices-Annex-9.xlsx,2026-10-02T17:52:32+00:00,Gents Sandal Bata
Pakistan Bureau of Statistics,Monthly price,monthly,2026-09-01,699.0,Pair,Multan,https://www.pbs.gov.pk/wp-content/uploads/2020/07/SPI-Monthly-Prices-Annex-9.xlsx,2026-10-02T17:52:32+00:00,Gents Sponge Chappal Bata
Pakistan Bureau of Statistics,Monthly price,monthly,2026-09-01,327.54,1 mtr,Multan,https://www.pbs.gov.pk/wp-content/uploads/2020/07/SPI-Monthly-Prices-Annex-9.xlsx,2026-10-02T17:52:32+00:00,Georgette (Average Quality)
Pakistan Bureau of Statistics,Monthly price,monthly,2026-09-01,241.04,1 Kg,Multan,https://www.pbs.gov.pk/wp-content/uploads/2020/07/SPI-Monthly-Prices-Annex-9.xlsx,2026-10-02T17:52:32+00:00,Gur (Average Quality)
Pakistan Bureau of Statistics,Monthly price,monthly,2026-09-01,401.48,Per Litre,Multan,https://www.pbs.gov.pk/wp-content/uploads/2020/07/SPI-Monthly-Prices-Annex-9.xlsx,2026-10-02T17:52:32+00:00,Hi-Speed Diesel
Pakistan Bureau of Statistics,Monthly price,monthly,2026-09-01,5075.21,Each,Multan,https://www.pbs.gov.pk/wp-content/uploads/2020/07/SPI-Monthly-Prices-Annex-9.xlsx,2026-10-02T17:52:32+00:00,LPG 11.67 kg Cylinder
Pakistan Bureau of Statistics,Monthly price,monthly,2026-09-01,1499.0,Pair,Multan,https://www.pbs.gov.pk/wp-content/uploads/2020/07/SPI-Monthly-Prices-Annex-9.xlsx,2026-10-02T17:52:32+00:00,Ladies Sandal Bata
Pakistan Bureau of Statistics,Monthly price,monthly,2026-09-01,793.93,1 mtr,Multan,https://www.pbs.gov.pk/wp-content/uploads/2020/07/SPI-Monthly-Prices-Annex-9.xlsx,2026-10-02T17:52:32+00:00,Lawn Printed Gul Ahmed/Al Karam
Pakistan Bureau of Statistics,Monthly price,monthly,2026-09-01,800.0,1 mtr,Multan,https://www.pbs.gov.pk/wp-content/uploads/2020/07/SPI-Monthly-Prices-Annex-9.xlsx,2026-10-02T17:52:32+00:00,"Long Cloth 57"" Gul Ahmed/Al Karam"
Pakistan Bureau of Statistics,Monthly price,monthly,2026-09-01,1732.7,Daily,Multan,https://www.pbs.gov.pk/wp-content/uploads/2020/07/SPI-Monthly-Prices-Annex-9.xlsx,2026-10-02T17:52:32+00:00,Mason Wage Rate
Pakistan Bureau of Statistics,Monthly price,monthly,2026-09-01,7.0,Each,Multan,https://www.pbs.gov.pk/wp-content/uploads/2020/07/SPI-Monthly-Prices-Annex-9.xlsx,2026-10-02T17:52:32+00:00,Match Box
Pakistan Bureau of Statistics,Monthly price,monthly,2026-09-01,209.95,1 Ltr,Multan,https://www.pbs.gov.pk/wp-content/uploads/2020/07/SPI-Monthly-Prices-Annex-9.xlsx,2026-10-02T17:52:32+00:00,Milk fresh (Un-boiled)
Pakistan Bureau of Statistics,Monthly price,monthly,2026-09-01,574.41,1 Kg,Multan,https://www.pbs.gov.pk/wp-content/uploads/2020/07/SPI-Monthly-Prices-Annex-9.xlsx,2026-10-02T17:52:32+00:00,Mustard Oil (Average Quality)
Pakistan Bureau of Statistics,Monthly price,monthly,2026-09-01,2488.69,1 Kg,Multan,https://www.pbs.gov.pk/wp-content/uploads/2020/07/SPI-Monthly-Prices-Annex-9.xlsx,2026-10-02T17:52:32+00:00,Mutton (Average Quality)
Pakistan Bureau of Statistics,Monthly price,monthly,2026-09-01,10099.5,50 Kg,Multan,https://www.pbs.gov.pk/wp-content/uploads/2020/07/SPI-Monthly-Prices-Annex-9.xlsx,2026-10-02T17:52:32+00:00,Nitro. Phosph. & Pot. (Npk)
Pakistan Bureau of Statistics,Monthly price,monthly,2026-09-01,10149.88,50 Kg,Multan,https://www.pbs.gov.pk/wp-content/uploads/2020/07/SPI-Monthly-Prices-Annex-9.xlsx,2026-10-02T17:52:32+00:00,Nitro. Phosphate
Pakistan Bureau of Statistics,Monthly price,monthly,2026-09-01,201.43,1 Kg,Multan,https://www.pbs.gov.pk/wp-content/uploads/2020/07/SPI-Monthly-Prices-Annex-9.xlsx,2026-10-02T17:52:32+00:00,Onions
Pakistan Bureau of Statistics,Monthly price,monthly,2026-09-01,4399.72,50 Kg,Multan,https://www.pbs.gov.pk/wp-content/uploads/2020/07/SPI-Monthly-Prices-Annex-9.xlsx,2026-10-02T17:52:32+00:00,"Other Urea (Tara, Sarsabz, Shandar etc)"
Pakistan Bureau of Statistics,Monthly price,monthly,2026-09-01,1521.67,Per Day,Multan,https://www.pbs.gov.pk/wp-content/uploads/2020/07/SPI-Monthly-Prices-Annex-9.xlsx,2026-10-02T17:52:32+00:00,Painter Wage Rate
Pakistan Bureau of Statistics,Monthly price,monthly,2026-09-01,375.07,Per Litre,Multan,https://www.pbs.gov.pk/wp-content/uploads/2020/07/SPI-Monthly-Prices-Annex-9.xlsx,2026-10-02T17:52:32+00:00,Petrol Super
Pakistan Bureau of Statistics,Monthly price,monthly,2026-09-01,1727.21,Daily,Multan,https://www.pbs.gov.pk/wp-content/uploads/2020/07/SPI-Monthly-Prices-Annex-9.xlsx,2026-10-02T17:52:32+00:00,Plumber Wage Rate
Pakistan Bureau of Statistics,Monthly price,monthly,2026-09-01,64.99,1 Kg,Multan,https://www.pbs.gov.pk/wp-content/uploads/2020/07/SPI-Monthly-Prices-Annex-9.xlsx,2026-10-02T17:52:32+00:00,Potatoes
Pakistan Bureau of Statistics,Monthly price,monthly,2026-09-01,1144.0,Each,Multan,https://www.pbs.gov.pk/wp-content/uploads/2020/07/SPI-Monthly-Prices-Annex-9.xlsx,2026-10-02T17:52:32+00:00,Powdered Milk NIDO 390 gm Polybag
Pakistan Bureau of Statistics,Monthly price,monthly,2026-09-01,276.59,1 Kg,Multan,https://www.pbs.gov.pk/wp-content/uploads/2020/07/SPI-Monthly-Prices-Annex-9.xlsx,2026-10-02T17:52:32+00:00,Pulse Gram
Pakistan Bureau of Statistics,Monthly price,monthly,2026-09-01,488.7,1 Kg,Multan,https://www.pbs.gov.pk/wp-content/uploads/2020/07/SPI-Monthly-Prices-Annex-9.xlsx,2026-10-02T17:52:32+00:00,Pulse Mash (Washed)
Pakistan Bureau of Statistics,Monthly price,monthly,2026-09-01,295.51,1 Kg,Multan,https://www.pbs.gov.pk/wp-content/uploads/2020/07/SPI-Monthly-Prices-Annex-9.xlsx,2026-10-02T17:52:32+00:00,Pulse Masoor (Washed)
Pakistan Bureau of Statistics,Monthly price,monthly,2026-09-01,391.01,1 Kg,Multan,https://www.pbs.gov.pk/wp-content/uploads/2020/07/SPI-Monthly-Prices-Annex-9.xlsx,2026-10-02T17:52:32+00:00,Pulse Moong (Washed)
Pakistan Bureau of Statistics,Monthly price,monthly,2026-09-01,193.1,1 Kg,Multan,https://www.pbs.gov.pk/wp-content/uploads/2020/07/SPI-Monthly-Prices-Annex-9.xlsx,2026-10-02T17:52:32+00:00,Rice Basmati Broken (Average Quality)
Pakistan Bureau of Statistics,Monthly price,monthly,2026-09-01,140.92,1 Kg,Multan,https://www.pbs.gov.pk/wp-content/uploads/2020/07/SPI-Monthly-Prices-Annex-9.xlsx,2026-10-02T17:52:32+00:00,Rice IRRI-6/9 (Sindh/Punjab)
Pakistan Bureau of Statistics,Monthly price,monthly,2026-09-01,60.0,Each,Multan,https://www.pbs.gov.pk/wp-content/uploads/2020/07/SPI-Monthly-Prices-Annex-9.xlsx,2026-10-02T17:52:32+00:00,Salt Powdered (NATIONAL/SHAN) 800 gm Packet
Pakistan Bureau of Statistics,Monthly price,monthly,2026-09-01,520.7,1 mtr,Multan,https://www.pbs.gov.pk/wp-content/uploads/2020/07/SPI-Monthly-Prices-Annex-9.xlsx,2026-10-02T17:52:32+00:00,Shirting (Average Quality)
Pakistan Bureau of Statistics,Monthly price,monthly,2026-09-01,4549.73,50 Kg,Multan,https://www.pbs.gov.pk/wp-content/uploads/2020/07/SPI-Monthly-Prices-Annex-9.xlsx,2026-10-02T17:52:32+00:00,Sona Urea
Pakistan Bureau of Statistics,Monthly price,monthly,2026-09-01,133.0,Each,Multan,https://www.pbs.gov.pk/wp-content/uploads/2020/07/SPI-Monthly-Prices-Annex-9.xlsx,2026-10-02T17:52:32+00:00,Sufi Washing Soap 250 gm Cake
Pakistan Bureau of Statistics,Monthly price,monthly,2026-09-01,142.46,1 Kg,Multan,https://www.pbs.gov.pk/wp-content/uploads/2020/07/SPI-Monthly-Prices-Annex-9.xlsx,2026-10-02T17:52:32+00:00,Sugar Refined
Pakistan Bureau of Statistics,Monthly price,monthly,2026-09-01,15293.77,50 Kg,Multan,https://www.pbs.gov.pk/wp-content/uploads/2020/07/SPI-Monthly-Prices-Annex-9.xlsx,2026-10-02T17:52:32+00:00,Sulphate of Potash
Pakistan Bureau of Statistics,Monthly price,monthly,2026-09-01,469.41,Each,Multan,https://www.pbs.gov.pk/wp-content/uploads/2020/07/SPI-Monthly-Prices-Annex-9.xlsx,2026-10-02T17:52:32+00:00,Tea Lipton Yellow Label 190 gm Packet
Pakistan Bureau of Statistics,Monthly price,monthly,2026-09-01,80.0,Per Cup,Multan,https://www.pbs.gov.pk/wp-content/uploads/2020/07/SPI-Monthly-Prices-Annex-9.xlsx,2026-10-02T17:52:32+00:00,Tea Prepared Ordinary
Pakistan Bureau of Statistics,Monthly price,monthly,2026-09-01,1.79,Per Minute,Multan,https://www.pbs.gov.pk/wp-content/uploads/2020/07/SPI-Monthly-Prices-Annex-9.xlsx,2026-10-02T17:52:32+00:00,Telephone Call Charges
Pakistan Bureau of Statistics,Monthly price,monthly,2026-09-01,116.17,Each,Multan,https://www.pbs.gov.pk/wp-content/uploads/2020/07/SPI-Monthly-Prices-Annex-9.xlsx,2026-10-02T17:52:32+00:00,Toilet Soap LIFEBUOY 115 gm
Pakistan Bureau of Statistics,Monthly price,monthly,2026-09-01,177.17,1 Kg,Multan,https://www.pbs.gov.pk/wp-content/uploads/2020/07/SPI-Monthly-Prices-Annex-9.xlsx,2026-10-02T17:52:32+00:00,Tomatoes
Pakistan Bureau of Statistics,Monthly price,monthly,2026-09-01,1032.28,Daily,Multan,https://www.pbs.gov.pk/wp-content/uploads/2020/07/SPI-Monthly-Prices-Annex-9.xlsx,2026-10-02T17:52:32+00:00,Unskilled Labour Wage Rate
Pakistan Bureau of Statistics,Monthly price,monthly,2026-09-01,1576.24,Each,Multan,https://www.pbs.gov.pk/wp-content/uploads/2020/07/SPI-Monthly-Prices-Annex-9.xlsx,2026-10-02T17:52:32+00:00,Vegetable Ghee DALDA/HABIB 2.5 kg Tin
Pakistan Bureau of Statistics,Monthly price,monthly,2026-09-01,615.0,Each,Multan,https://www.pbs.gov.pk/wp-content/uploads/2020/07/SPI-Monthly-Prices-Annex-9.xlsx,2026-10-02T17:52:32+00:00,Vegetable Ghee DALDA/HABIB or Other superior Quality 1 kg Pouch
Pakistan Bureau of Statistics,Monthly price,monthly,2026-09-01,2358.44,20 Kg,Multan,https://www.pbs.gov.pk/wp-content/uploads/2020/07/SPI-Monthly-Prices-Annex-9.xlsx,2026-10-02T17:52:32+00:00,Wheat Flour Bag
Pakistan Bureau of Statistics,Monthly price,monthly,2026-09-01,148.03,1 Dozen,Pesha-war,https://www.pbs.gov.pk/wp-content/uploads/2020/07/SPI-Monthly-Prices-Annex-9.xlsx,2026-10-02T17:52:32+00:00,Bananas (Kela) Local
Pakistan Bureau of Statistics,Monthly price,monthly,2026-09-01,1265.94,1 Kg,Pesha-war,https://www.pbs.gov.pk/wp-content/uploads/2020/07/SPI-Monthly-Prices-Annex-9.xlsx,2026-10-02T17:52:32+00:00,Beef with Bone (Average Quality)
Pakistan Bureau of Statistics,Monthly price,monthly,2026-09-01,120.0,Each,Pesha-war,https://www.pbs.gov.pk/wp-content/uploads/2020/07/SPI-Monthly-Prices-Annex-9.xlsx,2026-10-02T17:52:32+00:00,Bread plain (Small Size)
Pakistan Bureau of Statistics,Monthly price,monthly,2026-09-01,349.9,1 kg/1 Ltr,Pesha-war,https://www.pbs.gov.pk/wp-content/uploads/2020/07/SPI-Monthly-Prices-Annex-9.xlsx,2026-10-02T17:52:32+00:00,CNG
Pakistan Bureau of Statistics,Monthly price,monthly,2026-09-01,1556.62,Each,Pesha-war,https://www.pbs.gov.pk/wp-content/uploads/2020/07/SPI-Monthly-Prices-Annex-9.xlsx,2026-10-02T17:52:32+00:00,Cement (Local) 50 kg Bag
Pakistan Bureau of Statistics,Monthly price,monthly,2026-09-01,359.68,1 Kg,Pesha-war,https://www.pbs.gov.pk/wp-content/uploads/2020/07/SPI-Monthly-Prices-Annex-9.xlsx,2026-10-02T17:52:32+00:00,Chicken Farm Broiler (Live)
Pakistan Bureau of Statistics,Monthly price,monthly,2026-09-01,380.0,Each,Pesha-war,https://www.pbs.gov.pk/wp-content/uploads/2020/07/SPI-Monthly-Prices-Annex-9.xlsx,2026-10-02T17:52:32+00:00,Chilies Powder NATIONAL 200 gm Packet
Pakistan Bureau of Statistics,Monthly price,monthly,2026-09-01,270.0,Each,Pesha-war,https://www.pbs.gov.pk/wp-content/uploads/2020/07/SPI-Monthly-Prices-Annex-9.xlsx,2026-10-02T17:52:32+00:00,Cigarettes Capstan 20'S Packet
Pakistan Bureau of Statistics,Monthly price,monthly,2026-09-01,300.0,Per Plate,Pesha-war,https://www.pbs.gov.pk/wp-content/uploads/2020/07/SPI-Monthly-Prices-Annex-9.xlsx,2026-10-02T17:52:32+00:00,Cooked Beef at Average Hotel
Pakistan Bureau of Statistics,Monthly price,monthly,2026-09-01,151.08,Per Plate,Pesha-war,https://www.pbs.gov.pk/wp-content/uploads/2020/07/SPI-Monthly-Prices-Annex-9.xlsx,2026-10-02T17:52:32+00:00,Cooked Daal at Average Hotel
Pakistan Bureau of Statistics,Monthly price,monthly,2026-09-01,3090.0,Each,Pesha-war,https://www.pbs.gov.pk/wp-content/uploads/2020/07/SPI-Monthly-Prices-Annex-9.xlsx,2026-10-02T17:52:32+00:00,"Cooking Oil DALDA or Other Similar Brand (SN), 5 Litre Tin"
Pakistan Bureau of Statistics,Monthly price,monthly,2026-09-01,281.02,1 Kg,Pesha-war,https://www.pbs.gov.pk/wp-content/uploads/2020/07/SPI-Monthly-Prices-Annex-9.xlsx,2026-10-02T17:52:32+00:00,Curd (Dahi) Loose
Pakistan Bureau of Statistics,Monthly price,monthly,2026-09-01,17000.0,50 Kg,Pesha-war,https://www.pbs.gov.pk/wp-content/uploads/2020/07/SPI-Monthly-Prices-Annex-9.xlsx,2026-10-02T17:52:32+00:00,DIA Amun. Phosphate
Pakistan Bureau of Statistics,Monthly price,monthly,2026-09-01,266.91,1 Dozen,Pesha-war,https://www.pbs.gov.pk/wp-content/uploads/2020/07/SPI-Monthly-Prices-Annex-9.xlsx,2026-10-02T17:52:32+00:00,Eggs Hen (Farm)
Pakistan Bureau of Statistics,Monthly price,monthly,2026-09-01,332.47,P/Point,Pesha-war,https://www.pbs.gov.pk/wp-content/uploads/2020/07/SPI-Monthly-Prices-Annex-9.xlsx,2026-10-02T17:52:32+00:00,Electrician Charges
Pakistan Bureau of Statistics,Monthly price,monthly,2026-09-01,6.73,Per Unit,Pesha-war,https://www.pbs.gov.pk/wp-content/uploads/2020/07/SPI-Monthly-Prices-Annex-9.xlsx,2026-10-02T17:52:32+00:00,Electricity Charges upto 50 Units
Pakistan Bureau of Statistics,Monthly price,monthly,2026-09-01,350.0,Each,Pesha-war,https://www.pbs.gov.pk/wp-content/uploads/2020/07/SPI-Monthly-Prices-Annex-9.xlsx,2026-10-02T17:52:32+00:00,Energy Saver Philips 14 Watt
Pakistan Bureau of Statistics,Monthly price,monthly,2026-09-01,1343.28,40 Kg,Pesha-war,https://www.pbs.gov.pk/wp-content/uploads/2020/07/SPI-Monthly-Prices-Annex-9.xlsx,2026-10-02T17:52:32+00:00,Firewood Whole
Pakistan Bureau of Statistics,Monthly price,monthly,2026-09-01,395.85,1 Kg,Pesha-war,https://www.pbs.gov.pk/wp-content/uploads/2020/07/SPI-Monthly-Prices-Annex-9.xlsx,2026-10-02T17:52:32+00:00,Garlic (Lehsun)
Pakistan Bureau of Statistics,Monthly price,monthly,2026-09-01,2566.5,MMBTU,Pesha-war,https://www.pbs.gov.pk/wp-content/uploads/2020/07/SPI-Monthly-Prices-Annex-9.xlsx,2026-10-02T17:52:32+00:00,Gas Charges upto 3.3719 MMBTU
Pakistan Bureau of Statistics,Monthly price,monthly,2026-09-01,2499.0,Pair,Pesha-war,https://www.pbs.gov.pk/wp-content/uploads/2020/07/SPI-Monthly-Prices-Annex-9.xlsx,2026-10-02T17:52:32+00:00,Gents Sandal Bata
Pakistan Bureau of Statistics,Monthly price,monthly,2026-09-01,699.0,Pair,Pesha-war,https://www.pbs.gov.pk/wp-content/uploads/2020/07/SPI-Monthly-Prices-Annex-9.xlsx,2026-10-02T17:52:32+00:00,Gents Sponge Chappal Bata
Pakistan Bureau of Statistics,Monthly price,monthly,2026-09-01,300.0,1 mtr,Pesha-war,https://www.pbs.gov.pk/wp-content/uploads/2020/07/SPI-Monthly-Prices-Annex-9.xlsx,2026-10-02T17:52:32+00:00,Georgette (Average Quality)
Pakistan Bureau of Statistics,Monthly price,monthly,2026-09-01,258.74,1 Kg,Pesha-war,https://www.pbs.gov.pk/wp-content/uploads/2020/07/SPI-Monthly-Prices-Annex-9.xlsx,2026-10-02T17:52:32+00:00,Gur (Average Quality)
Pakistan Bureau of Statistics,Monthly price,monthly,2026-09-01,401.12,Per Litre,Pesha-war,https://www.pbs.gov.pk/wp-content/uploads/2020/07/SPI-Monthly-Prices-Annex-9.xlsx,2026-10-02T17:52:32+00:00,Hi-Speed Diesel
Pakistan Bureau of Statistics,Monthly price,monthly,2026-09-01,4896.4,Each,Pesha-war,https://www.pbs.gov.pk/wp-content/uploads/2020/07/SPI-Monthly-Prices-Annex-9.xlsx,2026-10-02T17:52:32+00:00,LPG 11.67 kg Cylinder
Pakistan Bureau of Statistics,Monthly price,monthly,2026-09-01,1499.0,Pair,Pesha-war,https://www.pbs.gov.pk/wp-content/uploads/2020/07/SPI-Monthly-Prices-Annex-9.xlsx,2026-10-02T17:52:32+00:00,Ladies Sandal Bata
Pakistan Bureau of Statistics,Monthly price,monthly,2026-09-01,888.64,1 mtr,Pesha-war,https://www.pbs.gov.pk/wp-content/uploads/2020/07/SPI-Monthly-Prices-Annex-9.xlsx,2026-10-02T17:52:32+00:00,Lawn Printed Gul Ahmed/Al Karam
Pakistan Bureau of Statistics,Monthly price,monthly,2026-09-01,800.0,1 mtr,Pesha-war,https://www.pbs.gov.pk/wp-content/uploads/2020/07/SPI-Monthly-Prices-Annex-9.xlsx,2026-10-02T17:52:32+00:00,"Long Cloth 57"" Gul Ahmed/Al Karam"
Pakistan Bureau of Statistics,Monthly price,monthly,2026-09-01,2420.94,Daily,Pesha-war,https://www.pbs.gov.pk/wp-content/uploads/2020/07/SPI-Monthly-Prices-Annex-9.xlsx,2026-10-02T17:52:32+00:00,Mason Wage Rate
Pakistan Bureau of Statistics,Monthly price,monthly,2026-09-01,7.0,Each,Pesha-war,https://www.pbs.gov.pk/wp-content/uploads/2020/07/SPI-Monthly-Prices-Annex-9.xlsx,2026-10-02T17:52:32+00:00,Match Box
Pakistan Bureau of Statistics,Monthly price,monthly,2026-09-01,266.46,1 Ltr,Pesha-war,https://www.pbs.gov.pk/wp-content/uploads/2020/07/SPI-Monthly-Prices-Annex-9.xlsx,2026-10-02T17:52:32+00:00,Milk fresh (Un-boiled)
Pakistan Bureau of Statistics,Monthly price,monthly,2026-09-01,638.65,1 Kg,Pesha-war,https://www.pbs.gov.pk/wp-content/uploads/2020/07/SPI-Monthly-Prices-Annex-9.xlsx,2026-10-02T17:52:32+00:00,Mustard Oil (Average Quality)
Pakistan Bureau of Statistics,Monthly price,monthly,2026-09-01,2304.83,1 Kg,Pesha-war,https://www.pbs.gov.pk/wp-content/uploads/2020/07/SPI-Monthly-Prices-Annex-9.xlsx,2026-10-02T17:52:32+00:00,Mutton (Average Quality)
Pakistan Bureau of Statistics,Monthly price,monthly,2026-09-01,11500.0,50 Kg,Pesha-war,https://www.pbs.gov.pk/wp-content/uploads/2020/07/SPI-Monthly-Prices-Annex-9.xlsx,2026-10-02T17:52:32+00:00,Nitro. Phosph. & Pot. (Npk)
Pakistan Bureau of Statistics,Monthly price,monthly,2026-09-01,10700.0,50 Kg,Pesha-war,https://www.pbs.gov.pk/wp-content/uploads/2020/07/SPI-Monthly-Prices-Annex-9.xlsx,2026-10-02T17:52:32+00:00,Nitro. Phosphate
Pakistan Bureau of Statistics,Monthly price,monthly,2026-09-01,228.77,1 Kg,Pesha-war,https://www.pbs.gov.pk/wp-content/uploads/2020/07/SPI-Monthly-Prices-Annex-9.xlsx,2026-10-02T17:52:32+00:00,Onions
Pakistan Bureau of Statistics,Monthly price,monthly,2026-09-01,4450.0,50 Kg,Pesha-war,https://www.pbs.gov.pk/wp-content/uploads/2020/07/SPI-Monthly-Prices-Annex-9.xlsx,2026-10-02T17:52:32+00:00,"Other Urea (Tara, Sarsabz, Shandar etc)"
Pakistan Bureau of Statistics,Monthly price,monthly,2026-09-01,2064.56,Per Day,Pesha-war,https://www.pbs.gov.pk/wp-content/uploads/2020/07/SPI-Monthly-Prices-Annex-9.xlsx,2026-10-02T17:52:32+00:00,Painter Wage Rate
Pakistan Bureau of Statistics,Monthly price,monthly,2026-09-01,374.74,Per Litre,Pesha-war,https://www.pbs.gov.pk/wp-content/uploads/2020/07/SPI-Monthly-Prices-Annex-9.xlsx,2026-10-02T17:52:32+00:00,Petrol Super
Pakistan Bureau of Statistics,Monthly price,monthly,2026-09-01,2500.0,Daily,Pesha-war,https://www.pbs.gov.pk/wp-content/uploads/2020/07/SPI-Monthly-Prices-Annex-9.xlsx,2026-10-02T17:52:32+00:00,Plumber Wage Rate
Pakistan Bureau of Statistics,Monthly price,monthly,2026-09-01,56.46,1 Kg,Pesha-war,https://www.pbs.gov.pk/wp-content/uploads/2020/07/SPI-Monthly-Prices-Annex-9.xlsx,2026-10-02T17:52:32+00:00,Potatoes
Pakistan Bureau of Statistics,Monthly price,monthly,2026-09-01,1171.05,Each,Pesha-war,https://www.pbs.gov.pk/wp-content/uploads/2020/07/SPI-Monthly-Prices-Annex-9.xlsx,2026-10-02T17:52:32+00:00,Powdered Milk NIDO 390 gm Polybag
Pakistan Bureau of Statistics,Monthly price,monthly,2026-09-01,301.09,1 Kg,Pesha-war,https://www.pbs.gov.pk/wp-content/uploads/2020/07/SPI-Monthly-Prices-Annex-9.xlsx,2026-10-02T17:52:32+00:00,Pulse Gram
Pakistan Bureau of Statistics,Monthly price,monthly,2026-09-01,463.48,1 Kg,Pesha-war,https://www.pbs.gov.pk/wp-content/uploads/2020/07/SPI-Monthly-Prices-Annex-9.xlsx,2026-10-02T17:52:32+00:00,Pulse Mash (Washed)
Pakistan Bureau of Statistics,Monthly price,monthly,2026-09-01,257.12,1 Kg,Pesha-war,https://www.pbs.gov.pk/wp-content/uploads/2020/07/SPI-Monthly-Prices-Annex-9.xlsx,2026-10-02T17:52:32+00:00,Pulse Masoor (Washed)
Pakistan Bureau of Statistics,Monthly price,monthly,2026-09-01,337.15,1 Kg,Pesha-war,https://www.pbs.gov.pk/wp-content/uploads/2020/07/SPI-Monthly-Prices-Annex-9.xlsx,2026-10-02T17:52:32+00:00,Pulse Moong (Washed)
Pakistan Bureau of Statistics,Monthly price,monthly,2026-09-01,222.18,1 Kg,Pesha-war,https://www.pbs.gov.pk/wp-content/uploads/2020/07/SPI-Monthly-Prices-Annex-9.xlsx,2026-10-02T17:52:32+00:00,Rice Basmati Broken (Average Quality)
Pakistan Bureau of Statistics,Monthly price,monthly,2026-09-01,130.0,1 Kg,Pesha-war,https://www.pbs.gov.pk/wp-content/uploads/2020/07/SPI-Monthly-Prices-Annex-9.xlsx,2026-10-02T17:52:32+00:00,Rice IRRI-6/9 (Sindh/Punjab)
Pakistan Bureau of Statistics,Monthly price,monthly,2026-09-01,4900.0,50 Kg,Pesha-war,https://www.pbs.gov.pk/wp-content/uploads/2020/07/SPI-Monthly-Prices-Annex-9.xlsx,2026-10-02T17:52:32+00:00,"S.S Phosphate, Gr. 18%"
Pakistan Bureau of Statistics,Monthly price,monthly,2026-09-01,60.0,Each,Pesha-war,https://www.pbs.gov.pk/wp-content/uploads/2020/07/SPI-Monthly-Prices-Annex-9.xlsx,2026-10-02T17:52:32+00:00,Salt Powdered (NATIONAL/SHAN) 800 gm Packet
Pakistan Bureau of Statistics,Monthly price,monthly,2026-09-01,760.83,1 mtr,Pesha-war,https://www.pbs.gov.pk/wp-content/uploads/2020/07/SPI-Monthly-Prices-Annex-9.xlsx,2026-10-02T17:52:32+00:00,Shirting (Average Quality)
Pakistan Bureau of Statistics,Monthly price,monthly,2026-09-01,4600.0,50 Kg,Pesha-war,https://www.pbs.gov.pk/wp-content/uploads/2020/07/SPI-Monthly-Prices-Annex-9.xlsx,2026-10-02T17:52:32+00:00,Sona Urea
Pakistan Bureau of Statistics,Monthly price,monthly,2026-09-01,148.31,Each,Pesha-war,https://www.pbs.gov.pk/wp-content/uploads/2020/07/SPI-Monthly-Prices-Annex-9.xlsx,2026-10-02T17:52:32+00:00,Sufi Washing Soap 250 gm Cake
Pakistan Bureau of Statistics,Monthly price,monthly,2026-09-01,149.81,1 Kg,Pesha-war,https://www.pbs.gov.pk/wp-content/uploads/2020/07/SPI-Monthly-Prices-Annex-9.xlsx,2026-10-02T17:52:32+00:00,Sugar Refined
Pakistan Bureau of Statistics,Monthly price,monthly,2026-09-01,15000.0,50 Kg,Pesha-war,https://www.pbs.gov.pk/wp-content/uploads/2020/07/SPI-Monthly-Prices-Annex-9.xlsx,2026-10-02T17:52:32+00:00,Sulphate of Potash
Pakistan Bureau of Statistics,Monthly price,monthly,2026-09-01,469.41,Each,Pesha-war,https://www.pbs.gov.pk/wp-content/uploads/2020/07/SPI-Monthly-Prices-Annex-9.xlsx,2026-10-02T17:52:32+00:00,Tea Lipton Yellow Label 190 gm Packet
Pakistan Bureau of Statistics,Monthly price,monthly,2026-09-01,54.22,Per Cup,Pesha-war,https://www.pbs.gov.pk/wp-content/uploads/2020/07/SPI-Monthly-Prices-Annex-9.xlsx,2026-10-02T17:52:32+00:00,Tea Prepared Ordinary
Pakistan Bureau of Statistics,Monthly price,monthly,2026-09-01,1.79,Per Minute,Pesha-war,https://www.pbs.gov.pk/wp-content/uploads/2020/07/SPI-Monthly-Prices-Annex-9.xlsx,2026-10-02T17:52:32+00:00,Telephone Call Charges
Pakistan Bureau of Statistics,Monthly price,monthly,2026-09-01,129.08,Each,Pesha-war,https://www.pbs.gov.pk/wp-content/uploads/2020/07/SPI-Monthly-Prices-Annex-9.xlsx,2026-10-02T17:52:32+00:00,Toilet Soap LIFEBUOY 115 gm
Pakistan Bureau of Statistics,Monthly price,monthly,2026-09-01,207.17,1 Kg,Pesha-war,https://www.pbs.gov.pk/wp-content/uploads/2020/07/SPI-Monthly-Prices-Annex-9.xlsx,2026-10-02T17:52:32+00:00,Tomatoes
Pakistan Bureau of Statistics,Monthly price,monthly,2026-09-01,1465.9,Daily,Pesha-war,https://www.pbs.gov.pk/wp-content/uploads/2020/07/SPI-Monthly-Prices-Annex-9.xlsx,2026-10-02T17:52:32+00:00,Unskilled Labour Wage Rate
Pakistan Bureau of Statistics,Monthly price,monthly,2026-09-01,1580.0,Each,Pesha-war,https://www.pbs.gov.pk/wp-content/uploads/2020/07/SPI-Monthly-Prices-Annex-9.xlsx,2026-10-02T17:52:32+00:00,Vegetable Ghee DALDA/HABIB 2.5 kg Tin
Pakistan Bureau of Statistics,Monthly price,monthly,2026-09-01,615.0,Each,Pesha-war,https://www.pbs.gov.pk/wp-content/uploads/2020/07/SPI-Monthly-Prices-Annex-9.xlsx,2026-10-02T17:52:32+00:00,Vegetable Ghee DALDA/HABIB or Other superior Quality 1 kg Pouch
Pakistan Bureau of Statistics,Monthly price,monthly,2026-09-01,2866.52,20 Kg,Pesha-war,https://www.pbs.gov.pk/wp-content/uploads/2020/07/SPI-Monthly-Prices-Annex-9.xlsx,2026-10-02T17:52:32+00:00,Wheat Flour Bag
Pakistan Bureau of Statistics,Monthly price,monthly,2026-09-01,118.72,1 Dozen,Quetta,https://www.pbs.gov.pk/wp-content/uploads/2020/07/SPI-Monthly-Prices-Annex-9.xlsx,2026-10-02T17:52:32+00:00,Bananas (Kela) Local
Pakistan Bureau of Statistics,Monthly price,monthly,2026-09-01,1249.33,1 Kg,Quetta,https://www.pbs.gov.pk/wp-content/uploads/2020/07/SPI-Monthly-Prices-Annex-9.xlsx,2026-10-02T17:52:32+00:00,Beef with Bone (Average Quality)
Pakistan Bureau of Statistics,Monthly price,monthly,2026-09-01,130.0,Each,Quetta,https://www.pbs.gov.pk/wp-content/uploads/2020/07/SPI-Monthly-Prices-Annex-9.xlsx,2026-10-02T17:52:32+00:00,Bread plain (Small Size)
Pakistan Bureau of Statistics,Monthly price,monthly,2026-09-01,315.0,1 kg/1 Ltr,Quetta,https://www.pbs.gov.pk/wp-content/uploads/2020/07/SPI-Monthly-Prices-Annex-9.xlsx,2026-10-02T17:52:32+00:00,CNG
Pakistan Bureau of Statistics,Monthly price,monthly,2026-09-01,1549.88,Each,Quetta,https://www.pbs.gov.pk/wp-content/uploads/2020/07/SPI-Monthly-Prices-Annex-9.xlsx,2026-10-02T17:52:32+00:00,Cement (Local) 50 kg Bag
Pakistan Bureau of Statistics,Monthly price,monthly,2026-09-01,369.84,1 Kg,Quetta,https://www.pbs.gov.pk/wp-content/uploads/2020/07/SPI-Monthly-Prices-Annex-9.xlsx,2026-10-02T17:52:32+00:00,Chicken Farm Broiler (Live)
Pakistan Bureau of Statistics,Monthly price,monthly,2026-09-01,380.0,Each,Quetta,https://www.pbs.gov.pk/wp-content/uploads/2020/07/SPI-Monthly-Prices-Annex-9.xlsx,2026-10-02T17:52:32+00:00,Chilies Powder NATIONAL 200 gm Packet
Pakistan Bureau of Statistics,Monthly price,monthly,2026-09-01,250.0,Each,Quetta,https://www.pbs.gov.pk/wp-content/uploads/2020/07/SPI-Monthly-Prices-Annex-9.xlsx,2026-10-02T17:52:32+00:00,Cigarettes Capstan 20'S Packet
Pakistan Bureau of Statistics,Monthly price,monthly,2026-09-01,359.91,Per Plate,Quetta,https://www.pbs.gov.pk/wp-content/uploads/2020/07/SPI-Monthly-Prices-Annex-9.xlsx,2026-10-02T17:52:32+00:00,Cooked Beef at Average Hotel
Pakistan Bureau of Statistics,Monthly price,monthly,2026-09-01,189.82,Per Plate,Quetta,https://www.pbs.gov.pk/wp-content/uploads/2020/07/SPI-Monthly-Prices-Annex-9.xlsx,2026-10-02T17:52:32+00:00,Cooked Daal at Average Hotel
Pakistan Bureau of Statistics,Monthly price,monthly,2026-09-01,3090.0,Each,Quetta,https://www.pbs.gov.pk/wp-content/uploads/2020/07/SPI-Monthly-Prices-Annex-9.xlsx,2026-10-02T17:52:32+00:00,"Cooking Oil DALDA or Other Similar Brand (SN), 5 Litre Tin"
Pakistan Bureau of Statistics,Monthly price,monthly,2026-09-01,240.0,1 Kg,Quetta,https://www.pbs.gov.pk/wp-content/uploads/2020/07/SPI-Monthly-Prices-Annex-9.xlsx,2026-10-02T17:52:32+00:00,Curd (Dahi) Loose
Pakistan Bureau of Statistics,Monthly price,monthly,2026-09-01,16284.47,50 Kg,Quetta,https://www.pbs.gov.pk/wp-content/uploads/2020/07/SPI-Monthly-Prices-Annex-9.xlsx,2026-10-02T17:52:32+00:00,DIA Amun. Phosphate
Pakistan Bureau of Statistics,Monthly price,monthly,2026-09-01,251.66,1 Dozen,Quetta,https://www.pbs.gov.pk/wp-content/uploads/2020/07/SPI-Monthly-Prices-Annex-9.xlsx,2026-10-02T17:52:32+00:00,Eggs Hen (Farm)
Pakistan Bureau of Statistics,Monthly price,monthly,2026-09-01,317.37,P/Point,Quetta,https://www.pbs.gov.pk/wp-content/uploads/2020/07/SPI-Monthly-Prices-Annex-9.xlsx,2026-10-02T17:52:32+00:00,Electrician Charges
Pakistan Bureau of Statistics,Monthly price,monthly,2026-09-01,6.73,Per Unit,Quetta,https://www.pbs.gov.pk/wp-content/uploads/2020/07/SPI-Monthly-Prices-Annex-9.xlsx,2026-10-02T17:52:32+00:00,Electricity Charges upto 50 Units
Pakistan Bureau of Statistics,Monthly price,monthly,2026-09-01,350.0,Each,Quetta,https://www.pbs.gov.pk/wp-content/uploads/2020/07/SPI-Monthly-Prices-Annex-9.xlsx,2026-10-02T17:52:32+00:00,Energy Saver Philips 14 Watt
Pakistan Bureau of Statistics,Monthly price,monthly,2026-09-01,1449.43,40 Kg,Quetta,https://www.pbs.gov.pk/wp-content/uploads/2020/07/SPI-Monthly-Prices-Annex-9.xlsx,2026-10-02T17:52:32+00:00,Firewood Whole
Pakistan Bureau of Statistics,Monthly price,monthly,2026-09-01,374.54,1 Kg,Quetta,https://www.pbs.gov.pk/wp-content/uploads/2020/07/SPI-Monthly-Prices-Annex-9.xlsx,2026-10-02T17:52:32+00:00,Garlic (Lehsun)
Pakistan Bureau of Statistics,Monthly price,monthly,2026-09-01,2566.5,MMBTU,Quetta,https://www.pbs.gov.pk/wp-content/uploads/2020/07/SPI-Monthly-Prices-Annex-9.xlsx,2026-10-02T17:52:32+00:00,Gas Charges upto 3.3719 MMBTU
Pakistan Bureau of Statistics,Monthly price,monthly,2026-09-01,2499.0,Pair,Quetta,https://www.pbs.gov.pk/wp-content/uploads/2020/07/SPI-Monthly-Prices-Annex-9.xlsx,2026-10-02T17:52:32+00:00,Gents Sandal Bata
Pakistan Bureau of Statistics,Monthly price,monthly,2026-09-01,699.0,Pair,Quetta,https://www.pbs.gov.pk/wp-content/uploads/2020/07/SPI-Monthly-Prices-Annex-9.xlsx,2026-10-02T17:52:32+00:00,Gents Sponge Chappal Bata
Pakistan Bureau of Statistics,Monthly price,monthly,2026-09-01,219.62,1 mtr,Quetta,https://www.pbs.gov.pk/wp-content/uploads/2020/07/SPI-Monthly-Prices-Annex-9.xlsx,2026-10-02T17:52:32+00:00,Georgette (Average Quality)
Pakistan Bureau of Statistics,Monthly price,monthly,2026-09-01,244.97,1 Kg,Quetta,https://www.pbs.gov.pk/wp-content/uploads/2020/07/SPI-Monthly-Prices-Annex-9.xlsx,2026-10-02T17:52:32+00:00,Gur (Average Quality)
Pakistan Bureau of Statistics,Monthly price,monthly,2026-09-01,401.15,Per Litre,Quetta,https://www.pbs.gov.pk/wp-content/uploads/2020/07/SPI-Monthly-Prices-Annex-9.xlsx,2026-10-02T17:52:32+00:00,Hi-Speed Diesel
Pakistan Bureau of Statistics,Monthly price,monthly,2026-09-01,4898.81,Each,Quetta,https://www.pbs.gov.pk/wp-content/uploads/2020/07/SPI-Monthly-Prices-Annex-9.xlsx,2026-10-02T17:52:32+00:00,LPG 11.67 kg Cylinder
Pakistan Bureau of Statistics,Monthly price,monthly,2026-09-01,1499.0,Pair,Quetta,https://www.pbs.gov.pk/wp-content/uploads/2020/07/SPI-Monthly-Prices-Annex-9.xlsx,2026-10-02T17:52:32+00:00,Ladies Sandal Bata
Pakistan Bureau of Statistics,Monthly price,monthly,2026-09-01,748.89,1 mtr,Quetta,https://www.pbs.gov.pk/wp-content/uploads/2020/07/SPI-Monthly-Prices-Annex-9.xlsx,2026-10-02T17:52:32+00:00,Lawn Printed Gul Ahmed/Al Karam
Pakistan Bureau of Statistics,Monthly price,monthly,2026-09-01,748.89,1 mtr,Quetta,https://www.pbs.gov.pk/wp-content/uploads/2020/07/SPI-Monthly-Prices-Annex-9.xlsx,2026-10-02T17:52:32+00:00,"Long Cloth 57"" Gul Ahmed/Al Karam"
Pakistan Bureau of Statistics,Monthly price,monthly,2026-09-01,2193.92,Daily,Quetta,https://www.pbs.gov.pk/wp-content/uploads/2020/07/SPI-Monthly-Prices-Annex-9.xlsx,2026-10-02T17:52:32+00:00,Mason Wage Rate
Pakistan Bureau of Statistics,Monthly price,monthly,2026-09-01,5.97,Each,Quetta,https://www.pbs.gov.pk/wp-content/uploads/2020/07/SPI-Monthly-Prices-Annex-9.xlsx,2026-10-02T17:52:32+00:00,Match Box
Pakistan Bureau of Statistics,Monthly price,monthly,2026-09-01,220.0,1 Ltr,Quetta,https://www.pbs.gov.pk/wp-content/uploads/2020/07/SPI-Monthly-Prices-Annex-9.xlsx,2026-10-02T17:52:32+00:00,Milk fresh (Un-boiled)
Pakistan Bureau of Statistics,Monthly price,monthly,2026-09-01,597.23,1 Kg,Quetta,https://www.pbs.gov.pk/wp-content/uploads/2020/07/SPI-Monthly-Prices-Annex-9.xlsx,2026-10-02T17:52:32+00:00,Mustard Oil (Average Quality)
Pakistan Bureau of Statistics,Monthly price,monthly,2026-09-01,2348.05,1 Kg,Quetta,https://www.pbs.gov.pk/wp-content/uploads/2020/07/SPI-Monthly-Prices-Annex-9.xlsx,2026-10-02T17:52:32+00:00,Mutton (Average Quality)
Pakistan Bureau of Statistics,Monthly price,monthly,2026-09-01,10662.79,50 Kg,Quetta,https://www.pbs.gov.pk/wp-content/uploads/2020/07/SPI-Monthly-Prices-Annex-9.xlsx,2026-10-02T17:52:32+00:00,Nitro. Phosph. & Pot. (Npk)
Pakistan Bureau of Statistics,Monthly price,monthly,2026-09-01,169.36,1 Kg,Quetta,https://www.pbs.gov.pk/wp-content/uploads/2020/07/SPI-Monthly-Prices-Annex-9.xlsx,2026-10-02T17:52:32+00:00,Onions
Pakistan Bureau of Statistics,Monthly price,monthly,2026-09-01,1792.56,Per Day,Quetta,https://www.pbs.gov.pk/wp-content/uploads/2020/07/SPI-Monthly-Prices-Annex-9.xlsx,2026-10-02T17:52:32+00:00,Painter Wage Rate
Pakistan Bureau of Statistics,Monthly price,monthly,2026-09-01,374.78,Per Litre,Quetta,https://www.pbs.gov.pk/wp-content/uploads/2020/07/SPI-Monthly-Prices-Annex-9.xlsx,2026-10-02T17:52:32+00:00,Petrol Super
Pakistan Bureau of Statistics,Monthly price,monthly,2026-09-01,1698.04,Daily,Quetta,https://www.pbs.gov.pk/wp-content/uploads/2020/07/SPI-Monthly-Prices-Annex-9.xlsx,2026-10-02T17:52:32+00:00,Plumber Wage Rate
Pakistan Bureau of Statistics,Monthly price,monthly,2026-09-01,47.02,1 Kg,Quetta,https://www.pbs.gov.pk/wp-content/uploads/2020/07/SPI-Monthly-Prices-Annex-9.xlsx,2026-10-02T17:52:32+00:00,Potatoes
Pakistan Bureau of Statistics,Monthly price,monthly,2026-09-01,1170.0,Each,Quetta,https://www.pbs.gov.pk/wp-content/uploads/2020/07/SPI-Monthly-Prices-Annex-9.xlsx,2026-10-02T17:52:32+00:00,Powdered Milk NIDO 390 gm Polybag
Pakistan Bureau of Statistics,Monthly price,monthly,2026-09-01,309.93,1 Kg,Quetta,https://www.pbs.gov.pk/wp-content/uploads/2020/07/SPI-Monthly-Prices-Annex-9.xlsx,2026-10-02T17:52:32+00:00,Pulse Gram
Pakistan Bureau of Statistics,Monthly price,monthly,2026-09-01,489.96,1 Kg,Quetta,https://www.pbs.gov.pk/wp-content/uploads/2020/07/SPI-Monthly-Prices-Annex-9.xlsx,2026-10-02T17:52:32+00:00,Pulse Mash (Washed)
Pakistan Bureau of Statistics,Monthly price,monthly,2026-09-01,277.3,1 Kg,Quetta,https://www.pbs.gov.pk/wp-content/uploads/2020/07/SPI-Monthly-Prices-Annex-9.xlsx,2026-10-02T17:52:32+00:00,Pulse Masoor (Washed)
Pakistan Bureau of Statistics,Monthly price,monthly,2026-09-01,427.25,1 Kg,Quetta,https://www.pbs.gov.pk/wp-content/uploads/2020/07/SPI-Monthly-Prices-Annex-9.xlsx,2026-10-02T17:52:32+00:00,Pulse Moong (Washed)
Pakistan Bureau of Statistics,Monthly price,monthly,2026-09-01,274.88,1 Kg,Quetta,https://www.pbs.gov.pk/wp-content/uploads/2020/07/SPI-Monthly-Prices-Annex-9.xlsx,2026-10-02T17:52:32+00:00,Rice Basmati Broken (Average Quality)
Pakistan Bureau of Statistics,Monthly price,monthly,2026-09-01,159.87,1 Kg,Quetta,https://www.pbs.gov.pk/wp-content/uploads/2020/07/SPI-Monthly-Prices-Annex-9.xlsx,2026-10-02T17:52:32+00:00,Rice IRRI-6/9 (Sindh/Punjab)
Pakistan Bureau of Statistics,Monthly price,monthly,2026-09-01,60.0,Each,Quetta,https://www.pbs.gov.pk/wp-content/uploads/2020/07/SPI-Monthly-Prices-Annex-9.xlsx,2026-10-02T17:52:32+00:00,Salt Powdered (NATIONAL/SHAN) 800 gm Packet
Pakistan Bureau of Statistics,Monthly price,monthly,2026-09-01,239.86,1 mtr,Quetta,https://www.pbs.gov.pk/wp-content/uploads/2020/07/SPI-Monthly-Prices-Annex-9.xlsx,2026-10-02T17:52:32+00:00,Shirting (Average Quality)
Pakistan Bureau of Statistics,Monthly price,monthly,2026-09-01,5265.63,50 Kg,Quetta,https://www.pbs.gov.pk/wp-content/uploads/2020/07/SPI-Monthly-Prices-Annex-9.xlsx,2026-10-02T17:52:32+00:00,Sona Urea
Pakistan Bureau of Statistics,Monthly price,monthly,2026-09-01,150.0,Each,Quetta,https://www.pbs.gov.pk/wp-content/uploads/2020/07/SPI-Monthly-Prices-Annex-9.xlsx,2026-10-02T17:52:32+00:00,Sufi Washing Soap 250 gm Cake
Pakistan Bureau of Statistics,Monthly price,monthly,2026-09-01,146.0,1 Kg,Quetta,https://www.pbs.gov.pk/wp-content/uploads/2020/07/SPI-Monthly-Prices-Annex-9.xlsx,2026-10-02T17:52:32+00:00,Sugar Refined
Pakistan Bureau of Statistics,Monthly price,monthly,2026-09-01,469.0,Each,Quetta,https://www.pbs.gov.pk/wp-content/uploads/2020/07/SPI-Monthly-Prices-Annex-9.xlsx,2026-10-02T17:52:32+00:00,Tea Lipton Yellow Label 190 gm Packet
Pakistan Bureau of Statistics,Monthly price,monthly,2026-09-01,90.0,Per Cup,Quetta,https://www.pbs.gov.pk/wp-content/uploads/2020/07/SPI-Monthly-Prices-Annex-9.xlsx,2026-10-02T17:52:32+00:00,Tea Prepared Ordinary
Pakistan Bureau of Statistics,Monthly price,monthly,2026-09-01,1.79,Per Minute,Quetta,https://www.pbs.gov.pk/wp-content/uploads/2020/07/SPI-Monthly-Prices-Annex-9.xlsx,2026-10-02T17:52:32+00:00,Telephone Call Charges
Pakistan Bureau of Statistics,Monthly price,monthly,2026-09-01,116.17,Each,Quetta,https://www.pbs.gov.pk/wp-content/uploads/2020/07/SPI-Monthly-Prices-Annex-9.xlsx,2026-10-02T17:52:32+00:00,Toilet Soap LIFEBUOY 115 gm
Pakistan Bureau of Statistics,Monthly price,monthly,2026-09-01,123.61,1 Kg,Quetta,https://www.pbs.gov.pk/wp-content/uploads/2020/07/SPI-Monthly-Prices-Annex-9.xlsx,2026-10-02T17:52:32+00:00,Tomatoes
Pakistan Bureau of Statistics,Monthly price,monthly,2026-09-01,1449.43,Daily,Quetta,https://www.pbs.gov.pk/wp-content/uploads/2020/07/SPI-Monthly-Prices-Annex-9.xlsx,2026-10-02T17:52:32+00:00,Unskilled Labour Wage Rate
Pakistan Bureau of Statistics,Monthly price,monthly,2026-09-01,1580.0,Each,Quetta,https://www.pbs.gov.pk/wp-content/uploads/2020/07/SPI-Monthly-Prices-Annex-9.xlsx,2026-10-02T17:52:32+00:00,Vegetable Ghee DALDA/HABIB 2.5 kg Tin
Pakistan Bureau of Statistics,Monthly price,monthly,2026-09-01,615.0,Each,Quetta,https://www.pbs.gov.pk/wp-content/uploads/2020/07/SPI-Monthly-Prices-Annex-9.xlsx,2026-10-02T17:52:32+00:00,Vegetable Ghee DALDA/HABIB or Other superior Quality 1 kg Pouch
Pakistan Bureau of Statistics,Monthly price,monthly,2026-09-01,2954.95,20 Kg,Quetta,https://www.pbs.gov.pk/wp-content/uploads/2020/07/SPI-Monthly-Prices-Annex-9.xlsx,2026-10-02T17:52:32+00:00,Wheat Flour Bag
Pakistan Bureau of Statistics,Monthly price,monthly,2026-09-01,221.09,1 Dozen,Rawal-pindi,https://www.pbs.gov.pk/wp-content/uploads/2020/07/SPI-Monthly-Prices-Annex-9.xlsx,2026-10-02T17:52:32+00:00,Bananas (Kela) Local
Pakistan Bureau of Statistics,Monthly price,monthly,2026-09-01,1515.94,1 Kg,Rawal-pindi,https://www.pbs.gov.pk/wp-content/uploads/2020/07/SPI-Monthly-Prices-Annex-9.xlsx,2026-10-02T17:52:32+00:00,Beef with Bone (Average Quality)
Pakistan Bureau of Statistics,Monthly price,monthly,2026-09-01,120.0,Each,Rawal-pindi,https://www.pbs.gov.pk/wp-content/uploads/2020/07/SPI-Monthly-Prices-Annex-9.xlsx,2026-10-02T17:52:32+00:00,Bread plain (Small Size)
Pakistan Bureau of Statistics,Monthly price,monthly,2026-09-01,287.35,1 kg/1 Ltr,Rawal-pindi,https://www.pbs.gov.pk/wp-content/uploads/2020/07/SPI-Monthly-Prices-Annex-9.xlsx,2026-10-02T17:52:32+00:00,CNG
Pakistan Bureau of Statistics,Monthly price,monthly,2026-09-01,5200.0,50 Kg,Rawal-pindi,https://www.pbs.gov.pk/wp-content/uploads/2020/07/SPI-Monthly-Prices-Annex-9.xlsx,2026-10-02T17:52:32+00:00,Calcium Ammonium Nitrate
Pakistan Bureau of Statistics,Monthly price,monthly,2026-09-01,1508.0,Each,Rawal-pindi,https://www.pbs.gov.pk/wp-content/uploads/2020/07/SPI-Monthly-Prices-Annex-9.xlsx,2026-10-02T17:52:32+00:00,Cement (Local) 50 kg Bag
Pakistan Bureau of Statistics,Monthly price,monthly,2026-09-01,352.1,1 Kg,Rawal-pindi,https://www.pbs.gov.pk/wp-content/uploads/2020/07/SPI-Monthly-Prices-Annex-9.xlsx,2026-10-02T17:52:32+00:00,Chicken Farm Broiler (Live)
Pakistan Bureau of Statistics,Monthly price,monthly,2026-09-01,380.0,Each,Rawal-pindi,https://www.pbs.gov.pk/wp-content/uploads/2020/07/SPI-Monthly-Prices-Annex-9.xlsx,2026-10-02T17:52:32+00:00,Chilies Powder NATIONAL 200 gm Packet
Pakistan Bureau of Statistics,Monthly price,monthly,2026-09-01,250.0,Each,Rawal-pindi,https://www.pbs.gov.pk/wp-content/uploads/2020/07/SPI-Monthly-Prices-Annex-9.xlsx,2026-10-02T17:52:32+00:00,Cigarettes Capstan 20'S Packet
Pakistan Bureau of Statistics,Monthly price,monthly,2026-09-01,337.02,Per Plate,Rawal-pindi,https://www.pbs.gov.pk/wp-content/uploads/2020/07/SPI-Monthly-Prices-Annex-9.xlsx,2026-10-02T17:52:32+00:00,Cooked Beef at Average Hotel
Pakistan Bureau of Statistics,Monthly price,monthly,2026-09-01,220.86,Per Plate,Rawal-pindi,https://www.pbs.gov.pk/wp-content/uploads/2020/07/SPI-Monthly-Prices-Annex-9.xlsx,2026-10-02T17:52:32+00:00,Cooked Daal at Average Hotel
Pakistan Bureau of Statistics,Monthly price,monthly,2026-09-01,3090.0,Each,Rawal-pindi,https://www.pbs.gov.pk/wp-content/uploads/2020/07/SPI-Monthly-Prices-Annex-9.xlsx,2026-10-02T17:52:32+00:00,"Cooking Oil DALDA or Other Similar Brand (SN), 5 Litre Tin"
Pakistan Bureau of Statistics,Monthly price,monthly,2026-09-01,268.21,1 Kg,Rawal-pindi,https://www.pbs.gov.pk/wp-content/uploads/2020/07/SPI-Monthly-Prices-Annex-9.xlsx,2026-10-02T17:52:32+00:00,Curd (Dahi) Loose
Pakistan Bureau of Statistics,Monthly price,monthly,2026-09-01,16700.0,50 Kg,Rawal-pindi,https://www.pbs.gov.pk/wp-content/uploads/2020/07/SPI-Monthly-Prices-Annex-9.xlsx,2026-10-02T17:52:32+00:00,DIA Amun. Phosphate
Pakistan Bureau of Statistics,Monthly price,monthly,2026-09-01,255.08,1 Dozen,Rawal-pindi,https://www.pbs.gov.pk/wp-content/uploads/2020/07/SPI-Monthly-Prices-Annex-9.xlsx,2026-10-02T17:52:32+00:00,Eggs Hen (Farm)
Pakistan Bureau of Statistics,Monthly price,monthly,2026-09-01,461.48,P/Point,Rawal-pindi,https://www.pbs.gov.pk/wp-content/uploads/2020/07/SPI-Monthly-Prices-Annex-9.xlsx,2026-10-02T17:52:32+00:00,Electrician Charges
Pakistan Bureau of Statistics,Monthly price,monthly,2026-09-01,6.73,Per Unit,Rawal-pindi,https://www.pbs.gov.pk/wp-content/uploads/2020/07/SPI-Monthly-Prices-Annex-9.xlsx,2026-10-02T17:52:32+00:00,Electricity Charges upto 50 Units
Pakistan Bureau of Statistics,Monthly price,monthly,2026-09-01,260.4,Each,Rawal-pindi,https://www.pbs.gov.pk/wp-content/uploads/2020/07/SPI-Monthly-Prices-Annex-9.xlsx,2026-10-02T17:52:32+00:00,Energy Saver Philips 14 Watt
Pakistan Bureau of Statistics,Monthly price,monthly,2026-09-01,1762.08,40 Kg,Rawal-pindi,https://www.pbs.gov.pk/wp-content/uploads/2020/07/SPI-Monthly-Prices-Annex-9.xlsx,2026-10-02T17:52:32+00:00,Firewood Whole
Pakistan Bureau of Statistics,Monthly price,monthly,2026-09-01,409.95,1 Kg,Rawal-pindi,https://www.pbs.gov.pk/wp-content/uploads/2020/07/SPI-Monthly-Prices-Annex-9.xlsx,2026-10-02T17:52:32+00:00,Garlic (Lehsun)
Pakistan Bureau of Statistics,Monthly price,monthly,2026-09-01,2566.5,MMBTU,Rawal-pindi,https://www.pbs.gov.pk/wp-content/uploads/2020/07/SPI-Monthly-Prices-Annex-9.xlsx,2026-10-02T17:52:32+00:00,Gas Charges upto 3.3719 MMBTU
Pakistan Bureau of Statistics,Monthly price,monthly,2026-09-01,2499.0,Pair,Rawal-pindi,https://www.pbs.gov.pk/wp-content/uploads/2020/07/SPI-Monthly-Prices-Annex-9.xlsx,2026-10-02T17:52:32+00:00,Gents Sandal Bata
Pakistan Bureau of Statistics,Monthly price,monthly,2026-09-01,699.0,Pair,Rawal-pindi,https://www.pbs.gov.pk/wp-content/uploads/2020/07/SPI-Monthly-Prices-Annex-9.xlsx,2026-10-02T17:52:32+00:00,Gents Sponge Chappal Bata
Pakistan Bureau of Statistics,Monthly price,monthly,2026-09-01,422.27,1 mtr,Rawal-pindi,https://www.pbs.gov.pk/wp-content/uploads/2020/07/SPI-Monthly-Prices-Annex-9.xlsx,2026-10-02T17:52:32+00:00,Georgette (Average Quality)
Pakistan Bureau of Statistics,Monthly price,monthly,2026-09-01,255.93,1 Kg,Rawal-pindi,https://www.pbs.gov.pk/wp-content/uploads/2020/07/SPI-Monthly-Prices-Annex-9.xlsx,2026-10-02T17:52:32+00:00,Gur (Average Quality)
Pakistan Bureau of Statistics,Monthly price,monthly,2026-09-01,401.15,Per Litre,Rawal-pindi,https://www.pbs.gov.pk/wp-content/uploads/2020/07/SPI-Monthly-Prices-Annex-9.xlsx,2026-10-02T17:52:32+00:00,Hi-Speed Diesel
Pakistan Bureau of Statistics,Monthly price,monthly,2026-09-01,5270.34,Each,Rawal-pindi,https://www.pbs.gov.pk/wp-content/uploads/2020/07/SPI-Monthly-Prices-Annex-9.xlsx,2026-10-02T17:52:32+00:00,LPG 11.67 kg Cylinder
Pakistan Bureau of Statistics,Monthly price,monthly,2026-09-01,1499.0,Pair,Rawal-pindi,https://www.pbs.gov.pk/wp-content/uploads/2020/07/SPI-Monthly-Prices-Annex-9.xlsx,2026-10-02T17:52:32+00:00,Ladies Sandal Bata
Pakistan Bureau of Statistics,Monthly price,monthly,2026-09-01,634.78,1 mtr,Rawal-pindi,https://www.pbs.gov.pk/wp-content/uploads/2020/07/SPI-Monthly-Prices-Annex-9.xlsx,2026-10-02T17:52:32+00:00,Lawn Printed Gul Ahmed/Al Karam
Pakistan Bureau of Statistics,Monthly price,monthly,2026-09-01,774.35,1 mtr,Rawal-pindi,https://www.pbs.gov.pk/wp-content/uploads/2020/07/SPI-Monthly-Prices-Annex-9.xlsx,2026-10-02T17:52:32+00:00,"Long Cloth 57"" Gul Ahmed/Al Karam"
Pakistan Bureau of Statistics,Monthly price,monthly,2026-09-01,2313.0,Daily,Rawal-pindi,https://www.pbs.gov.pk/wp-content/uploads/2020/07/SPI-Monthly-Prices-Annex-9.xlsx,2026-10-02T17:52:32+00:00,Mason Wage Rate
Pakistan Bureau of Statistics,Monthly price,monthly,2026-09-01,6.0,Each,Rawal-pindi,https://www.pbs.gov.pk/wp-content/uploads/2020/07/SPI-Monthly-Prices-Annex-9.xlsx,2026-10-02T17:52:32+00:00,Match Box
Pakistan Bureau of Statistics,Monthly price,monthly,2026-09-01,242.87,1 Ltr,Rawal-pindi,https://www.pbs.gov.pk/wp-content/uploads/2020/07/SPI-Monthly-Prices-Annex-9.xlsx,2026-10-02T17:52:32+00:00,Milk fresh (Un-boiled)
Pakistan Bureau of Statistics,Monthly price,monthly,2026-09-01,663.27,1 Kg,Rawal-pindi,https://www.pbs.gov.pk/wp-content/uploads/2020/07/SPI-Monthly-Prices-Annex-9.xlsx,2026-10-02T17:52:32+00:00,Mustard Oil (Average Quality)
Pakistan Bureau of Statistics,Monthly price,monthly,2026-09-01,2786.4,1 Kg,Rawal-pindi,https://www.pbs.gov.pk/wp-content/uploads/2020/07/SPI-Monthly-Prices-Annex-9.xlsx,2026-10-02T17:52:32+00:00,Mutton (Average Quality)
Pakistan Bureau of Statistics,Monthly price,monthly,2026-09-01,10000.0,50 Kg,Rawal-pindi,https://www.pbs.gov.pk/wp-content/uploads/2020/07/SPI-Monthly-Prices-Annex-9.xlsx,2026-10-02T17:52:32+00:00,Nitro. Phosph. & Pot. (Npk)
Pakistan Bureau of Statistics,Monthly price,monthly,2026-09-01,233.78,1 Kg,Rawal-pindi,https://www.pbs.gov.pk/wp-content/uploads/2020/07/SPI-Monthly-Prices-Annex-9.xlsx,2026-10-02T17:52:32+00:00,Onions
Pakistan Bureau of Statistics,Monthly price,monthly,2026-09-01,5150.0,50 Kg,Rawal-pindi,https://www.pbs.gov.pk/wp-content/uploads/2020/07/SPI-Monthly-Prices-Annex-9.xlsx,2026-10-02T17:52:32+00:00,"Other Urea (Tara, Sarsabz, Shandar etc)"
Pakistan Bureau of Statistics,Monthly price,monthly,2026-09-01,2230.82,Per Day,Rawal-pindi,https://www.pbs.gov.pk/wp-content/uploads/2020/07/SPI-Monthly-Prices-Annex-9.xlsx,2026-10-02T17:52:32+00:00,Painter Wage Rate
Pakistan Bureau of Statistics,Monthly price,monthly,2026-09-01,374.75,Per Litre,Rawal-pindi,https://www.pbs.gov.pk/wp-content/uploads/2020/07/SPI-Monthly-Prices-Annex-9.xlsx,2026-10-02T17:52:32+00:00,Petrol Super
Pakistan Bureau of Statistics,Monthly price,monthly,2026-09-01,2292.65,Daily,Rawal-pindi,https://www.pbs.gov.pk/wp-content/uploads/2020/07/SPI-Monthly-Prices-Annex-9.xlsx,2026-10-02T17:52:32+00:00,Plumber Wage Rate
Pakistan Bureau of Statistics,Monthly price,monthly,2026-09-01,62.31,1 Kg,Rawal-pindi,https://www.pbs.gov.pk/wp-content/uploads/2020/07/SPI-Monthly-Prices-Annex-9.xlsx,2026-10-02T17:52:32+00:00,Potatoes
Pakistan Bureau of Statistics,Monthly price,monthly,2026-09-01,1137.67,Each,Rawal-pindi,https://www.pbs.gov.pk/wp-content/uploads/2020/07/SPI-Monthly-Prices-Annex-9.xlsx,2026-10-02T17:52:32+00:00,Powdered Milk NIDO 390 gm Polybag
Pakistan Bureau of Statistics,Monthly price,monthly,2026-09-01,295.91,1 Kg,Rawal-pindi,https://www.pbs.gov.pk/wp-content/uploads/2020/07/SPI-Monthly-Prices-Annex-9.xlsx,2026-10-02T17:52:32+00:00,Pulse Gram
Pakistan Bureau of Statistics,Monthly price,monthly,2026-09-01,493.88,1 Kg,Rawal-pindi,https://www.pbs.gov.pk/wp-content/uploads/2020/07/SPI-Monthly-Prices-Annex-9.xlsx,2026-10-02T17:52:32+00:00,Pulse Mash (Washed)
Pakistan Bureau of Statistics,Monthly price,monthly,2026-09-01,303.08,1 Kg,Rawal-pindi,https://www.pbs.gov.pk/wp-content/uploads/2020/07/SPI-Monthly-Prices-Annex-9.xlsx,2026-10-02T17:52:32+00:00,Pulse Masoor (Washed)
Pakistan Bureau of Statistics,Monthly price,monthly,2026-09-01,359.58,1 Kg,Rawal-pindi,https://www.pbs.gov.pk/wp-content/uploads/2020/07/SPI-Monthly-Prices-Annex-9.xlsx,2026-10-02T17:52:32+00:00,Pulse Moong (Washed)
Pakistan Bureau of Statistics,Monthly price,monthly,2026-09-01,270.58,1 Kg,Rawal-pindi,https://www.pbs.gov.pk/wp-content/uploads/2020/07/SPI-Monthly-Prices-Annex-9.xlsx,2026-10-02T17:52:32+00:00,Rice Basmati Broken (Average Quality)
Pakistan Bureau of Statistics,Monthly price,monthly,2026-09-01,164.27,1 Kg,Rawal-pindi,https://www.pbs.gov.pk/wp-content/uploads/2020/07/SPI-Monthly-Prices-Annex-9.xlsx,2026-10-02T17:52:32+00:00,Rice IRRI-6/9 (Sindh/Punjab)
Pakistan Bureau of Statistics,Monthly price,monthly,2026-09-01,60.0,Each,Rawal-pindi,https://www.pbs.gov.pk/wp-content/uploads/2020/07/SPI-Monthly-Prices-Annex-9.xlsx,2026-10-02T17:52:32+00:00,Salt Powdered (NATIONAL/SHAN) 800 gm Packet
Pakistan Bureau of Statistics,Monthly price,monthly,2026-09-01,691.63,1 mtr,Rawal-pindi,https://www.pbs.gov.pk/wp-content/uploads/2020/07/SPI-Monthly-Prices-Annex-9.xlsx,2026-10-02T17:52:32+00:00,Shirting (Average Quality)
Pakistan Bureau of Statistics,Monthly price,monthly,2026-09-01,5300.0,50 Kg,Rawal-pindi,https://www.pbs.gov.pk/wp-content/uploads/2020/07/SPI-Monthly-Prices-Annex-9.xlsx,2026-10-02T17:52:32+00:00,Sona Urea
Pakistan Bureau of Statistics,Monthly price,monthly,2026-09-01,153.26,Each,Rawal-pindi,https://www.pbs.gov.pk/wp-content/uploads/2020/07/SPI-Monthly-Prices-Annex-9.xlsx,2026-10-02T17:52:32+00:00,Sufi Washing Soap 250 gm Cake
Pakistan Bureau of Statistics,Monthly price,monthly,2026-09-01,150.0,1 Kg,Rawal-pindi,https://www.pbs.gov.pk/wp-content/uploads/2020/07/SPI-Monthly-Prices-Annex-9.xlsx,2026-10-02T17:52:32+00:00,Sugar Refined
Pakistan Bureau of Statistics,Monthly price,monthly,2026-09-01,469.41,Each,Rawal-pindi,https://www.pbs.gov.pk/wp-content/uploads/2020/07/SPI-Monthly-Prices-Annex-9.xlsx,2026-10-02T17:52:32+00:00,Tea Lipton Yellow Label 190 gm Packet
Pakistan Bureau of Statistics,Monthly price,monthly,2026-09-01,70.08,Per Cup,Rawal-pindi,https://www.pbs.gov.pk/wp-content/uploads/2020/07/SPI-Monthly-Prices-Annex-9.xlsx,2026-10-02T17:52:32+00:00,Tea Prepared Ordinary
Pakistan Bureau of Statistics,Monthly price,monthly,2026-09-01,1.79,Per Minute,Rawal-pindi,https://www.pbs.gov.pk/wp-content/uploads/2020/07/SPI-Monthly-Prices-Annex-9.xlsx,2026-10-02T17:52:32+00:00,Telephone Call Charges
Pakistan Bureau of Statistics,Monthly price,monthly,2026-09-01,136.02,Each,Rawal-pindi,https://www.pbs.gov.pk/wp-content/uploads/2020/07/SPI-Monthly-Prices-Annex-9.xlsx,2026-10-02T17:52:32+00:00,Toilet Soap LIFEBUOY 115 gm
Pakistan Bureau of Statistics,Monthly price,monthly,2026-09-01,224.3,1 Kg,Rawal-pindi,https://www.pbs.gov.pk/wp-content/uploads/2020/07/SPI-Monthly-Prices-Annex-9.xlsx,2026-10-02T17:52:32+00:00,Tomatoes
Pakistan Bureau of Statistics,Monthly price,monthly,2026-09-01,1500.0,Daily,Rawal-pindi,https://www.pbs.gov.pk/wp-content/uploads/2020/07/SPI-Monthly-Prices-Annex-9.xlsx,2026-10-02T17:52:32+00:00,Unskilled Labour Wage Rate
Pakistan Bureau of Statistics,Monthly price,monthly,2026-09-01,1580.0,Each,Rawal-pindi,https://www.pbs.gov.pk/wp-content/uploads/2020/07/SPI-Monthly-Prices-Annex-9.xlsx,2026-10-02T17:52:32+00:00,Vegetable Ghee DALDA/HABIB 2.5 kg Tin
Pakistan Bureau of Statistics,Monthly price,monthly,2026-09-01,615.0,Each,Rawal-pindi,https://www.pbs.gov.pk/wp-content/uploads/2020/07/SPI-Monthly-Prices-Annex-9.xlsx,2026-10-02T17:52:32+00:00,Vegetable Ghee DALDA/HABIB or Other superior Quality 1 kg Pouch
Pakistan Bureau of Statistics,Monthly price,monthly,2026-09-01,2744.79,20 Kg,Rawal-pindi,https://www.pbs.gov.pk/wp-content/uploads/2020/07/SPI-Monthly-Prices-Annex-9.xlsx,2026-10-02T17:52:32+00:00,Wheat Flour Bag
Pakistan Bureau of Statistics,Monthly price,monthly,2026-09-01,141.86,1 Dozen,Sar-godha,https://www.pbs.gov.pk/wp-content/uploads/2020/07/SPI-Monthly-Prices-Annex-9.xlsx,2026-10-02T17:52:32+00:00,Bananas (Kela) Local
Pakistan Bureau of Statistics,Monthly price,monthly,2026-09-01,1187.3,1 Kg,Sar-godha,https://www.pbs.gov.pk/wp-content/uploads/2020/07/SPI-Monthly-Prices-Annex-9.xlsx,2026-10-02T17:52:32+00:00,Beef with Bone (Average Quality)
Pakistan Bureau of Statistics,Monthly price,monthly,2026-09-01,100.0,Each,Sar-godha,https://www.pbs.gov.pk/wp-content/uploads/2020/07/SPI-Monthly-Prices-Annex-9.xlsx,2026-10-02T17:52:32+00:00,Bread plain (Small Size)
Pakistan Bureau of Statistics,Monthly price,monthly,2026-09-01,145.99,1 kg/1 Ltr,Sar-godha,https://www.pbs.gov.pk/wp-content/uploads/2020/07/SPI-Monthly-Prices-Annex-9.xlsx,2026-10-02T17:52:32+00:00,CNG
Pakistan Bureau of Statistics,Monthly price,monthly,2026-09-01,4233.27,50 Kg,Sar-godha,https://www.pbs.gov.pk/wp-content/uploads/2020/07/SPI-Monthly-Prices-Annex-9.xlsx,2026-10-02T17:52:32+00:00,Calcium Ammonium Nitrate
Pakistan Bureau of Statistics,Monthly price,monthly,2026-09-01,1587.48,Each,Sar-godha,https://www.pbs.gov.pk/wp-content/uploads/2020/07/SPI-Monthly-Prices-Annex-9.xlsx,2026-10-02T17:52:32+00:00,Cement (Local) 50 kg Bag
Pakistan Bureau of Statistics,Monthly price,monthly,2026-09-01,338.86,1 Kg,Sar-godha,https://www.pbs.gov.pk/wp-content/uploads/2020/07/SPI-Monthly-Prices-Annex-9.xlsx,2026-10-02T17:52:32+00:00,Chicken Farm Broiler (Live)
Pakistan Bureau of Statistics,Monthly price,monthly,2026-09-01,380.0,Each,Sar-godha,https://www.pbs.gov.pk/wp-content/uploads/2020/07/SPI-Monthly-Prices-Annex-9.xlsx,2026-10-02T17:52:32+00:00,Chilies Powder NATIONAL 200 gm Packet
Pakistan Bureau of Statistics,Monthly price,monthly,2026-09-01,240.0,Each,Sar-godha,https://www.pbs.gov.pk/wp-content/uploads/2020/07/SPI-Monthly-Prices-Annex-9.xlsx,2026-10-02T17:52:32+00:00,Cigarettes Capstan 20'S Packet
Pakistan Bureau of Statistics,Monthly price,monthly,2026-09-01,300.0,Per Plate,Sar-godha,https://www.pbs.gov.pk/wp-content/uploads/2020/07/SPI-Monthly-Prices-Annex-9.xlsx,2026-10-02T17:52:32+00:00,Cooked Beef at Average Hotel
Pakistan Bureau of Statistics,Monthly price,monthly,2026-09-01,150.0,Per Plate,Sar-godha,https://www.pbs.gov.pk/wp-content/uploads/2020/07/SPI-Monthly-Prices-Annex-9.xlsx,2026-10-02T17:52:32+00:00,Cooked Daal at Average Hotel
Pakistan Bureau of Statistics,Monthly price,monthly,2026-09-01,3083.73,Each,Sar-godha,https://www.pbs.gov.pk/wp-content/uploads/2020/07/SPI-Monthly-Prices-Annex-9.xlsx,2026-10-02T17:52:32+00:00,"Cooking Oil DALDA or Other Similar Brand (SN), 5 Litre Tin"
Pakistan Bureau of Statistics,Monthly price,monthly,2026-09-01,224.94,1 Kg,Sar-godha,https://www.pbs.gov.pk/wp-content/uploads/2020/07/SPI-Monthly-Prices-Annex-9.xlsx,2026-10-02T17:52:32+00:00,Curd (Dahi) Loose
Pakistan Bureau of Statistics,Monthly price,monthly,2026-09-01,17200.0,50 Kg,Sar-godha,https://www.pbs.gov.pk/wp-content/uploads/2020/07/SPI-Monthly-Prices-Annex-9.xlsx,2026-10-02T17:52:32+00:00,DIA Amun. Phosphate
Pakistan Bureau of Statistics,Monthly price,monthly,2026-09-01,248.14,1 Dozen,Sar-godha,https://www.pbs.gov.pk/wp-content/uploads/2020/07/SPI-Monthly-Prices-Annex-9.xlsx,2026-10-02T17:52:32+00:00,Eggs Hen (Farm)
Pakistan Bureau of Statistics,Monthly price,monthly,2026-09-01,276.63,P/Point,Sar-godha,https://www.pbs.gov.pk/wp-content/uploads/2020/07/SPI-Monthly-Prices-Annex-9.xlsx,2026-10-02T17:52:32+00:00,Electrician Charges
Pakistan Bureau of Statistics,Monthly price,monthly,2026-09-01,6.73,Per Unit,Sar-godha,https://www.pbs.gov.pk/wp-content/uploads/2020/07/SPI-Monthly-Prices-Annex-9.xlsx,2026-10-02T17:52:32+00:00,Electricity Charges upto 50 Units
Pakistan Bureau of Statistics,Monthly price,monthly,2026-09-01,550.0,Each,Sar-godha,https://www.pbs.gov.pk/wp-content/uploads/2020/07/SPI-Monthly-Prices-Annex-9.xlsx,2026-10-02T17:52:32+00:00,Energy Saver Philips 14 Watt
Pakistan Bureau of Statistics,Monthly price,monthly,2026-09-01,1391.54,40 Kg,Sar-godha,https://www.pbs.gov.pk/wp-content/uploads/2020/07/SPI-Monthly-Prices-Annex-9.xlsx,2026-10-02T17:52:32+00:00,Firewood Whole
Pakistan Bureau of Statistics,Monthly price,monthly,2026-09-01,464.76,1 Kg,Sar-godha,https://www.pbs.gov.pk/wp-content/uploads/2020/07/SPI-Monthly-Prices-Annex-9.xlsx,2026-10-02T17:52:32+00:00,Garlic (Lehsun)
Pakistan Bureau of Statistics,Monthly price,monthly,2026-09-01,2566.5,MMBTU,Sar-godha,https://www.pbs.gov.pk/wp-content/uploads/2020/07/SPI-Monthly-Prices-Annex-9.xlsx,2026-10-02T17:52:32+00:00,Gas Charges upto 3.3719 MMBTU
Pakistan Bureau of Statistics,Monthly price,monthly,2026-09-01,2499.0,Pair,Sar-godha,https://www.pbs.gov.pk/wp-content/uploads/2020/07/SPI-Monthly-Prices-Annex-9.xlsx,2026-10-02T17:52:32+00:00,Gents Sandal Bata
Pakistan Bureau of Statistics,Monthly price,monthly,2026-09-01,699.0,Pair,Sar-godha,https://www.pbs.gov.pk/wp-content/uploads/2020/07/SPI-Monthly-Prices-Annex-9.xlsx,2026-10-02T17:52:32+00:00,Gents Sponge Chappal Bata
Pakistan Bureau of Statistics,Monthly price,monthly,2026-09-01,400.0,1 mtr,Sar-godha,https://www.pbs.gov.pk/wp-content/uploads/2020/07/SPI-Monthly-Prices-Annex-9.xlsx,2026-10-02T17:52:32+00:00,Georgette (Average Quality)
Pakistan Bureau of Statistics,Monthly price,monthly,2026-09-01,224.12,1 Kg,Sar-godha,https://www.pbs.gov.pk/wp-content/uploads/2020/07/SPI-Monthly-Prices-Annex-9.xlsx,2026-10-02T17:52:32+00:00,Gur (Average Quality)
Pakistan Bureau of Statistics,Monthly price,monthly,2026-09-01,403.14,Per Litre,Sar-godha,https://www.pbs.gov.pk/wp-content/uploads/2020/07/SPI-Monthly-Prices-Annex-9.xlsx,2026-10-02T17:52:32+00:00,Hi-Speed Diesel
Pakistan Bureau of Statistics,Monthly price,monthly,2026-09-01,4734.66,Each,Sar-godha,https://www.pbs.gov.pk/wp-content/uploads/2020/07/SPI-Monthly-Prices-Annex-9.xlsx,2026-10-02T17:52:32+00:00,LPG 11.67 kg Cylinder
Pakistan Bureau of Statistics,Monthly price,monthly,2026-09-01,1499.0,Pair,Sar-godha,https://www.pbs.gov.pk/wp-content/uploads/2020/07/SPI-Monthly-Prices-Annex-9.xlsx,2026-10-02T17:52:32+00:00,Ladies Sandal Bata
Pakistan Bureau of Statistics,Monthly price,monthly,2026-09-01,714.0,1 mtr,Sar-godha,https://www.pbs.gov.pk/wp-content/uploads/2020/07/SPI-Monthly-Prices-Annex-9.xlsx,2026-10-02T17:52:32+00:00,Lawn Printed Gul Ahmed/Al Karam
Pakistan Bureau of Statistics,Monthly price,monthly,2026-09-01,700.0,1 mtr,Sar-godha,https://www.pbs.gov.pk/wp-content/uploads/2020/07/SPI-Monthly-Prices-Annex-9.xlsx,2026-10-02T17:52:32+00:00,"Long Cloth 57"" Gul Ahmed/Al Karam"
Pakistan Bureau of Statistics,Monthly price,monthly,2026-09-01,2000.0,Daily,Sar-godha,https://www.pbs.gov.pk/wp-content/uploads/2020/07/SPI-Monthly-Prices-Annex-9.xlsx,2026-10-02T17:52:32+00:00,Mason Wage Rate
Pakistan Bureau of Statistics,Monthly price,monthly,2026-09-01,6.0,Each,Sar-godha,https://www.pbs.gov.pk/wp-content/uploads/2020/07/SPI-Monthly-Prices-Annex-9.xlsx,2026-10-02T17:52:32+00:00,Match Box
Pakistan Bureau of Statistics,Monthly price,monthly,2026-09-01,176.6,1 Ltr,Sar-godha,https://www.pbs.gov.pk/wp-content/uploads/2020/07/SPI-Monthly-Prices-Annex-9.xlsx,2026-10-02T17:52:32+00:00,Milk fresh (Un-boiled)
Pakistan Bureau of Statistics,Monthly price,monthly,2026-09-01,500.0,1 Kg,Sar-godha,https://www.pbs.gov.pk/wp-content/uploads/2020/07/SPI-Monthly-Prices-Annex-9.xlsx,2026-10-02T17:52:32+00:00,Mustard Oil (Average Quality)
Pakistan Bureau of Statistics,Monthly price,monthly,2026-09-01,2204.12,1 Kg,Sar-godha,https://www.pbs.gov.pk/wp-content/uploads/2020/07/SPI-Monthly-Prices-Annex-9.xlsx,2026-10-02T17:52:32+00:00,Mutton (Average Quality)
Pakistan Bureau of Statistics,Monthly price,monthly,2026-09-01,13500.0,50 Kg,Sar-godha,https://www.pbs.gov.pk/wp-content/uploads/2020/07/SPI-Monthly-Prices-Annex-9.xlsx,2026-10-02T17:52:32+00:00,Nitro. Phosph. & Pot. (Npk)
Pakistan Bureau of Statistics,Monthly price,monthly,2026-09-01,10800.0,50 Kg,Sar-godha,https://www.pbs.gov.pk/wp-content/uploads/2020/07/SPI-Monthly-Prices-Annex-9.xlsx,2026-10-02T17:52:32+00:00,Nitro. Phosphate
Pakistan Bureau of Statistics,Monthly price,monthly,2026-09-01,184.52,1 Kg,Sar-godha,https://www.pbs.gov.pk/wp-content/uploads/2020/07/SPI-Monthly-Prices-Annex-9.xlsx,2026-10-02T17:52:32+00:00,Onions
Pakistan Bureau of Statistics,Monthly price,monthly,2026-09-01,4533.27,50 Kg,Sar-godha,https://www.pbs.gov.pk/wp-content/uploads/2020/07/SPI-Monthly-Prices-Annex-9.xlsx,2026-10-02T17:52:32+00:00,"Other Urea (Tara, Sarsabz, Shandar etc)"
Pakistan Bureau of Statistics,Monthly price,monthly,2026-09-01,1600.0,Per Day,Sar-godha,https://www.pbs.gov.pk/wp-content/uploads/2020/07/SPI-Monthly-Prices-Annex-9.xlsx,2026-10-02T17:52:32+00:00,Painter Wage Rate
Pakistan Bureau of Statistics,Monthly price,monthly,2026-09-01,376.76,Per Litre,Sar-godha,https://www.pbs.gov.pk/wp-content/uploads/2020/07/SPI-Monthly-Prices-Annex-9.xlsx,2026-10-02T17:52:32+00:00,Petrol Super
Pakistan Bureau of Statistics,Monthly price,monthly,2026-09-01,2466.21,Daily,Sar-godha,https://www.pbs.gov.pk/wp-content/uploads/2020/07/SPI-Monthly-Prices-Annex-9.xlsx,2026-10-02T17:52:32+00:00,Plumber Wage Rate
Pakistan Bureau of Statistics,Monthly price,monthly,2026-09-01,61.41,1 Kg,Sar-godha,https://www.pbs.gov.pk/wp-content/uploads/2020/07/SPI-Monthly-Prices-Annex-9.xlsx,2026-10-02T17:52:32+00:00,Potatoes
Pakistan Bureau of Statistics,Monthly price,monthly,2026-09-01,1153.32,Each,Sar-godha,https://www.pbs.gov.pk/wp-content/uploads/2020/07/SPI-Monthly-Prices-Annex-9.xlsx,2026-10-02T17:52:32+00:00,Powdered Milk NIDO 390 gm Polybag
Pakistan Bureau of Statistics,Monthly price,monthly,2026-09-01,254.08,1 Kg,Sar-godha,https://www.pbs.gov.pk/wp-content/uploads/2020/07/SPI-Monthly-Prices-Annex-9.xlsx,2026-10-02T17:52:32+00:00,Pulse Gram
Pakistan Bureau of Statistics,Monthly price,monthly,2026-09-01,476.64,1 Kg,Sar-godha,https://www.pbs.gov.pk/wp-content/uploads/2020/07/SPI-Monthly-Prices-Annex-9.xlsx,2026-10-02T17:52:32+00:00,Pulse Mash (Washed)
Pakistan Bureau of Statistics,Monthly price,monthly,2026-09-01,253.29,1 Kg,Sar-godha,https://www.pbs.gov.pk/wp-content/uploads/2020/07/SPI-Monthly-Prices-Annex-9.xlsx,2026-10-02T17:52:32+00:00,Pulse Masoor (Washed)
Pakistan Bureau of Statistics,Monthly price,monthly,2026-09-01,325.79,1 Kg,Sar-godha,https://www.pbs.gov.pk/wp-content/uploads/2020/07/SPI-Monthly-Prices-Annex-9.xlsx,2026-10-02T17:52:32+00:00,Pulse Moong (Washed)
Pakistan Bureau of Statistics,Monthly price,monthly,2026-09-01,160.0,1 Kg,Sar-godha,https://www.pbs.gov.pk/wp-content/uploads/2020/07/SPI-Monthly-Prices-Annex-9.xlsx,2026-10-02T17:52:32+00:00,Rice Basmati Broken (Average Quality)
Pakistan Bureau of Statistics,Monthly price,monthly,2026-09-01,186.61,1 Kg,Sar-godha,https://www.pbs.gov.pk/wp-content/uploads/2020/07/SPI-Monthly-Prices-Annex-9.xlsx,2026-10-02T17:52:32+00:00,Rice IRRI-6/9 (Sindh/Punjab)
Pakistan Bureau of Statistics,Monthly price,monthly,2026-09-01,4924.81,50 Kg,Sar-godha,https://www.pbs.gov.pk/wp-content/uploads/2020/07/SPI-Monthly-Prices-Annex-9.xlsx,2026-10-02T17:52:32+00:00,"S.S Phosphate, Gr. 18%"
Pakistan Bureau of Statistics,Monthly price,monthly,2026-09-01,60.0,Each,Sar-godha,https://www.pbs.gov.pk/wp-content/uploads/2020/07/SPI-Monthly-Prices-Annex-9.xlsx,2026-10-02T17:52:32+00:00,Salt Powdered (NATIONAL/SHAN) 800 gm Packet
Pakistan Bureau of Statistics,Monthly price,monthly,2026-09-01,750.0,1 mtr,Sar-godha,https://www.pbs.gov.pk/wp-content/uploads/2020/07/SPI-Monthly-Prices-Annex-9.xlsx,2026-10-02T17:52:32+00:00,Shirting (Average Quality)
Pakistan Bureau of Statistics,Monthly price,monthly,2026-09-01,4633.27,50 Kg,Sar-godha,https://www.pbs.gov.pk/wp-content/uploads/2020/07/SPI-Monthly-Prices-Annex-9.xlsx,2026-10-02T17:52:32+00:00,Sona Urea
Pakistan Bureau of Statistics,Monthly price,monthly,2026-09-01,150.0,Each,Sar-godha,https://www.pbs.gov.pk/wp-content/uploads/2020/07/SPI-Monthly-Prices-Annex-9.xlsx,2026-10-02T17:52:32+00:00,Sufi Washing Soap 250 gm Cake
Pakistan Bureau of Statistics,Monthly price,monthly,2026-09-01,145.0,1 Kg,Sar-godha,https://www.pbs.gov.pk/wp-content/uploads/2020/07/SPI-Monthly-Prices-Annex-9.xlsx,2026-10-02T17:52:32+00:00,Sugar Refined
Pakistan Bureau of Statistics,Monthly price,monthly,2026-09-01,15100.0,50 Kg,Sar-godha,https://www.pbs.gov.pk/wp-content/uploads/2020/07/SPI-Monthly-Prices-Annex-9.xlsx,2026-10-02T17:52:32+00:00,Sulphate of Potash
Pakistan Bureau of Statistics,Monthly price,monthly,2026-09-01,469.41,Each,Sar-godha,https://www.pbs.gov.pk/wp-content/uploads/2020/07/SPI-Monthly-Prices-Annex-9.xlsx,2026-10-02T17:52:32+00:00,Tea Lipton Yellow Label 190 gm Packet
Pakistan Bureau of Statistics,Monthly price,monthly,2026-09-01,66.49,Per Cup,Sar-godha,https://www.pbs.gov.pk/wp-content/uploads/2020/07/SPI-Monthly-Prices-Annex-9.xlsx,2026-10-02T17:52:32+00:00,Tea Prepared Ordinary
Pakistan Bureau of Statistics,Monthly price,monthly,2026-09-01,1.79,Per Minute,Sar-godha,https://www.pbs.gov.pk/wp-content/uploads/2020/07/SPI-Monthly-Prices-Annex-9.xlsx,2026-10-02T17:52:32+00:00,Telephone Call Charges
Pakistan Bureau of Statistics,Monthly price,monthly,2026-09-01,136.02,Each,Sar-godha,https://www.pbs.gov.pk/wp-content/uploads/2020/07/SPI-Monthly-Prices-Annex-9.xlsx,2026-10-02T17:52:32+00:00,Toilet Soap LIFEBUOY 115 gm
Pakistan Bureau of Statistics,Monthly price,monthly,2026-09-01,159.23,1 Kg,Sar-godha,https://www.pbs.gov.pk/wp-content/uploads/2020/07/SPI-Monthly-Prices-Annex-9.xlsx,2026-10-02T17:52:32+00:00,Tomatoes
Pakistan Bureau of Statistics,Monthly price,monthly,2026-09-01,1483.14,Daily,Sar-godha,https://www.pbs.gov.pk/wp-content/uploads/2020/07/SPI-Monthly-Prices-Annex-9.xlsx,2026-10-02T17:52:32+00:00,Unskilled Labour Wage Rate
Pakistan Bureau of Statistics,Monthly price,monthly,2026-09-01,1576.24,Each,Sar-godha,https://www.pbs.gov.pk/wp-content/uploads/2020/07/SPI-Monthly-Prices-Annex-9.xlsx,2026-10-02T17:52:32+00:00,Vegetable Ghee DALDA/HABIB 2.5 kg Tin
Pakistan Bureau of Statistics,Monthly price,monthly,2026-09-01,615.0,Each,Sar-godha,https://www.pbs.gov.pk/wp-content/uploads/2020/07/SPI-Monthly-Prices-Annex-9.xlsx,2026-10-02T17:52:32+00:00,Vegetable Ghee DALDA/HABIB or Other superior Quality 1 kg Pouch
Pakistan Bureau of Statistics,Monthly price,monthly,2026-09-01,2372.75,20 Kg,Sar-godha,https://www.pbs.gov.pk/wp-content/uploads/2020/07/SPI-Monthly-Prices-Annex-9.xlsx,2026-10-02T17:52:32+00:00,Wheat Flour Bag
Pakistan Bureau of Statistics,Monthly price,monthly,2026-09-01,181.71,1 Dozen,Sialkot,https://www.pbs.gov.pk/wp-content/uploads/2020/07/SPI-Monthly-Prices-Annex-9.xlsx,2026-10-02T17:52:32+00:00,Bananas (Kela) Local
Pakistan Bureau of Statistics,Monthly price,monthly,2026-09-01,1300.0,1 Kg,Sialkot,https://www.pbs.gov.pk/wp-content/uploads/2020/07/SPI-Monthly-Prices-Annex-9.xlsx,2026-10-02T17:52:32+00:00,Beef with Bone (Average Quality)
Pakistan Bureau of Statistics,Monthly price,monthly,2026-09-01,130.0,Each,Sialkot,https://www.pbs.gov.pk/wp-content/uploads/2020/07/SPI-Monthly-Prices-Annex-9.xlsx,2026-10-02T17:52:32+00:00,Bread plain (Small Size)
Pakistan Bureau of Statistics,Monthly price,monthly,2026-09-01,146.9,1 kg/1 Ltr,Sialkot,https://www.pbs.gov.pk/wp-content/uploads/2020/07/SPI-Monthly-Prices-Annex-9.xlsx,2026-10-02T17:52:32+00:00,CNG
Pakistan Bureau of Statistics,Monthly price,monthly,2026-09-01,1522.33,Each,Sialkot,https://www.pbs.gov.pk/wp-content/uploads/2020/07/SPI-Monthly-Prices-Annex-9.xlsx,2026-10-02T17:52:32+00:00,Cement (Local) 50 kg Bag
Pakistan Bureau of Statistics,Monthly price,monthly,2026-09-01,331.25,1 Kg,Sialkot,https://www.pbs.gov.pk/wp-content/uploads/2020/07/SPI-Monthly-Prices-Annex-9.xlsx,2026-10-02T17:52:32+00:00,Chicken Farm Broiler (Live)
Pakistan Bureau of Statistics,Monthly price,monthly,2026-09-01,380.0,Each,Sialkot,https://www.pbs.gov.pk/wp-content/uploads/2020/07/SPI-Monthly-Prices-Annex-9.xlsx,2026-10-02T17:52:32+00:00,Chilies Powder NATIONAL 200 gm Packet
Pakistan Bureau of Statistics,Monthly price,monthly,2026-09-01,260.0,Each,Sialkot,https://www.pbs.gov.pk/wp-content/uploads/2020/07/SPI-Monthly-Prices-Annex-9.xlsx,2026-10-02T17:52:32+00:00,Cigarettes Capstan 20'S Packet
Pakistan Bureau of Statistics,Monthly price,monthly,2026-09-01,350.0,Per Plate,Sialkot,https://www.pbs.gov.pk/wp-content/uploads/2020/07/SPI-Monthly-Prices-Annex-9.xlsx,2026-10-02T17:52:32+00:00,Cooked Beef at Average Hotel
Pakistan Bureau of Statistics,Monthly price,monthly,2026-09-01,190.0,Per Plate,Sialkot,https://www.pbs.gov.pk/wp-content/uploads/2020/07/SPI-Monthly-Prices-Annex-9.xlsx,2026-10-02T17:52:32+00:00,Cooked Daal at Average Hotel
Pakistan Bureau of Statistics,Monthly price,monthly,2026-09-01,3090.0,Each,Sialkot,https://www.pbs.gov.pk/wp-content/uploads/2020/07/SPI-Monthly-Prices-Annex-9.xlsx,2026-10-02T17:52:32+00:00,"Cooking Oil DALDA or Other Similar Brand (SN), 5 Litre Tin"
Pakistan Bureau of Statistics,Monthly price,monthly,2026-09-01,222.02,1 Kg,Sialkot,https://www.pbs.gov.pk/wp-content/uploads/2020/07/SPI-Monthly-Prices-Annex-9.xlsx,2026-10-02T17:52:32+00:00,Curd (Dahi) Loose
Pakistan Bureau of Statistics,Monthly price,monthly,2026-09-01,259.9,1 Dozen,Sialkot,https://www.pbs.gov.pk/wp-content/uploads/2020/07/SPI-Monthly-Prices-Annex-9.xlsx,2026-10-02T17:52:32+00:00,Eggs Hen (Farm)
Pakistan Bureau of Statistics,Monthly price,monthly,2026-09-01,230.0,P/Point,Sialkot,https://www.pbs.gov.pk/wp-content/uploads/2020/07/SPI-Monthly-Prices-Annex-9.xlsx,2026-10-02T17:52:32+00:00,Electrician Charges
Pakistan Bureau of Statistics,Monthly price,monthly,2026-09-01,6.73,Per Unit,Sialkot,https://www.pbs.gov.pk/wp-content/uploads/2020/07/SPI-Monthly-Prices-Annex-9.xlsx,2026-10-02T17:52:32+00:00,Electricity Charges upto 50 Units
Pakistan Bureau of Statistics,Monthly price,monthly,2026-09-01,575.0,Each,Sialkot,https://www.pbs.gov.pk/wp-content/uploads/2020/07/SPI-Monthly-Prices-Annex-9.xlsx,2026-10-02T17:52:32+00:00,Energy Saver Philips 14 Watt
Pakistan Bureau of Statistics,Monthly price,monthly,2026-09-01,1600.0,40 Kg,Sialkot,https://www.pbs.gov.pk/wp-content/uploads/2020/07/SPI-Monthly-Prices-Annex-9.xlsx,2026-10-02T17:52:32+00:00,Firewood Whole
Pakistan Bureau of Statistics,Monthly price,monthly,2026-09-01,317.48,1 Kg,Sialkot,https://www.pbs.gov.pk/wp-content/uploads/2020/07/SPI-Monthly-Prices-Annex-9.xlsx,2026-10-02T17:52:32+00:00,Garlic (Lehsun)
Pakistan Bureau of Statistics,Monthly price,monthly,2026-09-01,2566.5,MMBTU,Sialkot,https://www.pbs.gov.pk/wp-content/uploads/2020/07/SPI-Monthly-Prices-Annex-9.xlsx,2026-10-02T17:52:32+00:00,Gas Charges upto 3.3719 MMBTU
Pakistan Bureau of Statistics,Monthly price,monthly,2026-09-01,2499.0,Pair,Sialkot,https://www.pbs.gov.pk/wp-content/uploads/2020/07/SPI-Monthly-Prices-Annex-9.xlsx,2026-10-02T17:52:32+00:00,Gents Sandal Bata
Pakistan Bureau of Statistics,Monthly price,monthly,2026-09-01,699.0,Pair,Sialkot,https://www.pbs.gov.pk/wp-content/uploads/2020/07/SPI-Monthly-Prices-Annex-9.xlsx,2026-10-02T17:52:32+00:00,Gents Sponge Chappal Bata
Pakistan Bureau of Statistics,Monthly price,monthly,2026-09-01,300.0,1 mtr,Sialkot,https://www.pbs.gov.pk/wp-content/uploads/2020/07/SPI-Monthly-Prices-Annex-9.xlsx,2026-10-02T17:52:32+00:00,Georgette (Average Quality)
Pakistan Bureau of Statistics,Monthly price,monthly,2026-09-01,210.0,1 Kg,Sialkot,https://www.pbs.gov.pk/wp-content/uploads/2020/07/SPI-Monthly-Prices-Annex-9.xlsx,2026-10-02T17:52:32+00:00,Gur (Average Quality)
Pakistan Bureau of Statistics,Monthly price,monthly,2026-09-01,402.55,Per Litre,Sialkot,https://www.pbs.gov.pk/wp-content/uploads/2020/07/SPI-Monthly-Prices-Annex-9.xlsx,2026-10-02T17:52:32+00:00,Hi-Speed Diesel
Pakistan Bureau of Statistics,Monthly price,monthly,2026-09-01,5073.67,Each,Sialkot,https://www.pbs.gov.pk/wp-content/uploads/2020/07/SPI-Monthly-Prices-Annex-9.xlsx,2026-10-02T17:52:32+00:00,LPG 11.67 kg Cylinder
Pakistan Bureau of Statistics,Monthly price,monthly,2026-09-01,1499.0,Pair,Sialkot,https://www.pbs.gov.pk/wp-content/uploads/2020/07/SPI-Monthly-Prices-Annex-9.xlsx,2026-10-02T17:52:32+00:00,Ladies Sandal Bata
Pakistan Bureau of Statistics,Monthly price,monthly,2026-09-01,700.0,1 mtr,Sialkot,https://www.pbs.gov.pk/wp-content/uploads/2020/07/SPI-Monthly-Prices-Annex-9.xlsx,2026-10-02T17:52:32+00:00,Lawn Printed Gul Ahmed/Al Karam
Pakistan Bureau of Statistics,Monthly price,monthly,2026-09-01,700.0,1 mtr,Sialkot,https://www.pbs.gov.pk/wp-content/uploads/2020/07/SPI-Monthly-Prices-Annex-9.xlsx,2026-10-02T17:52:32+00:00,"Long Cloth 57"" Gul Ahmed/Al Karam"
Pakistan Bureau of Statistics,Monthly price,monthly,2026-09-01,2000.0,Daily,Sialkot,https://www.pbs.gov.pk/wp-content/uploads/2020/07/SPI-Monthly-Prices-Annex-9.xlsx,2026-10-02T17:52:32+00:00,Mason Wage Rate
Pakistan Bureau of Statistics,Monthly price,monthly,2026-09-01,6.0,Each,Sialkot,https://www.pbs.gov.pk/wp-content/uploads/2020/07/SPI-Monthly-Prices-Annex-9.xlsx,2026-10-02T17:52:32+00:00,Match Box
Pakistan Bureau of Statistics,Monthly price,monthly,2026-09-01,211.95,1 Ltr,Sialkot,https://www.pbs.gov.pk/wp-content/uploads/2020/07/SPI-Monthly-Prices-Annex-9.xlsx,2026-10-02T17:52:32+00:00,Milk fresh (Un-boiled)
Pakistan Bureau of Statistics,Monthly price,monthly,2026-09-01,550.0,1 Kg,Sialkot,https://www.pbs.gov.pk/wp-content/uploads/2020/07/SPI-Monthly-Prices-Annex-9.xlsx,2026-10-02T17:52:32+00:00,Mustard Oil (Average Quality)
Pakistan Bureau of Statistics,Monthly price,monthly,2026-09-01,2500.0,1 Kg,Sialkot,https://www.pbs.gov.pk/wp-content/uploads/2020/07/SPI-Monthly-Prices-Annex-9.xlsx,2026-10-02T17:52:32+00:00,Mutton (Average Quality)
Pakistan Bureau of Statistics,Monthly price,monthly,2026-09-01,232.08,1 Kg,Sialkot,https://www.pbs.gov.pk/wp-content/uploads/2020/07/SPI-Monthly-Prices-Annex-9.xlsx,2026-10-02T17:52:32+00:00,Onions
Pakistan Bureau of Statistics,Monthly price,monthly,2026-09-01,1800.0,Per Day,Sialkot,https://www.pbs.gov.pk/wp-content/uploads/2020/07/SPI-Monthly-Prices-Annex-9.xlsx,2026-10-02T17:52:32+00:00,Painter Wage Rate
Pakistan Bureau of Statistics,Monthly price,monthly,2026-09-01,376.4,Per Litre,Sialkot,https://www.pbs.gov.pk/wp-content/uploads/2020/07/SPI-Monthly-Prices-Annex-9.xlsx,2026-10-02T17:52:32+00:00,Petrol Super
Pakistan Bureau of Statistics,Monthly price,monthly,2026-09-01,1800.0,Daily,Sialkot,https://www.pbs.gov.pk/wp-content/uploads/2020/07/SPI-Monthly-Prices-Annex-9.xlsx,2026-10-02T17:52:32+00:00,Plumber Wage Rate
Pakistan Bureau of Statistics,Monthly price,monthly,2026-09-01,60.0,1 Kg,Sialkot,https://www.pbs.gov.pk/wp-content/uploads/2020/07/SPI-Monthly-Prices-Annex-9.xlsx,2026-10-02T17:52:32+00:00,Potatoes
Pakistan Bureau of Statistics,Monthly price,monthly,2026-09-01,1200.0,Each,Sialkot,https://www.pbs.gov.pk/wp-content/uploads/2020/07/SPI-Monthly-Prices-Annex-9.xlsx,2026-10-02T17:52:32+00:00,Powdered Milk NIDO 390 gm Polybag
Pakistan Bureau of Statistics,Monthly price,monthly,2026-09-01,260.0,1 Kg,Sialkot,https://www.pbs.gov.pk/wp-content/uploads/2020/07/SPI-Monthly-Prices-Annex-9.xlsx,2026-10-02T17:52:32+00:00,Pulse Gram
Pakistan Bureau of Statistics,Monthly price,monthly,2026-09-01,450.0,1 Kg,Sialkot,https://www.pbs.gov.pk/wp-content/uploads/2020/07/SPI-Monthly-Prices-Annex-9.xlsx,2026-10-02T17:52:32+00:00,Pulse Mash (Washed)
Pakistan Bureau of Statistics,Monthly price,monthly,2026-09-01,240.0,1 Kg,Sialkot,https://www.pbs.gov.pk/wp-content/uploads/2020/07/SPI-Monthly-Prices-Annex-9.xlsx,2026-10-02T17:52:32+00:00,Pulse Masoor (Washed)
Pakistan Bureau of Statistics,Monthly price,monthly,2026-09-01,370.0,1 Kg,Sialkot,https://www.pbs.gov.pk/wp-content/uploads/2020/07/SPI-Monthly-Prices-Annex-9.xlsx,2026-10-02T17:52:32+00:00,Pulse Moong (Washed)
Pakistan Bureau of Statistics,Monthly price,monthly,2026-09-01,190.0,1 Kg,Sialkot,https://www.pbs.gov.pk/wp-content/uploads/2020/07/SPI-Monthly-Prices-Annex-9.xlsx,2026-10-02T17:52:32+00:00,Rice Basmati Broken (Average Quality)
Pakistan Bureau of Statistics,Monthly price,monthly,2026-09-01,67.35,Each,Sialkot,https://www.pbs.gov.pk/wp-content/uploads/2020/07/SPI-Monthly-Prices-Annex-9.xlsx,2026-10-02T17:52:32+00:00,Salt Powdered (NATIONAL/SHAN) 800 gm Packet
Pakistan Bureau of Statistics,Monthly price,monthly,2026-09-01,550.0,1 mtr,Sialkot,https://www.pbs.gov.pk/wp-content/uploads/2020/07/SPI-Monthly-Prices-Annex-9.xlsx,2026-10-02T17:52:32+00:00,Shirting (Average Quality)
Pakistan Bureau of Statistics,Monthly price,monthly,2026-09-01,133.2,Each,Sialkot,https://www.pbs.gov.pk/wp-content/uploads/2020/07/SPI-Monthly-Prices-Annex-9.xlsx,2026-10-02T17:52:32+00:00,Sufi Washing Soap 250 gm Cake
Pakistan Bureau of Statistics,Monthly price,monthly,2026-09-01,148.73,1 Kg,Sialkot,https://www.pbs.gov.pk/wp-content/uploads/2020/07/SPI-Monthly-Prices-Annex-9.xlsx,2026-10-02T17:52:32+00:00,Sugar Refined
Pakistan Bureau of Statistics,Monthly price,monthly,2026-09-01,469.41,Each,Sialkot,https://www.pbs.gov.pk/wp-content/uploads/2020/07/SPI-Monthly-Prices-Annex-9.xlsx,2026-10-02T17:52:32+00:00,Tea Lipton Yellow Label 190 gm Packet
Pakistan Bureau of Statistics,Monthly price,monthly,2026-09-01,50.0,Per Cup,Sialkot,https://www.pbs.gov.pk/wp-content/uploads/2020/07/SPI-Monthly-Prices-Annex-9.xlsx,2026-10-02T17:52:32+00:00,Tea Prepared Ordinary
Pakistan Bureau of Statistics,Monthly price,monthly,2026-09-01,1.79,Per Minute,Sialkot,https://www.pbs.gov.pk/wp-content/uploads/2020/07/SPI-Monthly-Prices-Annex-9.xlsx,2026-10-02T17:52:32+00:00,Telephone Call Charges
Pakistan Bureau of Statistics,Monthly price,monthly,2026-09-01,121.49,Each,Sialkot,https://www.pbs.gov.pk/wp-content/uploads/2020/07/SPI-Monthly-Prices-Annex-9.xlsx,2026-10-02T17:52:32+00:00,Toilet Soap LIFEBUOY 115 gm
Pakistan Bureau of Statistics,Monthly price,monthly,2026-09-01,229.31,1 Kg,Sialkot,https://www.pbs.gov.pk/wp-content/uploads/2020/07/SPI-Monthly-Prices-Annex-9.xlsx,2026-10-02T17:52:32+00:00,Tomatoes
Pakistan Bureau of Statistics,Monthly price,monthly,2026-09-01,1500.0,Daily,Sialkot,https://www.pbs.gov.pk/wp-content/uploads/2020/07/SPI-Monthly-Prices-Annex-9.xlsx,2026-10-02T17:52:32+00:00,Unskilled Labour Wage Rate
Pakistan Bureau of Statistics,Monthly price,monthly,2026-09-01,1580.0,Each,Sialkot,https://www.pbs.gov.pk/wp-content/uploads/2020/07/SPI-Monthly-Prices-Annex-9.xlsx,2026-10-02T17:52:32+00:00,Vegetable Ghee DALDA/HABIB 2.5 kg Tin
Pakistan Bureau of Statistics,Monthly price,monthly,2026-09-01,615.0,Each,Sialkot,https://www.pbs.gov.pk/wp-content/uploads/2020/07/SPI-Monthly-Prices-Annex-9.xlsx,2026-10-02T17:52:32+00:00,Vegetable Ghee DALDA/HABIB or Other superior Quality 1 kg Pouch
Pakistan Bureau of Statistics,Monthly price,monthly,2026-09-01,2583.72,20 Kg,Sialkot,https://www.pbs.gov.pk/wp-content/uploads/2020/07/SPI-Monthly-Prices-Annex-9.xlsx,2026-10-02T17:52:32+00:00,Wheat Flour Bag
Pakistan Bureau of Statistics,Monthly price,monthly,2026-09-01,131.04,1 Dozen,Sukkur,https://www.pbs.gov.pk/wp-content/uploads/2020/07/SPI-Monthly-Prices-Annex-9.xlsx,2026-10-02T17:52:32+00:00,Bananas (Kela) Local
Pakistan Bureau of Statistics,Monthly price,monthly,2026-09-01,1200.0,1 Kg,Sukkur,https://www.pbs.gov.pk/wp-content/uploads/2020/07/SPI-Monthly-Prices-Annex-9.xlsx,2026-10-02T17:52:32+00:00,Beef with Bone (Average Quality)
Pakistan Bureau of Statistics,Monthly price,monthly,2026-09-01,130.0,Each,Sukkur,https://www.pbs.gov.pk/wp-content/uploads/2020/07/SPI-Monthly-Prices-Annex-9.xlsx,2026-10-02T17:52:32+00:00,Bread plain (Small Size)
Pakistan Bureau of Statistics,Monthly price,monthly,2026-09-01,300.0,1 kg/1 Ltr,Sukkur,https://www.pbs.gov.pk/wp-content/uploads/2020/07/SPI-Monthly-Prices-Annex-9.xlsx,2026-10-02T17:52:32+00:00,CNG
Pakistan Bureau of Statistics,Monthly price,monthly,2026-09-01,4212.44,50 Kg,Sukkur,https://www.pbs.gov.pk/wp-content/uploads/2020/07/SPI-Monthly-Prices-Annex-9.xlsx,2026-10-02T17:52:32+00:00,Calcium Ammonium Nitrate
Pakistan Bureau of Statistics,Monthly price,monthly,2026-09-01,1609.97,Each,Sukkur,https://www.pbs.gov.pk/wp-content/uploads/2020/07/SPI-Monthly-Prices-Annex-9.xlsx,2026-10-02T17:52:32+00:00,Cement (Local) 50 kg Bag
Pakistan Bureau of Statistics,Monthly price,monthly,2026-09-01,347.26,1 Kg,Sukkur,https://www.pbs.gov.pk/wp-content/uploads/2020/07/SPI-Monthly-Prices-Annex-9.xlsx,2026-10-02T17:52:32+00:00,Chicken Farm Broiler (Live)
Pakistan Bureau of Statistics,Monthly price,monthly,2026-09-01,380.0,Each,Sukkur,https://www.pbs.gov.pk/wp-content/uploads/2020/07/SPI-Monthly-Prices-Annex-9.xlsx,2026-10-02T17:52:32+00:00,Chilies Powder NATIONAL 200 gm Packet
Pakistan Bureau of Statistics,Monthly price,monthly,2026-09-01,260.0,Each,Sukkur,https://www.pbs.gov.pk/wp-content/uploads/2020/07/SPI-Monthly-Prices-Annex-9.xlsx,2026-10-02T17:52:32+00:00,Cigarettes Capstan 20'S Packet
Pakistan Bureau of Statistics,Monthly price,monthly,2026-09-01,200.0,Per Plate,Sukkur,https://www.pbs.gov.pk/wp-content/uploads/2020/07/SPI-Monthly-Prices-Annex-9.xlsx,2026-10-02T17:52:32+00:00,Cooked Beef at Average Hotel
Pakistan Bureau of Statistics,Monthly price,monthly,2026-09-01,160.0,Per Plate,Sukkur,https://www.pbs.gov.pk/wp-content/uploads/2020/07/SPI-Monthly-Prices-Annex-9.xlsx,2026-10-02T17:52:32+00:00,Cooked Daal at Average Hotel
Pakistan Bureau of Statistics,Monthly price,monthly,2026-09-01,3072.35,Each,Sukkur,https://www.pbs.gov.pk/wp-content/uploads/2020/07/SPI-Monthly-Prices-Annex-9.xlsx,2026-10-02T17:52:32+00:00,"Cooking Oil DALDA or Other Similar Brand (SN), 5 Litre Tin"
Pakistan Bureau of Statistics,Monthly price,monthly,2026-09-01,240.0,1 Kg,Sukkur,https://www.pbs.gov.pk/wp-content/uploads/2020/07/SPI-Monthly-Prices-Annex-9.xlsx,2026-10-02T17:52:32+00:00,Curd (Dahi) Loose
Pakistan Bureau of Statistics,Monthly price,monthly,2026-09-01,17011.88,50 Kg,Sukkur,https://www.pbs.gov.pk/wp-content/uploads/2020/07/SPI-Monthly-Prices-Annex-9.xlsx,2026-10-02T17:52:32+00:00,DIA Amun. Phosphate
Pakistan Bureau of Statistics,Monthly price,monthly,2026-09-01,247.36,1 Dozen,Sukkur,https://www.pbs.gov.pk/wp-content/uploads/2020/07/SPI-Monthly-Prices-Annex-9.xlsx,2026-10-02T17:52:32+00:00,Eggs Hen (Farm)
Pakistan Bureau of Statistics,Monthly price,monthly,2026-09-01,200.0,P/Point,Sukkur,https://www.pbs.gov.pk/wp-content/uploads/2020/07/SPI-Monthly-Prices-Annex-9.xlsx,2026-10-02T17:52:32+00:00,Electrician Charges
Pakistan Bureau of Statistics,Monthly price,monthly,2026-09-01,6.73,Per Unit,Sukkur,https://www.pbs.gov.pk/wp-content/uploads/2020/07/SPI-Monthly-Prices-Annex-9.xlsx,2026-10-02T17:52:32+00:00,Electricity Charges upto 50 Units
Pakistan Bureau of Statistics,Monthly price,monthly,2026-09-01,350.0,Each,Sukkur,https://www.pbs.gov.pk/wp-content/uploads/2020/07/SPI-Monthly-Prices-Annex-9.xlsx,2026-10-02T17:52:32+00:00,Energy Saver Philips 14 Watt
Pakistan Bureau of Statistics,Monthly price,monthly,2026-09-01,1132.37,40 Kg,Sukkur,https://www.pbs.gov.pk/wp-content/uploads/2020/07/SPI-Monthly-Prices-Annex-9.xlsx,2026-10-02T17:52:32+00:00,Firewood Whole
Pakistan Bureau of Statistics,Monthly price,monthly,2026-09-01,307.28,1 Kg,Sukkur,https://www.pbs.gov.pk/wp-content/uploads/2020/07/SPI-Monthly-Prices-Annex-9.xlsx,2026-10-02T17:52:32+00:00,Garlic (Lehsun)
Pakistan Bureau of Statistics,Monthly price,monthly,2026-09-01,2566.5,MMBTU,Sukkur,https://www.pbs.gov.pk/wp-content/uploads/2020/07/SPI-Monthly-Prices-Annex-9.xlsx,2026-10-02T17:52:32+00:00,Gas Charges upto 3.3719 MMBTU
Pakistan Bureau of Statistics,Monthly price,monthly,2026-09-01,2499.0,Pair,Sukkur,https://www.pbs.gov.pk/wp-content/uploads/2020/07/SPI-Monthly-Prices-Annex-9.xlsx,2026-10-02T17:52:32+00:00,Gents Sandal Bata
Pakistan Bureau of Statistics,Monthly price,monthly,2026-09-01,699.0,Pair,Sukkur,https://www.pbs.gov.pk/wp-content/uploads/2020/07/SPI-Monthly-Prices-Annex-9.xlsx,2026-10-02T17:52:32+00:00,Gents Sponge Chappal Bata
Pakistan Bureau of Statistics,Monthly price,monthly,2026-09-01,206.46,1 mtr,Sukkur,https://www.pbs.gov.pk/wp-content/uploads/2020/07/SPI-Monthly-Prices-Annex-9.xlsx,2026-10-02T17:52:32+00:00,Georgette (Average Quality)
Pakistan Bureau of Statistics,Monthly price,monthly,2026-09-01,200.0,1 Kg,Sukkur,https://www.pbs.gov.pk/wp-content/uploads/2020/07/SPI-Monthly-Prices-Annex-9.xlsx,2026-10-02T17:52:32+00:00,Gur (Average Quality)
Pakistan Bureau of Statistics,Monthly price,monthly,2026-09-01,401.31,Per Litre,Sukkur,https://www.pbs.gov.pk/wp-content/uploads/2020/07/SPI-Monthly-Prices-Annex-9.xlsx,2026-10-02T17:52:32+00:00,Hi-Speed Diesel
Pakistan Bureau of Statistics,Monthly price,monthly,2026-09-01,4635.58,Each,Sukkur,https://www.pbs.gov.pk/wp-content/uploads/2020/07/SPI-Monthly-Prices-Annex-9.xlsx,2026-10-02T17:52:32+00:00,LPG 11.67 kg Cylinder
Pakistan Bureau of Statistics,Monthly price,monthly,2026-09-01,1499.0,Pair,Sukkur,https://www.pbs.gov.pk/wp-content/uploads/2020/07/SPI-Monthly-Prices-Annex-9.xlsx,2026-10-02T17:52:32+00:00,Ladies Sandal Bata
Pakistan Bureau of Statistics,Monthly price,monthly,2026-09-01,550.0,1 mtr,Sukkur,https://www.pbs.gov.pk/wp-content/uploads/2020/07/SPI-Monthly-Prices-Annex-9.xlsx,2026-10-02T17:52:32+00:00,Lawn Printed Gul Ahmed/Al Karam
Pakistan Bureau of Statistics,Monthly price,monthly,2026-09-01,500.0,1 mtr,Sukkur,https://www.pbs.gov.pk/wp-content/uploads/2020/07/SPI-Monthly-Prices-Annex-9.xlsx,2026-10-02T17:52:32+00:00,"Long Cloth 57"" Gul Ahmed/Al Karam"
Pakistan Bureau of Statistics,Monthly price,monthly,2026-09-01,1792.56,Daily,Sukkur,https://www.pbs.gov.pk/wp-content/uploads/2020/07/SPI-Monthly-Prices-Annex-9.xlsx,2026-10-02T17:52:32+00:00,Mason Wage Rate
Pakistan Bureau of Statistics,Monthly price,monthly,2026-09-01,6.0,Each,Sukkur,https://www.pbs.gov.pk/wp-content/uploads/2020/07/SPI-Monthly-Prices-Annex-9.xlsx,2026-10-02T17:52:32+00:00,Match Box
Pakistan Bureau of Statistics,Monthly price,monthly,2026-09-01,200.0,1 Ltr,Sukkur,https://www.pbs.gov.pk/wp-content/uploads/2020/07/SPI-Monthly-Prices-Annex-9.xlsx,2026-10-02T17:52:32+00:00,Milk fresh (Un-boiled)
Pakistan Bureau of Statistics,Monthly price,monthly,2026-09-01,479.95,1 Kg,Sukkur,https://www.pbs.gov.pk/wp-content/uploads/2020/07/SPI-Monthly-Prices-Annex-9.xlsx,2026-10-02T17:52:32+00:00,Mustard Oil (Average Quality)
Pakistan Bureau of Statistics,Monthly price,monthly,2026-09-01,2000.0,1 Kg,Sukkur,https://www.pbs.gov.pk/wp-content/uploads/2020/07/SPI-Monthly-Prices-Annex-9.xlsx,2026-10-02T17:52:32+00:00,Mutton (Average Quality)
Pakistan Bureau of Statistics,Monthly price,monthly,2026-09-01,10624.68,50 Kg,Sukkur,https://www.pbs.gov.pk/wp-content/uploads/2020/07/SPI-Monthly-Prices-Annex-9.xlsx,2026-10-02T17:52:32+00:00,Nitro. Phosphate
Pakistan Bureau of Statistics,Monthly price,monthly,2026-09-01,171.45,1 Kg,Sukkur,https://www.pbs.gov.pk/wp-content/uploads/2020/07/SPI-Monthly-Prices-Annex-9.xlsx,2026-10-02T17:52:32+00:00,Onions
Pakistan Bureau of Statistics,Monthly price,monthly,2026-09-01,4612.31,50 Kg,Sukkur,https://www.pbs.gov.pk/wp-content/uploads/2020/07/SPI-Monthly-Prices-Annex-9.xlsx,2026-10-02T17:52:32+00:00,"Other Urea (Tara, Sarsabz, Shandar etc)"
Pakistan Bureau of Statistics,Monthly price,monthly,2026-09-01,1792.56,Per Day,Sukkur,https://www.pbs.gov.pk/wp-content/uploads/2020/07/SPI-Monthly-Prices-Annex-9.xlsx,2026-10-02T17:52:32+00:00,Painter Wage Rate
Pakistan Bureau of Statistics,Monthly price,monthly,2026-09-01,375.11,Per Litre,Sukkur,https://www.pbs.gov.pk/wp-content/uploads/2020/07/SPI-Monthly-Prices-Annex-9.xlsx,2026-10-02T17:52:32+00:00,Petrol Super
Pakistan Bureau of Statistics,Monthly price,monthly,2026-09-01,1792.56,Daily,Sukkur,https://www.pbs.gov.pk/wp-content/uploads/2020/07/SPI-Monthly-Prices-Annex-9.xlsx,2026-10-02T17:52:32+00:00,Plumber Wage Rate
Pakistan Bureau of Statistics,Monthly price,monthly,2026-09-01,47.29,1 Kg,Sukkur,https://www.pbs.gov.pk/wp-content/uploads/2020/07/SPI-Monthly-Prices-Annex-9.xlsx,2026-10-02T17:52:32+00:00,Potatoes
Pakistan Bureau of Statistics,Monthly price,monthly,2026-09-01,1150.0,Each,Sukkur,https://www.pbs.gov.pk/wp-content/uploads/2020/07/SPI-Monthly-Prices-Annex-9.xlsx,2026-10-02T17:52:32+00:00,Powdered Milk NIDO 390 gm Polybag
Pakistan Bureau of Statistics,Monthly price,monthly,2026-09-01,260.0,1 Kg,Sukkur,https://www.pbs.gov.pk/wp-content/uploads/2020/07/SPI-Monthly-Prices-Annex-9.xlsx,2026-10-02T17:52:32+00:00,Pulse Gram
Pakistan Bureau of Statistics,Monthly price,monthly,2026-09-01,450.0,1 Kg,Sukkur,https://www.pbs.gov.pk/wp-content/uploads/2020/07/SPI-Monthly-Prices-Annex-9.xlsx,2026-10-02T17:52:32+00:00,Pulse Mash (Washed)
Pakistan Bureau of Statistics,Monthly price,monthly,2026-09-01,240.0,1 Kg,Sukkur,https://www.pbs.gov.pk/wp-content/uploads/2020/07/SPI-Monthly-Prices-Annex-9.xlsx,2026-10-02T17:52:32+00:00,Pulse Masoor (Washed)
Pakistan Bureau of Statistics,Monthly price,monthly,2026-09-01,400.0,1 Kg,Sukkur,https://www.pbs.gov.pk/wp-content/uploads/2020/07/SPI-Monthly-Prices-Annex-9.xlsx,2026-10-02T17:52:32+00:00,Pulse Moong (Washed)
Pakistan Bureau of Statistics,Monthly price,monthly,2026-09-01,200.0,1 Kg,Sukkur,https://www.pbs.gov.pk/wp-content/uploads/2020/07/SPI-Monthly-Prices-Annex-9.xlsx,2026-10-02T17:52:32+00:00,Rice Basmati Broken (Average Quality)
Pakistan Bureau of Statistics,Monthly price,monthly,2026-09-01,132.43,1 Kg,Sukkur,https://www.pbs.gov.pk/wp-content/uploads/2020/07/SPI-Monthly-Prices-Annex-9.xlsx,2026-10-02T17:52:32+00:00,Rice IRRI-6/9 (Sindh/Punjab)
Pakistan Bureau of Statistics,Monthly price,monthly,2026-09-01,60.0,Each,Sukkur,https://www.pbs.gov.pk/wp-content/uploads/2020/07/SPI-Monthly-Prices-Annex-9.xlsx,2026-10-02T17:52:32+00:00,Salt Powdered (NATIONAL/SHAN) 800 gm Packet
Pakistan Bureau of Statistics,Monthly price,monthly,2026-09-01,350.0,1 mtr,Sukkur,https://www.pbs.gov.pk/wp-content/uploads/2020/07/SPI-Monthly-Prices-Annex-9.xlsx,2026-10-02T17:52:32+00:00,Shirting (Average Quality)
Pakistan Bureau of Statistics,Monthly price,monthly,2026-09-01,4610.21,50 Kg,Sukkur,https://www.pbs.gov.pk/wp-content/uploads/2020/07/SPI-Monthly-Prices-Annex-9.xlsx,2026-10-02T17:52:32+00:00,Sona Urea
Pakistan Bureau of Statistics,Monthly price,monthly,2026-09-01,146.91,Each,Sukkur,https://www.pbs.gov.pk/wp-content/uploads/2020/07/SPI-Monthly-Prices-Annex-9.xlsx,2026-10-02T17:52:32+00:00,Sufi Washing Soap 250 gm Cake
Pakistan Bureau of Statistics,Monthly price,monthly,2026-09-01,135.5,1 Kg,Sukkur,https://www.pbs.gov.pk/wp-content/uploads/2020/07/SPI-Monthly-Prices-Annex-9.xlsx,2026-10-02T17:52:32+00:00,Sugar Refined
Pakistan Bureau of Statistics,Monthly price,monthly,2026-09-01,469.41,Each,Sukkur,https://www.pbs.gov.pk/wp-content/uploads/2020/07/SPI-Monthly-Prices-Annex-9.xlsx,2026-10-02T17:52:32+00:00,Tea Lipton Yellow Label 190 gm Packet
Pakistan Bureau of Statistics,Monthly price,monthly,2026-09-01,70.0,Per Cup,Sukkur,https://www.pbs.gov.pk/wp-content/uploads/2020/07/SPI-Monthly-Prices-Annex-9.xlsx,2026-10-02T17:52:32+00:00,Tea Prepared Ordinary
Pakistan Bureau of Statistics,Monthly price,monthly,2026-09-01,1.79,Per Minute,Sukkur,https://www.pbs.gov.pk/wp-content/uploads/2020/07/SPI-Monthly-Prices-Annex-9.xlsx,2026-10-02T17:52:32+00:00,Telephone Call Charges
Pakistan Bureau of Statistics,Monthly price,monthly,2026-09-01,136.0,Each,Sukkur,https://www.pbs.gov.pk/wp-content/uploads/2020/07/SPI-Monthly-Prices-Annex-9.xlsx,2026-10-02T17:52:32+00:00,Toilet Soap LIFEBUOY 115 gm
Pakistan Bureau of Statistics,Monthly price,monthly,2026-09-01,157.44,1 Kg,Sukkur,https://www.pbs.gov.pk/wp-content/uploads/2020/07/SPI-Monthly-Prices-Annex-9.xlsx,2026-10-02T17:52:32+00:00,Tomatoes
Pakistan Bureau of Statistics,Monthly price,monthly,2026-09-01,982.59,Daily,Sukkur,https://www.pbs.gov.pk/wp-content/uploads/2020/07/SPI-Monthly-Prices-Annex-9.xlsx,2026-10-02T17:52:32+00:00,Unskilled Labour Wage Rate
Pakistan Bureau of Statistics,Monthly price,monthly,2026-09-01,1580.0,Each,Sukkur,https://www.pbs.gov.pk/wp-content/uploads/2020/07/SPI-Monthly-Prices-Annex-9.xlsx,2026-10-02T17:52:32+00:00,Vegetable Ghee DALDA/HABIB 2.5 kg Tin
Pakistan Bureau of Statistics,Monthly price,monthly,2026-09-01,610.0,Each,Sukkur,https://www.pbs.gov.pk/wp-content/uploads/2020/07/SPI-Monthly-Prices-Annex-9.xlsx,2026-10-02T17:52:32+00:00,Vegetable Ghee DALDA/HABIB or Other superior Quality 1 kg Pouch
Pakistan Bureau of Statistics,Monthly price,monthly,2026-09-01,2809.95,20 Kg,Sukkur,https://www.pbs.gov.pk/wp-content/uploads/2020/07/SPI-Monthly-Prices-Annex-9.xlsx,2026-10-02T17:52:32+00:00,Wheat Flour Bag
